#include "include.h"

void Epaper_Spi_WriteByte(unsigned char TxData) {
	unsigned char TempData;
	unsigned char scnt;
	TempData = TxData;

	EPD_W21_CLK_0;
	for (scnt = 0; scnt < 8; scnt++) {
		if (TempData & 0x80)
			EPD_W21_MOSI_1;
		else
			EPD_W21_MOSI_0;
		EPD_W21_CLK_1;
		EPD_W21_CLK_0;
		TempData = TempData << 1;
	}
}

void Epaper_READBUSY(void) {
	while (1) {	 //=1 BUSY
		if (isEPD_W21_BUSY == 0)
			break;;
	}
}

void Epaper_Write_Command(unsigned char cmd) {
	EPD_W21_CS_1;
	EPD_W21_CS_0;
	EPD_W21_DC_0;  // D/C#   0:command  1:data

	Epaper_Spi_WriteByte(cmd);
	EPD_W21_CS_1;
}

void Epaper_Write_Data(unsigned char data) {
	EPD_W21_CS_1;
	EPD_W21_CS_0;
	EPD_W21_DC_1;  // D/C#   0:command  1:data

	Epaper_Spi_WriteByte(data);
	EPD_W21_CS_1;
}

//////////////////////////////////////////////////////////////////////////////////////////////////
////////////////////////4GRAY/////////////////////////////////////

void EPD_select_LUT(unsigned char *wave_data) {
	unsigned char count;
	Epaper_Write_Command(0x32);
	for (count = 0; count < 227; count++)
		Epaper_Write_Data(wave_data[count]);

}

uint8_t In2bytes_Out1byte_RAM1(uint8_t data1, uint8_t data2) {
	uint32_t i;
	uint8_t TempData1, TempData2;
	uint8_t outdata = 0x00;
	TempData1 = data1;
	TempData2 = data2;

	for (i = 0; i < 4; i++) {
		outdata = outdata << 1;
		if (((TempData1 & 0xC0) == 0xC0) || ((TempData1 & 0xC0) == 0x40))
			outdata = outdata | 0x01;
		else
			outdata = outdata | 0x00;

		TempData1 = TempData1 << 2;

	}

	for (i = 0; i < 4; i++) {
		outdata = outdata << 1;
		if ((TempData2 & 0xC0) == 0xC0 || (TempData2 & 0xC0) == 0x40)
			outdata = outdata | 0x01;
		else
			outdata = outdata | 0x00;

		TempData2 = TempData2 << 2;

	}
	return outdata;
}
uint8_t In2bytes_Out1byte_RAM2(uint8_t data1, uint8_t data2) {
	uint32_t i;
	uint8_t TempData1, TempData2;
	uint8_t outdata = 0x00;
	TempData1 = data1;
	TempData2 = data2;

	for (i = 0; i < 4; i++) {
		outdata = outdata << 1;
		if (((TempData1 & 0xC0) == 0xC0) || ((TempData1 & 0xC0) == 0x80))
			outdata = outdata | 0x01;
		else
			outdata = outdata | 0x00;

		TempData1 = TempData1 << 2;

	}

	for (i = 0; i < 4; i++) {
		outdata = outdata << 1;
		if ((TempData2 & 0xC0) == 0xC0 || (TempData2 & 0xC0) == 0x80)
			outdata = outdata | 0x01;
		else
			outdata = outdata | 0x00;

		TempData2 = TempData2 << 2;

	}
	
	return outdata;
}

void EPD_WhiteScreen_ALL_4GRAY(const unsigned char *datas) {
	unsigned int i;
	uint8_t tempOriginal;

	Epaper_Write_Command(0x24);   //write RAM for black(0)/white (1)
	for (i = 0; i < ALLSCREEN_GRAGHBYTES * 2; i += 2) {
		tempOriginal = In2bytes_Out1byte_RAM1(*(datas + i), *(datas + i + 1));
		Epaper_Write_Data(~tempOriginal);
	}

	Epaper_Write_Command(0x26);   //write RAM for black(0)/white (1)
	for (i = 0; i < ALLSCREEN_GRAGHBYTES * 2; i += 2) {
		tempOriginal = In2bytes_Out1byte_RAM2(*(datas + i), *(datas + i + 1));
		Epaper_Write_Data(~tempOriginal);
	}

	EPD_Update_4GRAY_and_DeepSleep();
}

void EPD_Update_4GRAY_and_DeepSleep(void) {
	Epaper_Write_Command(0x22);
	Epaper_Write_Data(0xC7);
	Epaper_Write_Command(0x20);
	Epaper_READBUSY();

	Epaper_Write_Command(0x10); //enter deep sleep
	Epaper_Write_Data(0x01);
	HAL_Delay(20);

}

/***************************锟睫灰阶筹拷始锟斤拷锟斤拷FPC锟斤拷锟斤拷锟斤拷锟绞撅拷锟************************************/

void EPD_HW_Init(void) {
	int XStart, XEnd, YStart_L, YStart_H, YEnd_L, YEnd_H;

	XStart = 0x00;
	XEnd = (EPD_HEIGHT / 8 - 1);

	YStart_L = (EPD_WIDTH - 1) % 256;
	YStart_H = (EPD_WIDTH - 1) / 256;
	YEnd_L = 0x00;
	YEnd_H = 0x00;

	EPD_W21_Init();							//hard reset 

	Epaper_READBUSY();
	Epaper_Write_Command(0x12); // soft reset
	Epaper_READBUSY();

	Epaper_Write_Command(0x01); //Driver output control      
	Epaper_Write_Data((EPD_WIDTH - 1) % 256);
	Epaper_Write_Data((EPD_WIDTH - 1) / 256);
	Epaper_Write_Data(0x00);

	Epaper_Write_Command(0x11); //data entry mode       
	Epaper_Write_Data(0x01);		//Y decrement, X increment

	Epaper_Write_Command(0x3C); //BorderWavefrom
	Epaper_Write_Data(0x01);

	Epaper_Write_Command(0x21); //  Display update control
	Epaper_Write_Data(0x00);
	Epaper_Write_Data(0x80);		//Available Source from S8 to S167

	Epaper_Write_Command(0x18); //Temperature Sensor Selection
	Epaper_Write_Data(0x80);	  //Internal temperature sensor

	Epaper_Write_Command(0x44); //set Ram-X address start/end position   
	Epaper_Write_Data(XStart);	//0x00-->0			
	Epaper_Write_Data(XEnd);    //0x16-->(22+1)*8=184		

	Epaper_Write_Command(0x45); //set Ram-Y address start/end position          
	Epaper_Write_Data(YStart_L);
	Epaper_Write_Data(YStart_H);
	Epaper_Write_Data(YEnd_L);		//0x017F-->(383+1)=384
	Epaper_Write_Data(YEnd_H);

	Epaper_Write_Command(0x4E);   // set RAM x address count
	Epaper_Write_Data(XStart);
	Epaper_Write_Command(0x4F);   // set RAM y address count
	Epaper_Write_Data(YStart_L);
	Epaper_Write_Data(YStart_H);
	Epaper_READBUSY();

}

void EPD_W21_Init(void) {
	EPD_W21_RST_0;
	HAL_Delay(20);
	EPD_W21_RST_1; 							//hard reset  
	HAL_Delay(20);
}

//////////////////////////////All screen update////////////////////////////////////////////
void EPD_WhiteScreen_ALL(const unsigned char *datas) {
	unsigned int i;
	Epaper_Write_Command(0x24);   //write RAM for black(0)/white (1)
	for (i = 0; i < ALLSCREEN_GRAGHBYTES; i++) {
		Epaper_Write_Data(*datas);
		datas++;
	}
	EPD_Update_and_DeepSleep();
}

/////////////////////////////////////////////////////////////////////////////////////////




///////////////////////////Part update//////////////////////////////////////////////
//The x axis is reduced by one byte, and the y axis is reduced by one pixel.

//mode==POS
//mode==NEG
//mode==OFF
//PART_HEIGHT
void EPD_Dis_Part(int h_start, int v_start, const unsigned char *datas,
		int PART_WIDTH, int PART_HEIGHT, unsigned char mode) {
	int i;
	int vend, hstart_H, hstart_L, hend, hend_H, hend_L;

	v_start = v_start / 8;
	vend = v_start + PART_HEIGHT / 8 - 1;

	h_start = 295 - h_start;
	hstart_H = h_start / 256;
	hstart_L = h_start % 256;

	hend = h_start - PART_WIDTH + 1;
	hend_H = hend / 256;
	hend_L = hend % 256;

	Epaper_Write_Command(0x44);       // set RAM x address start/end
	Epaper_Write_Data(v_start);    		// RAM x address start;
	Epaper_Write_Data(vend);    			// RAM x address end
	Epaper_Write_Command(0x45);       // set RAM y address start/end
	Epaper_Write_Data(hstart_L);    	// RAM y address start Low
	Epaper_Write_Data(hstart_H);    	// RAM y address start High
	Epaper_Write_Data(hend_L);    		// RAM y address end Low
	Epaper_Write_Data(hend_H);    		// RAM y address end High

	Epaper_Write_Command(0x4E);   		// set RAM x address count
	Epaper_Write_Data(v_start);
	Epaper_Write_Command(0x4F);   		// set RAM y address count
	Epaper_Write_Data(hstart_L);
	Epaper_Write_Data(hstart_H);
	Epaper_READBUSY();

	Epaper_Write_Command(0x24);   //Write Black and White image to RAM

	for (i = 0; i < PART_WIDTH * PART_HEIGHT / 8; i++) {
		if (mode == POS) {
			Epaper_Write_Data(*datas);
			datas++;
		}

		if (mode == NEG) {
			Epaper_Write_Data(~*datas);
			datas++;
		}

		if (mode == OFF) {
			Epaper_Write_Data(0xFF);
		}

	}
}

/////////////////////////////////Single display////////////////////////////////////////////////


#ifdef black_white
void EPD_WhiteScreen_White(void) {
	unsigned int k;
	Epaper_Write_Command(0x24);   //write RAM for black(0)/white (1)
	for (k = 0; k < ALLSCREEN_GRAGHBYTES; k++) {
		Epaper_Write_Data(0xff);
	}

	Epaper_Write_Command(0x26);   //write RAM for black(0)/white (1)
	for (k = 0; k < ALLSCREEN_GRAGHBYTES; k++) {
		Epaper_Write_Data(0xff);
	}
	EPD_Update_and_DeepSleep();
}

void EPD_Update_and_DeepSleep(void) {
	Epaper_Write_Command(0x22);
	Epaper_Write_Data(0xF7);
	Epaper_Write_Command(0x20);
	Epaper_READBUSY();

	Epaper_Write_Command(0x10); //enter deep sleep
	Epaper_Write_Data(0x01);
	HAL_Delay(20);
}

void EPD_Part_Update_and_DeepSleep(void) {
	Epaper_Write_Command(0x22);
	Epaper_Write_Data(0xFF);
	Epaper_Write_Command(0x20);
	Epaper_READBUSY();

	Epaper_Write_Command(0x10); //enter deep sleep
	Epaper_Write_Data(0x01);
	HAL_Delay(20);
}

void EPD_SetRAMValue_BaseMap(const unsigned char *datas) {
	unsigned int i;
	const unsigned char *datas_flag;
	datas_flag = datas;
	Epaper_Write_Command(0x24);   //Write Black and White image to RAM
	for (i = 0; i < ALLSCREEN_GRAGHBYTES; i++) {
		Epaper_Write_Data(*datas);
		datas++;
	}
	datas = datas_flag;
	Epaper_Write_Command(0x26);   //Write Black and White image to RAM
	for (i = 0; i < ALLSCREEN_GRAGHBYTES; i++) {
		Epaper_Write_Data(*datas);
		datas++;
	}
	EPD_Update_and_DeepSleep();

}
#endif


#ifdef black_white_red
void EPD_WhiteScreen_Red(void)

{
   int i;
    Epaper_Write_Command(0x24);   //write RAM for black(0)/white (1)
	for(i=0;i<ALLSCREEN_GRAGHBYTES;i++)
  {
			Epaper_Write_Data(0xff);
  }

    Epaper_Write_Command(0x26);   //write RAM for red(1)/white (0)
	for(i=0;i<ALLSCREEN_GRAGHBYTES;i++)
  {
			Epaper_Write_Data(0xff);
  }

	EPD_Update_and_DeepSleep();
}
void EPD_WhiteScreen_Black(void)

{
   int i;
    Epaper_Write_Command(0x24);   //write RAM for black(0)/white (1)
	for(i=0;i<ALLSCREEN_GRAGHBYTES;i++)
  {
			Epaper_Write_Data(0x00);
  }

    Epaper_Write_Command(0x26);   //write RAM for red(1)/white (0)
	for(i=0;i<ALLSCREEN_GRAGHBYTES;i++)
  {
			Epaper_Write_Data(0x00);
  }

		EPD_Update_and_DeepSleep();
}
void EPD_WhiteScreen_White(void)
{
   int i;
    Epaper_Write_Command(0x24);   //write RAM for black(0)/white (1)
	for(i=0;i<ALLSCREEN_GRAGHBYTES;i++)
  {
			Epaper_Write_Data(0xff);
  }

    Epaper_Write_Command(0x26);   //write RAM for red(1)/white (0)
	for(i=0;i<ALLSCREEN_GRAGHBYTES;i++)
  {
			Epaper_Write_Data(0x00);
  }

	   EPD_Update_and_DeepSleep();

}
void EPD_Update_and_DeepSleep(void)
{
  Epaper_Write_Command(0x1A);
  Epaper_Write_Data(0x19);
  Epaper_Write_Command(0x22);
  Epaper_Write_Data(0xD7);
  Epaper_Write_Command(0x20);
  Epaper_READBUSY();

  Epaper_Write_Command(0x10); //enter deep sleep
  Epaper_Write_Data(0x01);
  HAL_Delay(20);
}

void EPD_Part_Update_and_DeepSleep(void)
{
	Epaper_Write_Command(0x22);
	Epaper_Write_Data(0xFF);
	Epaper_Write_Command(0x20);
	Epaper_READBUSY();

  Epaper_Write_Command(0x10); //enter deep sleep
  Epaper_Write_Data(0x01);
  HAL_Delay(10);
}

void EPD_ALL_image(const unsigned char *datas_BW,const unsigned char *datas_RW)
{
   int i;
    Epaper_Write_Command(0x24);   //write RAM for black(0)/white (1)
   for(i=0;i<ALLSCREEN_GRAGHBYTES;i++)
   {
     Epaper_Write_Data(*datas_BW);
			datas_BW++;
   }

    Epaper_Write_Command(0x26);   //write RAM for white(0)/red (1)
   for(i=0;i<ALLSCREEN_GRAGHBYTES;i++)
   {
     Epaper_Write_Data(*datas_RW);
			datas_RW++;
   }

   EPD_Update_and_DeepSleep();
}

void EPD_SetRAMValue_BaseMap(const unsigned char *datas_BW,const unsigned char *datas_RED)
{
   int i;
	const unsigned char  *datas_flag;
	datas_flag=datas_BW;

    Epaper_Write_Command(0x24);   //write RAM for black(0)/white (1)
   for(i=0;i<ALLSCREEN_GRAGHBYTES;i++)
   {
     Epaper_Write_Data(*datas_BW);
			datas_BW++;
   }

    Epaper_Write_Command(0x26);   //write RAM for white(0)/red (1)
   for(i=0;i<ALLSCREEN_GRAGHBYTES;i++)
   {
     Epaper_Write_Data(*datas_RED);
			datas_RED++;
   }

   EPD_Update_BaseMap();

	 	datas_BW=datas_flag;
    Epaper_Write_Command(0x26);   //write RAM for black(0)/white (1)
   for(i=0;i<ALLSCREEN_GRAGHBYTES;i++)
   {
     Epaper_Write_Data(*datas_BW);
			datas_BW++;
   }
}

//v和PART_Height 必须是8的整数倍。
void EPD_multiple_Part(int h_start,int v_start,const unsigned char * digit_1,const unsigned char * digit_2,const unsigned char * digit_3,const unsigned char * digit_4)
{

	int i;
	int vstart,vend,hstart_1,hstart_H1,hstart_L1,hend_1,hend_H1,hend_L1;
	int hstart_2,hstart_H2,hstart_L2,hend_2,hend_H2,hend_L2;
	int hstart_3,hstart_H3,hstart_L3,hend_3,hend_H3,hend_L3;
	int hstart_4,hstart_H4,hstart_L4,hend_4,hend_H4,hend_L4;

//第一位数字显示区域和内存区域设置
	vstart=v_start/8;						//转换成字节
	vend=vstart+H_digit/8-1;

	hstart_1=295-h_start;
		hstart_H1=hstart_1/256;
		hstart_L1=hstart_1%256;

	hend_1=hstart_1-W_digit+1;
		hend_H1=hend_1/256;
		hend_L1=hend_1%256;

//第二位数字显示区域和内存区域设置
	hstart_2=hend_1-1;
		hstart_H2=hstart_2/256;
		hstart_L2=hstart_2%256;

	hend_2=hstart_2-W_digit+1;
		hend_H2=hend_2/256;
		hend_L2=hend_2%256;

//第三位数字显示区域和内存区域设置
	hstart_3=hend_2-W_dot-1;
		hstart_H3=hstart_3/256;
		hstart_L3=hstart_3%256;

	hend_3=hstart_3-W_digit+1;
		hend_H2=hend_3/256;
		hend_L2=hend_3%256;

//第四位数字显示区域和内存区域设置
	hstart_4=hend_3-1;
		hstart_H4=hstart_4/256;
		hstart_L4=hstart_4%256;

	hend_4=hstart_4-W_digit+1;
		hend_H4=hend_4/256;
		hend_L4=hend_4%256;

//第一位数字
	Epaper_Write_Command(0x44);       // set RAM x address start/end
	Epaper_Write_Data(vstart);    		// RAM x address start;
	Epaper_Write_Data(vend);    			// RAM x address end
	Epaper_Write_Command(0x45);       // set RAM y address start/end
	Epaper_Write_Data(hstart_L1);    	// RAM y address start Low
	Epaper_Write_Data(hstart_H1);    	// RAM y address start High
	Epaper_Write_Data(hend_L1);    		// RAM y address end Low
	Epaper_Write_Data(hend_H1);    		// RAM y address end High


	Epaper_Write_Command(0x4E);   		// set RAM x address count
	Epaper_Write_Data(vstart);
	Epaper_Write_Command(0x4F);   		// set RAM y address count
	Epaper_Write_Data(hstart_L1);
	Epaper_Write_Data(hstart_H1);
	Epaper_READBUSY();

	 Epaper_Write_Command(0x24);   //Write Black and White image to RAM

		for(i=0;i<W_digit*H_digit/8;i++)
			{
				Epaper_Write_Data(*digit_1);
				digit_1++;
			}

}

void EPD_Update_BaseMap(void)
{
  Epaper_Write_Command(0x1A);
  Epaper_Write_Data(0x19);
  Epaper_Write_Command(0x22);
  Epaper_Write_Data(0xD7);
  Epaper_Write_Command(0x20);
  Epaper_READBUSY();
}

#endif

/**
 * @brief   [EPD字符显示函数]
 *
 * @param
 *  		h_start：x坐标
 *  		v_start：y坐标
 *  		ascii：输入的字符
 *  		size：选择字模大小 16、32
 *  		mode：显示模式 NEG、POS、OFF
 */
void EPD_Dis_ascii(int h_start, int v_start, char ascii, int size,
		unsigned char mode) {
	unsigned char font_out[32];
	if (ascii < 0x21 && ascii > 0x7F) {
		return;
	}
	switch (size) {
	case 32:
		break;
	default:
		break;
	}
	EPD_run_length_decode(ascii_16_short, font_out, ascii, 16);
	for (int i = 0; i < 32; i++) {
		printf("0x%02x, ", font_out[i]);
	}
	printf("\n\n");
}

/**
 * @brief   [EPD字符显示函数]
 *
 * @param
 *  		h_start：x坐标
 *  		v_start：y坐标
 *  		ascii：输入的字符
 *  		size：选择字模大小 16、32
 *  		mode：显示模式 NEG、POS、OFF
 */
void EPD_Dis_ascii_short(int h_start, int v_start, char ascii, int size,
		unsigned char mode) {
	if (ascii < 0x21 && ascii > 0x7F) {
		return;
	}
	switch (size) {
	case 16:
		unsigned char font_out_16[32];
		EPD_run_length_decode(ascii_16_short, font_out_16, ascii, 16);
		EPD_Dis_Part(h_start, v_start, font_out_16, 16, 16, mode);
		break;
	case 32:
		unsigned char font_out_32[128];
		EPD_run_length_decode(ascii_32_short, font_out_32, ascii, 32);
		EPD_Dis_Part(h_start, v_start, font_out_32, 32, 32, mode);
		break;
	default:
		break;
	}
}

/**
 * @brief   [EPD字符串显示函数]
 *
 * @param
 *  		h_start：x坐标
 *  		v_start：y坐标
 *  		string：输入的字符串
 *  		size：选择字模大小 16、32
 *  		mode：显示模式 NEG、POS、OFF
 */
void EPD_Dis_string(int h_start, int v_start, const char *str, int size,
		unsigned char mode) {
	int pianyi_r = 5;
	for (int i = 0; str[i] != '\0'; i++) {
		EPD_Dis_ascii_short(h_start + (size - size / 16 * pianyi_r) * i,
				v_start, str[i], size, mode);
	}
}

/**
 * @brief   [EPD电量显示函数]
 *
 * @param
 * 			h_start：x方向位置
 * 			v_start：y方向位置
 * 			power：电量值 0-4
 */
void EPD_Dis_power(int h_start, int v_start, int power) 
{
	EPD_Dis_Part(h_start, v_start, gImage_square+177*(4-power), 59, 24, NEG);
}

/**
 * @brief   [run_length字模解码函数]
 *
 * @param
 * 			ascii：字模数组指针
 * 			font_out：存储单字的数组指针
 * 			charr：指定要显示的字符
 * 			size：字体大小，16 or 32
 *
 */
void EPD_run_length_decode(const unsigned char *ascii, unsigned char *font_out,
		char charr, int size) {
	int char_num = size * size / 8;
	int start_slid = (charr - 0x21) * char_num;
	int slid_count = 0;
	int output_index = 0; 									// font_out数组的当前写入索引
	int i = 0; 												// ascii数组的当前读取索引

	while (slid_count < start_slid) {
		unsigned char count_or_value = ascii[i++];
		if (count_or_value == 0x00) {
			// 如果遇到0x00，读取下一个字节作为重复次数
			slid_count += ascii[i++];
		} else {
			// 如果不是0x00，直接将该值写入font_out
			slid_count += 1;
		}
	}
	while (output_index < char_num) {
		unsigned char count_or_value = ascii[i++];
		if (count_or_value == 0x00) {
			// 如果遇到0x00，读取下一个字节作为重复次数
			unsigned char repeat_count = ascii[i++];
			unsigned char fill_value = 0x00; 					// 填充值为0x00

			// 重复填充值repeat_count次到font_out中
			for (int j = 0; j < repeat_count && output_index < char_num; j++) {
				font_out[output_index++] = fill_value; 
			}
		} else {
			// 如果不是0x00，直接将该值写入font_out
			font_out[output_index++] = count_or_value;
		}
	}
}



const unsigned char ascii_16_short[1933] = { 0x00, 0x0e, 0x3f, 0xe8, 0x3f, 0xe8,
		0x00, 0x0e, 0x00, 0x0c, 0x3c, 0x00, 0x01, 0x3c, 0x00, 0x01, 0x3c, 0x00,
		0x01, 0x3c, 0x00, 0x0d, 0x00, 0x06, 0x02, 0x40, 0x02, 0x78, 0x07, 0xf8,
		0x3f, 0xc0, 0x3a, 0x78, 0x07, 0xf8, 0x3f, 0xc0, 0x3a, 0x40, 0x02, 0x40,
		0x00, 0x08, 0x00, 0x08, 0x1c, 0x30, 0x3e, 0x38, 0x7f, 0xfc, 0x7f, 0xfc,
		0x21, 0x88, 0x38, 0xf8, 0x18, 0x70, 0x00, 0x0a, 0x00, 0x02, 0x1e, 0x00,
		0x01, 0x3f, 0x00, 0x01, 0x21, 0x18, 0x3f, 0x38, 0x1e, 0x60, 0x01, 0xc0,
		0x03, 0x80, 0x06, 0x00, 0x01, 0x1c, 0xf0, 0x39, 0xf8, 0x21, 0x08, 0x01,
		0xf8, 0x00, 0x01, 0xf0, 0x00, 0x04, 0x00, 0x05, 0x70, 0x00, 0x01, 0xf8,
		0x1d, 0x98, 0x3f, 0x08, 0x23, 0x88, 0x27, 0xf8, 0x3c, 0x70, 0x1e, 0xf8,
		0x03, 0xc8, 0x03, 0x08, 0x02, 0x18, 0x00, 0x01, 0x10, 0x00, 0x04, 0x00,
		0x0e, 0x3c, 0x00, 0x01, 0x3c, 0x00, 0x0f, 0x00, 0x0a, 0x03, 0xf0, 0x0f,
		0xfc, 0x1c, 0x0c, 0x30, 0x00, 0x01, 0x20, 0x00, 0x0d, 0x00, 0x0a, 0x20,
		0x00, 0x01, 0x30, 0x00, 0x01, 0x1c, 0x0c, 0x0f, 0xfc, 0x03, 0xf0, 0x00,
		0x0c, 0x00, 0x08, 0x12, 0x00, 0x01, 0x12, 0x00, 0x01, 0x1e, 0x00, 0x01,
		0x3f, 0x00, 0x01, 0x3f, 0x00, 0x01, 0x1e, 0x00, 0x01, 0x12, 0x00, 0x01,
		0x12, 0x00, 0x09, 0x00, 0x06, 0x01, 0x00, 0x01, 0x01, 0x00, 0x01, 0x01,
		0x00, 0x01, 0x01, 0x00, 0x01, 0x1f, 0xf0, 0x1f, 0xf0, 0x01, 0x00, 0x01,
		0x01, 0x00, 0x01, 0x01, 0x00, 0x01, 0x01, 0x00, 0x07, 0x00, 0x0d, 0x08,
		0x00, 0x01, 0x0c, 0x00, 0x01, 0x0c, 0x00, 0x0e, 0x00, 0x0b, 0x40, 0x00,
		0x01, 0x40, 0x00, 0x01, 0x40, 0x00, 0x01, 0x40, 0x00, 0x01, 0x40, 0x00,
		0x0c, 0x00, 0x0f, 0x08, 0x00, 0x01, 0x08, 0x00, 0x0e, 0x00, 0x0b, 0x18,
		0x01, 0xf8, 0x0f, 0xe0, 0x3e, 0x00, 0x01, 0x30, 0x00, 0x0d, 0x00, 0x08,
		0x0f, 0xe0, 0x1f, 0xf0, 0x30, 0x18, 0x20, 0x08, 0x30, 0x18, 0x1f, 0xf0,
		0x0f, 0xe0, 0x00, 0x0a, 0x00, 0x0a, 0x10, 0x00, 0x01, 0x10, 0x08, 0x3f,
		0xf8, 0x3f, 0xf8, 0x00, 0x01, 0x08, 0x00, 0x0c, 0x00, 0x08, 0x18, 0x18,
		0x38, 0x38, 0x20, 0x68, 0x20, 0xc8, 0x31, 0x88, 0x1f, 0x18, 0x0e, 0x18,
		0x00, 0x0a, 0x00, 0x08, 0x10, 0x08, 0x30, 0x08, 0x21, 0x08, 0x23, 0x08,
		0x27, 0x18, 0x3d, 0xf0, 0x18, 0xe0, 0x00, 0x0a, 0x00, 0x09, 0xc0, 0x01,
		0xc0, 0x03, 0x40, 0x0e, 0x40, 0x1c, 0x40, 0x3f, 0xf8, 0x3f, 0xf8, 0x00,
		0x01, 0x40, 0x00, 0x08, 0x00, 0x08, 0x04, 0x08, 0x1c, 0x08, 0x3c, 0x08,
		0x24, 0x08, 0x26, 0x18, 0x23, 0xf0, 0x21, 0xe0, 0x00, 0x0a, 0x00, 0x08,
		0x03, 0xe0, 0x0f, 0xf0, 0x1f, 0x18, 0x32, 0x08, 0x23, 0x18, 0x21, 0xf0,
		0x20, 0xe0, 0x00, 0x0a, 0x00, 0x08, 0x10, 0x00, 0x01, 0x30, 0x00, 0x01,
		0x20, 0x00, 0x01, 0x20, 0x18, 0x20, 0xf8, 0x27, 0xe0, 0x3f, 0x00, 0x01,
		0x38, 0x00, 0x09, 0x00, 0x08, 0x1c, 0x70, 0x3e, 0xf8, 0x23, 0x88, 0x21,
		0x08, 0x23, 0x88, 0x3e, 0xf8, 0x1c, 0x70, 0x00, 0x0a, 0x00, 0x08, 0x0e,
		0x08, 0x3f, 0x08, 0x31, 0x98, 0x20, 0x90, 0x31, 0xf0, 0x1f, 0xe0, 0x0f,
		0x80, 0x00, 0x0a, 0x00, 0x0e, 0x02, 0x08, 0x02, 0x08, 0x00, 0x0e, 0x00,
		0x0c, 0x02, 0x08, 0x02, 0x0c, 0x00, 0x01, 0x0c, 0x00, 0x0e, 0x00, 0x08,
		0x01, 0x00, 0x01, 0x03, 0x80, 0x02, 0x80, 0x06, 0xc0, 0x04, 0x40, 0x04,
		0x40, 0x0c, 0x60, 0x08, 0x20, 0x00, 0x08, 0x00, 0x06, 0x02, 0x40, 0x02,
		0x40, 0x02, 0x40, 0x02, 0x40, 0x02, 0x40, 0x02, 0x40, 0x02, 0x40, 0x02,
		0x40, 0x02, 0x40, 0x02, 0x40, 0x00, 0x06, 0x00, 0x08, 0x08, 0x20, 0x0c,
		0x60, 0x04, 0x40, 0x04, 0x40, 0x06, 0xc0, 0x02, 0x80, 0x03, 0x80, 0x01,
		0x00, 0x09, 0x00, 0x0a, 0x18, 0x00, 0x01, 0x38, 0x00, 0x01, 0x20, 0xe8,
		0x23, 0xe8, 0x3f, 0x00, 0x01, 0x1c, 0x00, 0x0b, 0x01, 0xf8, 0x07, 0xfc,
		0x0e, 0x06, 0x18, 0x7b, 0x11, 0xf9, 0x33, 0x89, 0x26, 0x19, 0x24, 0x79,
		0x27, 0xf9, 0x27, 0xc9, 0x36, 0x19, 0x18, 0x33, 0x0f, 0xf6, 0x07, 0xcc,
		0x00, 0x01, 0x08, 0x00, 0x02, 0x00, 0x05, 0x08, 0x00, 0x01, 0x08, 0x00,
		0x01, 0x38, 0x01, 0xf8, 0x0f, 0xc8, 0x3e, 0x40, 0x3e, 0x40, 0x0f, 0xc8,
		0x01, 0xf8, 0x00, 0x01, 0x38, 0x00, 0x01, 0x08, 0x00, 0x01, 0x08, 0x00,
		0x04, 0x00, 0x06, 0x20, 0x08, 0x20, 0x08, 0x3f, 0xf8, 0x3f, 0xf8, 0x21,
		0x08, 0x21, 0x08, 0x33, 0x08, 0x1f, 0x98, 0x0c, 0xf0, 0x00, 0x01, 0x60,
		0x00, 0x06, 0x00, 0x06, 0x07, 0xc0, 0x0f, 0xe0, 0x18, 0x30, 0x30, 0x18,
		0x20, 0x08, 0x20, 0x08, 0x20, 0x08, 0x30, 0x18, 0x3c, 0x30, 0x3c, 0x20,
		0x00, 0x06, 0x00, 0x04, 0x20, 0x08, 0x20, 0x08, 0x3f, 0xf8, 0x3f, 0xf8,
		0x20, 0x08, 0x20, 0x08, 0x20, 0x08, 0x30, 0x18, 0x18, 0x30, 0x0f, 0xe0,
		0x07, 0xc0, 0x00, 0x06, 0x00, 0x06, 0x20, 0x08, 0x20, 0x08, 0x3f, 0xf8,
		0x3f, 0xf8, 0x21, 0x08, 0x21, 0x08, 0x23, 0x88, 0x33, 0x98, 0x30, 0x38,
		0x00, 0x01, 0x20, 0x00, 0x06, 0x00, 0x06, 0x20, 0x08, 0x20, 0x08, 0x3f,
		0xf8, 0x3f, 0xf8, 0x21, 0x08, 0x21, 0x08, 0x23, 0x80, 0x33, 0x80, 0x30,
		0x00, 0x09, 0x00, 0x04, 0x07, 0xc0, 0x0f, 0xe0, 0x18, 0x30, 0x30, 0x18,
		0x20, 0x08, 0x20, 0x08, 0x21, 0x08, 0x31, 0x08, 0x39, 0xf8, 0x39, 0xf0,
		0x01, 0x00, 0x07, 0x00, 0x04, 0x20, 0x08, 0x20, 0x08, 0x3f, 0xf8, 0x3f,
		0xf8, 0x21, 0x08, 0x21, 0x08, 0x21, 0x08, 0x21, 0x08, 0x3f, 0xf8, 0x3f,
		0xf8, 0x20, 0x08, 0x20, 0x08, 0x00, 0x04, 0x00, 0x0a, 0x20, 0x08, 0x20,
		0x08, 0x3f, 0xf8, 0x3f, 0xf8, 0x20, 0x08, 0x20, 0x08, 0x00, 0x0a, 0x00,
		0x09, 0x18, 0x20, 0x18, 0x20, 0x08, 0x3f, 0xf8, 0x3f, 0xf0, 0x20, 0x00,
		0x01, 0x20, 0x00, 0x0b, 0x00, 0x04, 0x20, 0x08, 0x20, 0x08, 0x3f, 0xf8,
		0x3f, 0xf8, 0x21, 0x08, 0x23, 0x88, 0x26, 0xc0, 0x2c, 0x68, 0x38, 0x38,
		0x30, 0x18, 0x20, 0x08, 0x00, 0x01, 0x08, 0x00, 0x04, 0x00, 0x06, 0x20,
		0x08, 0x20, 0x08, 0x3f, 0xf8, 0x3f, 0xf8, 0x20, 0x08, 0x20, 0x08, 0x00,
		0x01, 0x08, 0x00, 0x01, 0x18, 0x00, 0x01, 0x38, 0x00, 0x01, 0x20, 0x00,
		0x06, 0x20, 0x08, 0x20, 0x08, 0x3f, 0xf8, 0x3f, 0xf8, 0x1e, 0x08, 0x07,
		0xc8, 0x01, 0xe0, 0x00, 0x01, 0x38, 0x00, 0x01, 0xf8, 0x07, 0xc8, 0x1f,
		0x08, 0x3f, 0xf8, 0x3f, 0xf8, 0x20, 0x08, 0x20, 0x08, 0x00, 0x02, 0x00,
		0x02, 0x20, 0x08, 0x20, 0x08, 0x3f, 0xf8, 0x3f, 0xf8, 0x0c, 0x08, 0x06,
		0x08, 0x03, 0x80, 0x21, 0xc0, 0x20, 0x60, 0x3f, 0xf8, 0x3f, 0xf8, 0x20,
		0x00, 0x01, 0x20, 0x00, 0x05, 0x00, 0x04, 0x07, 0xc0, 0x0f, 0xe0, 0x18,
		0x30, 0x30, 0x18, 0x20, 0x08, 0x20, 0x08, 0x20, 0x08, 0x30, 0x18, 0x18,
		0x30, 0x0f, 0xe0, 0x07, 0xc0, 0x00, 0x06, 0x00, 0x06, 0x20, 0x08, 0x20,
		0x08, 0x3f, 0xf8, 0x3f, 0xf8, 0x20, 0x88, 0x20, 0x88, 0x31, 0x80, 0x1f,
		0x00, 0x01, 0x0e, 0x00, 0x09, 0x00, 0x04, 0x07, 0xc0, 0x0f, 0xe0, 0x18,
		0x30, 0x30, 0x18, 0x20, 0x08, 0x20, 0x0c, 0x20, 0x0c, 0x30, 0x18, 0x18,
		0x30, 0x0f, 0xe0, 0x07, 0xc0, 0x00, 0x06, 0x00, 0x04, 0x20, 0x08, 0x20,
		0x08, 0x3f, 0xf8, 0x3f, 0xf8, 0x21, 0x08, 0x21, 0x88, 0x33, 0xe0, 0x1e,
		0x70, 0x0c, 0x18, 0x00, 0x01, 0x08, 0x00, 0x01, 0x08, 0x00, 0x06, 0x00,
		0x08, 0x0c, 0x38, 0x1e, 0x38, 0x32, 0x18, 0x23, 0x08, 0x21, 0x08, 0x31,
		0x98, 0x38, 0xf0, 0x38, 0x60, 0x00, 0x08, 0x00, 0x06, 0x38, 0x00, 0x01,
		0x38, 0x00, 0x01, 0x20, 0x08, 0x20, 0x08, 0x3f, 0xf8, 0x3f, 0xf8, 0x20,
		0x08, 0x20, 0x08, 0x38, 0x00, 0x01, 0x38, 0x00, 0x07, 0x00, 0x04, 0x20,
		0x00, 0x01, 0x20, 0x00, 0x01, 0x3f, 0xe0, 0x3f, 0xf0, 0x20, 0x18, 0x20,
		0x08, 0x20, 0x08, 0x20, 0x18, 0x3f, 0xf0, 0x3f, 0xe0, 0x20, 0x00, 0x01,
		0x20, 0x00, 0x05, 0x00, 0x04, 0x20, 0x00, 0x01, 0x20, 0x00, 0x01, 0x3c,
		0x00, 0x01, 0x3f, 0x80, 0x23, 0xf0, 0x00, 0x01, 0x78, 0x00, 0x01, 0x78,
		0x23, 0xf0, 0x3f, 0x80, 0x3c, 0x00, 0x01, 0x20, 0x00, 0x01, 0x20, 0x00,
		0x05, 0x20, 0x00, 0x01, 0x20, 0x00, 0x01, 0x38, 0x00, 0x01, 0x3f, 0x00,
		0x01, 0x27, 0xe0, 0x20, 0xf8, 0x20, 0xf8, 0x3d, 0xe0, 0x3f, 0x80, 0x23,
		0xe0, 0x00, 0x01, 0x78, 0x23, 0xf8, 0x3f, 0xe0, 0x3c, 0x00, 0x01, 0x20,
		0x00, 0x01, 0x20, 0x00, 0x01, 0x00, 0x04, 0x20, 0x08, 0x20, 0x08, 0x30,
		0x18, 0x38, 0x38, 0x2e, 0xe8, 0x27, 0xc0, 0x07, 0xc0, 0x2e, 0xe8, 0x38,
		0x38, 0x30, 0x18, 0x20, 0x08, 0x20, 0x08, 0x00, 0x04, 0x00, 0x04, 0x20,
		0x00, 0x01, 0x20, 0x00, 0x01, 0x38, 0x08, 0x3e, 0x08, 0x27, 0xf8, 0x03,
		0xf8, 0x2e, 0x08, 0x3c, 0x08, 0x30, 0x00, 0x01, 0x20, 0x00, 0x01, 0x20,
		0x00, 0x07, 0x00, 0x07, 0x08, 0x38, 0x38, 0x38, 0x78, 0x20, 0xc8, 0x23,
		0x88, 0x27, 0x08, 0x3c, 0x08, 0x38, 0x18, 0x20, 0x38, 0x00, 0x01, 0x20,
		0x00, 0x06, 0x00, 0x0c, 0x3f, 0xfc, 0x3f, 0xfc, 0x20, 0x00, 0x01, 0x20,
		0x00, 0x0d, 0x00, 0x0a, 0x30, 0x00, 0x01, 0x3f, 0x00, 0x01, 0x0f, 0xe0,
		0x00, 0x01, 0xf8, 0x00, 0x01, 0x18, 0x00, 0x0c, 0x00, 0x0c, 0x20, 0x00,
		0x01, 0x20, 0x00, 0x01, 0x3f, 0xfc, 0x3f, 0xfc, 0x00, 0x0c, 0x00, 0x06,
		0x01, 0x00, 0x01, 0x07, 0x00, 0x01, 0x1e, 0x00, 0x01, 0x38, 0x00, 0x01,
		0x20, 0x00, 0x01, 0x38, 0x00, 0x01, 0x1e, 0x00, 0x01, 0x07, 0x00, 0x01,
		0x01, 0x00, 0x09, 0x00, 0x20, 0x00, 0x0c, 0x20, 0x00, 0x01, 0x38, 0x00,
		0x01, 0x18, 0x00, 0x0f, 0x00, 0x08, 0x01, 0x38, 0x03, 0x78, 0x02, 0x48,
		0x02, 0xd8, 0x03, 0xf8, 0x01, 0xf8, 0x00, 0x01, 0x08, 0x00, 0x0a, 0x00,
		0x08, 0x10, 0x00, 0x01, 0x3f, 0xf0, 0x3f, 0xf8, 0x03, 0x08, 0x02, 0x08,
		0x03, 0x18, 0x01, 0xf0, 0x00, 0x01, 0xe0, 0x00, 0x08, 0x00, 0x0a, 0x01,
		0xf0, 0x03, 0xf8, 0x02, 0x08, 0x02, 0x08, 0x03, 0x18, 0x01, 0x10, 0x00,
		0x0a, 0x00, 0x09, 0xe0, 0x01, 0xf0, 0x03, 0x18, 0x02, 0x08, 0x13, 0x18,
		0x3f, 0xf8, 0x3f, 0xf8, 0x00, 0x01, 0x10, 0x00, 0x08, 0x00, 0x0a, 0x01,
		0xf0, 0x03, 0xf8, 0x02, 0x88, 0x02, 0x88, 0x03, 0x98, 0x01, 0x90, 0x00,
		0x0a, 0x00, 0x08, 0x02, 0x08, 0x1f, 0xf8, 0x3f, 0xf8, 0x22, 0x08, 0x22,
		0x08, 0x30, 0x00, 0x01, 0x10, 0x00, 0x0b, 0x00, 0x09, 0x06, 0x01, 0xdf,
		0x03, 0xf9, 0x02, 0x29, 0x02, 0x29, 0x03, 0xe9, 0x03, 0xcf, 0x02, 0x06,
		0x00, 0x08, 0x00, 0x08, 0x10, 0x08, 0x3f, 0xf8, 0x3f, 0xf8, 0x03, 0x08,
		0x02, 0x08, 0x03, 0xf8, 0x01, 0xf8, 0x00, 0x01, 0x08, 0x00, 0x08, 0x00,
		0x0c, 0x01, 0x08, 0x23, 0xf8, 0x23, 0xf8, 0x00, 0x01, 0x08, 0x00, 0x0c,
		0x00, 0x0e, 0x01, 0x00, 0x01, 0x23, 0xfc, 0x23, 0xfc, 0x00, 0x0c, 0x00,
		0x06, 0x10, 0x08, 0x3f, 0xf8, 0x3f, 0xf8, 0x00, 0x01, 0xc8, 0x03, 0xf0,
		0x03, 0x38, 0x02, 0x08, 0x02, 0x08, 0x00, 0x01, 0x08, 0x00, 0x08, 0x00,
		0x0c, 0x10, 0x08, 0x3f, 0xf8, 0x3f, 0xf8, 0x00, 0x01, 0x08, 0x00, 0x0c,
		0x00, 0x04, 0x01, 0x08, 0x03, 0xf8, 0x03, 0xf8, 0x03, 0x08, 0x02, 0x08,
		0x03, 0xf8, 0x01, 0xf8, 0x03, 0x08, 0x02, 0x08, 0x03, 0xf8, 0x01, 0xf8,
		0x00, 0x01, 0x08, 0x00, 0x04, 0x00, 0x08, 0x01, 0x08, 0x03, 0xf8, 0x03,
		0xf8, 0x03, 0x08, 0x02, 0x08, 0x03, 0xf8, 0x01, 0xf8, 0x00, 0x01, 0x08,
		0x00, 0x08, 0x00, 0x09, 0xe0, 0x01, 0xf0, 0x03, 0x18, 0x02, 0x08, 0x03,
		0x18, 0x01, 0xf0, 0x00, 0x01, 0xe0, 0x00, 0x0a, 0x00, 0x08, 0x01, 0x00,
		0x01, 0x03, 0xff, 0x03, 0xff, 0x03, 0x18, 0x02, 0x08, 0x03, 0x18, 0x01,
		0xf0, 0x00, 0x01, 0xe0, 0x00, 0x08, 0x00, 0x09, 0xf0, 0x01, 0xf8, 0x03,
		0x08, 0x02, 0x08, 0x03, 0x18, 0x03, 0xff, 0x03, 0xff, 0x00, 0x0a, 0x00,
		0x0a, 0x01, 0x08, 0x03, 0xf8, 0x03, 0xf8, 0x03, 0x08, 0x02, 0x00, 0x01,
		0x02, 0x00, 0x0b, 0x00, 0x0a, 0x01, 0x98, 0x03, 0xd8, 0x02, 0x48, 0x03,
		0x78, 0x03, 0x30, 0x00, 0x0c, 0x00, 0x0a, 0x02, 0x00, 0x01, 0x0f, 0xf8,
		0x0f, 0xf8, 0x02, 0x18, 0x02, 0x10, 0x00, 0x0c, 0x00, 0x08, 0x02, 0x00,
		0x01, 0x03, 0xf0, 0x03, 0xf8, 0x00, 0x01, 0x08, 0x02, 0x18, 0x03, 0xf8,
		0x03, 0xf8, 0x00, 0x01, 0x10, 0x00, 0x08, 0x00, 0x08, 0x02, 0x00, 0x01,
		0x03, 0x80, 0x03, 0xf0, 0x02, 0x78, 0x02, 0x78, 0x03, 0xf0, 0x03, 0x80,
		0x02, 0x00, 0x09, 0x00, 0x04, 0x02, 0x00, 0x01, 0x03, 0x80, 0x03, 0xf0,
		0x02, 0x78, 0x02, 0x78, 0x03, 0xe0, 0x03, 0xf0, 0x02, 0x78, 0x02, 0x78,
		0x03, 0xe0, 0x03, 0x80, 0x02, 0x00, 0x05, 0x00, 0x08, 0x02, 0x08, 0x03,
		0x18, 0x03, 0xb8, 0x02, 0xe8, 0x02, 0xe8, 0x03, 0xb8, 0x03, 0x18, 0x02,
		0x08, 0x00, 0x08, 0x00, 0x08, 0x02, 0x00, 0x01, 0x03, 0x82, 0x03, 0xe3,
		0x02, 0x7f, 0x02, 0x7e, 0x03, 0xf0, 0x03, 0x80, 0x02, 0x00, 0x09, 0x00,
		0x09, 0x08, 0x03, 0x18, 0x03, 0x78, 0x02, 0xe8, 0x03, 0x88, 0x03, 0x18,
		0x02, 0x18, 0x00, 0x0a, 0x00, 0x0b, 0x80, 0x0f, 0xfc, 0x1f, 0x7c, 0x30,
		0x00, 0x01, 0x20, 0x00, 0x0d, 0x00, 0x0e, 0x3f, 0xfc, 0x3f, 0xfc, 0x00,
		0x0e, 0x00, 0x0a, 0x20, 0x00, 0x01, 0x30, 0x00, 0x01, 0x1f, 0x7c, 0x0f,
		0xfc, 0x00, 0x01, 0x80, 0x00, 0x0c, 0x00, 0x07, 0x40, 0x00, 0x01, 0xc0,
		0x00, 0x01, 0x80, 0x00, 0x01, 0x80, 0x00, 0x01, 0xc0, 0x00, 0x01, 0x40,
		0x00, 0x01, 0x40, 0x00, 0x01, 0x40, 0x00, 0x01, 0xc0, 0x00, 0x01, 0x80,
		0x00, 0x06, 0x00, 0x1d, 0x06, 0x00, 0x02 };

const unsigned char ascii_32_short[6227] = { 0x00, 0x38, 0x0f, 0xf8, 0x03, 0x80,
		0x0f, 0xff, 0xe3, 0x80, 0x0f, 0xff, 0xe3, 0x80, 0x07, 0xf8, 0x03, 0x80,
		0x00, 0x38, 0x00, 0x2c, 0x0f, 0xc0, 0x00, 0x02, 0x0f, 0xf8, 0x00, 0x02,
		0x0f, 0xf8, 0x00, 0x02, 0x0f, 0xc0, 0x00, 0x0a, 0x0f, 0xc0, 0x00, 0x02,
		0x0f, 0xf8, 0x00, 0x02, 0x0f, 0xf8, 0x00, 0x02, 0x0f, 0xc0, 0x00, 0x2e,
		0x00, 0x25, 0x10, 0x40, 0x00, 0x02, 0x10, 0x43, 0x80, 0x00, 0x01, 0x10,
		0x7f, 0x80, 0x00, 0x01, 0x1f, 0xfc, 0x00, 0x01, 0x03, 0xff, 0xc0, 0x00,
		0x01, 0x1f, 0xf0, 0x40, 0x00, 0x01, 0x1c, 0x10, 0x40, 0x00, 0x02, 0x10,
		0x43, 0x80, 0x00, 0x01, 0x10, 0x7f, 0x80, 0x00, 0x01, 0x1f, 0xfc, 0x00,
		0x01, 0x03, 0xff, 0xc0, 0x00, 0x01, 0x1f, 0xf0, 0x40, 0x00, 0x01, 0x1c,
		0x10, 0x40, 0x00, 0x02, 0x10, 0x40, 0x00, 0x25, 0x00, 0x24, 0x01, 0xe0,
		0x1f, 0x00, 0x01, 0x03, 0xf0, 0x1f, 0x00, 0x01, 0x07, 0xf8, 0x07, 0x80,
		0x07, 0xfc, 0x01, 0x80, 0x0c, 0x3c, 0x01, 0x80, 0x08, 0x1e, 0x00, 0x01,
		0x80, 0x3f, 0xff, 0xff, 0xe0, 0x3f, 0xff, 0xff, 0xe0, 0x08, 0x07, 0x81,
		0x80, 0x0c, 0x03, 0xc3, 0x80, 0x0f, 0x03, 0xff, 0x00, 0x01, 0x07, 0xc1,
		0xff, 0x00, 0x01, 0x07, 0xc0, 0xfe, 0x00, 0x03, 0x7c, 0x00, 0x25, 0x00,
		0x08, 0x01, 0xf0, 0x00, 0x02, 0x03, 0xfc, 0x00, 0x02, 0x07, 0xfc, 0x00,
		0x02, 0x0f, 0xfe, 0x00, 0x02, 0x0c, 0x06, 0x00, 0x02, 0x08, 0x02, 0x00,
		0x01, 0x80, 0x0c, 0x06, 0x01, 0x80, 0x0f, 0xfe, 0x07, 0x00, 0x01, 0x07,
		0xfc, 0x0e, 0x00, 0x01, 0x07, 0xfc, 0x18, 0x00, 0x01, 0x01, 0xf0, 0x70,
		0x00, 0x03, 0xe0, 0x00, 0x02, 0x01, 0x80, 0x00, 0x02, 0x07, 0x00, 0x03,
		0x0e, 0x00, 0x03, 0x18, 0x00, 0x03, 0x70, 0x7c, 0x00, 0x02, 0xe1, 0xfe,
		0x00, 0x01, 0x01, 0x81, 0xff, 0x00, 0x01, 0x03, 0x03, 0xff, 0x80, 0x0e,
		0x03, 0x01, 0x80, 0x0c, 0x02, 0x00, 0x01, 0x80, 0x00, 0x01, 0x03, 0x01,
		0x80, 0x00, 0x01, 0x03, 0xff, 0x80, 0x00, 0x01, 0x01, 0xff, 0x00, 0x02,
		0x01, 0xff, 0x00, 0x03, 0x7c, 0x00, 0x0d, 0x00, 0x12, 0x1e, 0x00, 0x03,
		0x7f, 0x00, 0x03, 0xff, 0x00, 0x02, 0x01, 0xff, 0x80, 0x00, 0x01, 0x01,
		0x87, 0x80, 0x01, 0xf3, 0x03, 0x80, 0x07, 0xfe, 0x01, 0x80, 0x07, 0xff,
		0x81, 0x80, 0x0f, 0xff, 0xc1, 0x80, 0x0c, 0x0f, 0xf3, 0x00, 0x01, 0x08,
		0x1b, 0xfb, 0x00, 0x01, 0x08, 0x18, 0xfe, 0x00, 0x01, 0x0c, 0x30, 0x7e,
		0x00, 0x01, 0x0f, 0xf0, 0x1f, 0x00, 0x01, 0x07, 0xe0, 0x3f, 0x00, 0x01,
		0x03, 0xc8, 0x67, 0x80, 0x00, 0x01, 0x0f, 0xc3, 0x80, 0x00, 0x01, 0x0f,
		0x81, 0x80, 0x00, 0x01, 0x0f, 0x01, 0x80, 0x00, 0x01, 0x0c, 0x01, 0x80,
		0x00, 0x01, 0x08, 0x01, 0x80, 0x00, 0x01, 0x08, 0x03, 0x00, 0x03, 0x07,
		0x00, 0x03, 0x04, 0x00, 0x11, 0x00, 0x38, 0x0f, 0xc0, 0x00, 0x02, 0x0f,
		0xf8, 0x00, 0x02, 0x0f, 0xf8, 0x00, 0x02, 0x0f, 0xc0, 0x00, 0x3a, 0x00,
		0x2d, 0x03, 0xf8, 0x00, 0x02, 0x1f, 0xff, 0x00, 0x02, 0x7f, 0xff, 0xc0,
		0x00, 0x01, 0xff, 0xff, 0xe0, 0x01, 0xf0, 0x03, 0xf0, 0x03, 0x80, 0x00,
		0x01, 0x78, 0x07, 0x00, 0x02, 0x18, 0x06, 0x00, 0x02, 0x08, 0x0c, 0x00,
		0x03, 0x08, 0x00, 0x2f, 0x00, 0x2c, 0x08, 0x00, 0x03, 0x0c, 0x00, 0x03,
		0x06, 0x00, 0x02, 0x08, 0x07, 0x00, 0x02, 0x18, 0x03, 0x80, 0x00, 0x01,
		0x38, 0x01, 0xf8, 0x01, 0xf0, 0x00, 0x01, 0xff, 0xff, 0xe0, 0x00, 0x01,
		0x7f, 0xff, 0xc0, 0x00, 0x01, 0x1f, 0xff, 0x00, 0x02, 0x03, 0xf8, 0x00,
		0x2d, 0x00, 0x28, 0x03, 0x0c, 0x00, 0x02, 0x03, 0x9c, 0x00, 0x02, 0x03,
		0x9c, 0x00, 0x02, 0x01, 0xb8, 0x00, 0x02, 0x0c, 0xf3, 0x00, 0x02, 0x1f,
		0xff, 0x80, 0x00, 0x01, 0x1f, 0xff, 0x80, 0x00, 0x01, 0x0c, 0xf3, 0x00,
		0x02, 0x01, 0x98, 0x00, 0x02, 0x03, 0x9c, 0x00, 0x02, 0x03, 0x9c, 0x00,
		0x02, 0x03, 0x0c, 0x00, 0x2a, 0x00, 0x1d, 0x02, 0x00, 0x03, 0x02, 0x00,
		0x03, 0x02, 0x00, 0x03, 0x02, 0x00, 0x03, 0x02, 0x00, 0x03, 0x02, 0x00,
		0x03, 0x02, 0x00, 0x03, 0x02, 0x00, 0x02, 0x03, 0xff, 0xfe, 0x00, 0x01,
		0x03, 0xff, 0xfe, 0x00, 0x02, 0x02, 0x00, 0x03, 0x02, 0x00, 0x03, 0x02,
		0x00, 0x03, 0x02, 0x00, 0x03, 0x02, 0x00, 0x03, 0x02, 0x00, 0x03, 0x02,
		0x00, 0x03, 0x02, 0x00, 0x1e, 0x00, 0x36, 0x01, 0x80, 0x00, 0x02, 0x03,
		0x80, 0x00, 0x02, 0x03, 0x88, 0x00, 0x02, 0x03, 0x98, 0x00, 0x02, 0x03,
		0xf0, 0x00, 0x02, 0x01, 0xe0, 0x00, 0x34, 0x00, 0x2e, 0xe0, 0x00, 0x03,
		0xe0, 0x00, 0x03, 0xe0, 0x00, 0x03, 0xe0, 0x00, 0x03, 0xe0, 0x00, 0x03,
		0xe0, 0x00, 0x03, 0xe0, 0x00, 0x03, 0xe0, 0x00, 0x03, 0xe0, 0x00, 0x31,
		0x00, 0x3a, 0x03, 0x80, 0x00, 0x02, 0x03, 0x80, 0x00, 0x02, 0x03, 0x80,
		0x00, 0x02, 0x03, 0x80, 0x00, 0x38, 0x00, 0x2f, 0x80, 0x00, 0x02, 0x07,
		0x80, 0x00, 0x02, 0x3f, 0x00, 0x02, 0x01, 0xf8, 0x00, 0x02, 0x07, 0xc0,
		0x00, 0x02, 0x3e, 0x00, 0x02, 0x01, 0xf8, 0x00, 0x02, 0x0f, 0xc0, 0x00,
		0x02, 0x1e, 0x00, 0x03, 0x10, 0x00, 0x2f, 0x00, 0x25, 0x3f, 0xe0, 0x00,
		0x02, 0xff, 0xf8, 0x00, 0x01, 0x03, 0xff, 0xfe, 0x00, 0x01, 0x07, 0xff,
		0xff, 0x00, 0x01, 0x07, 0x80, 0x0f, 0x80, 0x0c, 0x00, 0x01, 0x01, 0x80,
		0x08, 0x00, 0x02, 0x80, 0x08, 0x00, 0x02, 0x80, 0x0c, 0x00, 0x01, 0x01,
		0x80, 0x0f, 0x80, 0x0f, 0x00, 0x01, 0x07, 0xff, 0xff, 0x00, 0x01, 0x03,
		0xff, 0xfe, 0x00, 0x02, 0xff, 0xf8, 0x00, 0x02, 0x3f, 0xe0, 0x00, 0x25,
		0x00, 0x2c, 0x02, 0x00, 0x02, 0x80, 0x06, 0x00, 0x02, 0x80, 0x06, 0x00,
		0x02, 0x80, 0x07, 0xff, 0xff, 0x80, 0x0f, 0xff, 0xff, 0x80, 0x0f, 0xff,
		0xff, 0x80, 0x0f, 0xff, 0xff, 0x80, 0x00, 0x03, 0x80, 0x00, 0x03, 0x80,
		0x00, 0x03, 0x80, 0x00, 0x2c, 0x00, 0x21, 0xc0, 0x00, 0x01, 0x80, 0x03,
		0xc0, 0x01, 0x80, 0x07, 0x00, 0x01, 0x03, 0x80, 0x06, 0x00, 0x01, 0x07,
		0x80, 0x0c, 0x00, 0x01, 0x0f, 0x80, 0x0c, 0x00, 0x01, 0x1d, 0x80, 0x0c,
		0x00, 0x01, 0x39, 0x80, 0x0c, 0x00, 0x01, 0x71, 0x80, 0x0e, 0x01, 0xc1,
		0x80, 0x0f, 0x07, 0x81, 0x80, 0x07, 0xff, 0x01, 0x80, 0x07, 0xfe, 0x01,
		0x80, 0x03, 0xf8, 0x03, 0x80, 0x01, 0xe0, 0x07, 0x80, 0x00, 0x02, 0x06,
		0x00, 0x25, 0x00, 0x24, 0x01, 0x00, 0x01, 0x03, 0x00, 0x01, 0x03, 0x00,
		0x01, 0x03, 0x80, 0x06, 0x00, 0x01, 0x03, 0x80, 0x0e, 0x00, 0x01, 0x03,
		0x80, 0x0c, 0x02, 0x01, 0x80, 0x0c, 0x02, 0x00, 0x01, 0x80, 0x0c, 0x06,
		0x00, 0x01, 0x80, 0x0e, 0x0f, 0x00, 0x01, 0x80, 0x0f, 0x1f, 0x01, 0x80,
		0x07, 0xf7, 0xc3, 0x00, 0x01, 0x07, 0xe7, 0xfe, 0x00, 0x01, 0x03, 0xc3,
		0xfc, 0x00, 0x03, 0xf8, 0x00, 0x29, 0x00, 0x22, 0x70, 0x00, 0x03, 0xf0,
		0x00, 0x02, 0x03, 0xf0, 0x00, 0x02, 0x07, 0x30, 0x00, 0x02, 0x1c, 0x30,
		0x00, 0x02, 0x38, 0x30, 0x00, 0x02, 0xe0, 0x30, 0x00, 0x01, 0x03, 0xc0,
		0x30, 0x00, 0x01, 0x07, 0xff, 0xff, 0x80, 0x0f, 0xff, 0xff, 0x80, 0x0f,
		0xff, 0xff, 0x80, 0x0f, 0xff, 0xff, 0x80, 0x00, 0x02, 0x30, 0x00, 0x03,
		0x30, 0x00, 0x03, 0x30, 0x00, 0x25, 0x00, 0x29, 0x10, 0x03, 0x00, 0x02,
		0x70, 0x03, 0x80, 0x01, 0xf0, 0x03, 0x80, 0x07, 0xf0, 0x01, 0x80, 0x0f,
		0x78, 0x01, 0x80, 0x0e, 0x78, 0x01, 0x80, 0x0e, 0x3c, 0x01, 0x80, 0x0e,
		0x3e, 0x03, 0x00, 0x01, 0x0e, 0x3f, 0x07, 0x00, 0x01, 0x0e, 0x1f, 0xfe,
		0x00, 0x01, 0x0e, 0x0f, 0xfc, 0x00, 0x01, 0x08, 0x03, 0xf0, 0x00, 0x29,
		0x00, 0x25, 0x07, 0xf0, 0x00, 0x02, 0x1f, 0xfc, 0x00, 0x02, 0x7f, 0xfe,
		0x00, 0x02, 0xff, 0xff, 0x00, 0x01, 0x01, 0xf4, 0x07, 0x80, 0x03, 0xcc,
		0x01, 0x80, 0x03, 0x88, 0x00, 0x01, 0x80, 0x07, 0x08, 0x00, 0x01, 0x80,
		0x06, 0x0c, 0x01, 0x80, 0x0c, 0x0f, 0x03, 0x80, 0x0c, 0x0f, 0xff, 0x00,
		0x01, 0x08, 0x07, 0xff, 0x00, 0x01, 0x08, 0x03, 0xfc, 0x00, 0x01, 0x08,
		0x01, 0xf8, 0x00, 0x25, 0x00, 0x21, 0xc0, 0x00, 0x02, 0x07, 0xc0, 0x00,
		0x02, 0x0f, 0x00, 0x03, 0x0e, 0x00, 0x03, 0x0e, 0x00, 0x03, 0x0e, 0x00,
		0x01, 0x01, 0x80, 0x0e, 0x00, 0x01, 0x0f, 0x80, 0x0e, 0x00, 0x01, 0x7f,
		0x80, 0x0e, 0x03, 0xff, 0x00, 0x01, 0x0e, 0x1f, 0xf8, 0x00, 0x01, 0x0e,
		0xff, 0xc0, 0x00, 0x01, 0x0f, 0xfe, 0x00, 0x02, 0x0f, 0xf0, 0x00, 0x02,
		0x0f, 0x80, 0x00, 0x02, 0x0c, 0x00, 0x27, 0x00, 0x24, 0x01, 0xe0, 0x3c,
		0x00, 0x01, 0x03, 0xf0, 0x7e, 0x00, 0x01, 0x07, 0xf8, 0xff, 0x00, 0x01,
		0x0f, 0xfd, 0xff, 0x80, 0x0c, 0x3f, 0x83, 0x80, 0x08, 0x1f, 0x01, 0x80,
		0x08, 0x0f, 0x80, 0x80, 0x08, 0x0f, 0xc0, 0x80, 0x0c, 0x3f, 0xe1, 0x80,
		0x0f, 0xfb, 0xff, 0x80, 0x07, 0xf1, 0xff, 0x00, 0x01, 0x07, 0xe0, 0xfe,
		0x00, 0x01, 0x01, 0xc0, 0x3c, 0x00, 0x29, 0x00, 0x21, 0xfc, 0x00, 0x01,
		0x80, 0x01, 0xfe, 0x00, 0x01, 0x80, 0x03, 0xff, 0x00, 0x01, 0x80, 0x07,
		0xff, 0x81, 0x80, 0x0e, 0x07, 0x81, 0x80, 0x0c, 0x01, 0x81, 0x00, 0x01,
		0x08, 0x00, 0x01, 0x83, 0x00, 0x01, 0x08, 0x00, 0x01, 0x87, 0x00, 0x01,
		0x0c, 0x00, 0x01, 0x8e, 0x00, 0x01, 0x0e, 0x00, 0x01, 0xbc, 0x00, 0x01,
		0x07, 0x81, 0xfc, 0x00, 0x01, 0x07, 0xff, 0xf8, 0x00, 0x01, 0x03, 0xff,
		0xe0, 0x00, 0x01, 0x01, 0xff, 0xc0, 0x00, 0x02, 0x7f, 0x00, 0x26, 0x00,
		0x39, 0x1c, 0x03, 0x80, 0x00, 0x01, 0x1c, 0x03, 0x80, 0x00, 0x01, 0x1c,
		0x03, 0x80, 0x00, 0x01, 0x1c, 0x03, 0x80, 0x00, 0x38, 0x00, 0x35, 0x1c,
		0x01, 0x80, 0x00, 0x01, 0x1c, 0x03, 0x80, 0x00, 0x01, 0x1c, 0x03, 0x88,
		0x00, 0x01, 0x1c, 0x03, 0x98, 0x00, 0x02, 0x03, 0xf0, 0x00, 0x02, 0x01,
		0xe0, 0x00, 0x34, 0x00, 0x1d, 0x02, 0x00, 0x03, 0x07, 0x00, 0x03, 0x05,
		0x00, 0x03, 0x05, 0x00, 0x03, 0x0d, 0x80, 0x00, 0x02, 0x08, 0x80, 0x00,
		0x02, 0x18, 0xc0, 0x00, 0x02, 0x10, 0x40, 0x00, 0x02, 0x30, 0x60, 0x00,
		0x02, 0x20, 0x20, 0x00, 0x02, 0x20, 0x20, 0x00, 0x02, 0x60, 0x30, 0x00,
		0x02, 0x40, 0x10, 0x00, 0x02, 0xc0, 0x18, 0x00, 0x02, 0x80, 0x08, 0x00,
		0x02, 0x80, 0x08, 0x00, 0x01, 0x01, 0x80, 0x0c, 0x00, 0x01, 0x01, 0x00,
		0x01, 0x04, 0x00, 0x1d, 0x00, 0x1d, 0x10, 0x80, 0x00, 0x02, 0x10, 0x80,
		0x00, 0x02, 0x10, 0x80, 0x00, 0x02, 0x10, 0x80, 0x00, 0x02, 0x10, 0x80,
		0x00, 0x02, 0x10, 0x80, 0x00, 0x02, 0x10, 0x80, 0x00, 0x02, 0x10, 0x80,
		0x00, 0x02, 0x10, 0x80, 0x00, 0x02, 0x10, 0x80, 0x00, 0x02, 0x10, 0x80,
		0x00, 0x02, 0x10, 0x80, 0x00, 0x02, 0x10, 0x80, 0x00, 0x02, 0x10, 0x80,
		0x00, 0x02, 0x10, 0x80, 0x00, 0x02, 0x10, 0x80, 0x00, 0x02, 0x10, 0x80,
		0x00, 0x21, 0x00, 0x1c, 0x01, 0x00, 0x01, 0x04, 0x00, 0x01, 0x01, 0x80,
		0x0c, 0x00, 0x02, 0x80, 0x08, 0x00, 0x02, 0x80, 0x08, 0x00, 0x02, 0xc0,
		0x18, 0x00, 0x02, 0x40, 0x10, 0x00, 0x02, 0x60, 0x30, 0x00, 0x02, 0x20,
		0x20, 0x00, 0x02, 0x20, 0x20, 0x00, 0x02, 0x30, 0x60, 0x00, 0x02, 0x10,
		0x40, 0x00, 0x02, 0x18, 0xc0, 0x00, 0x02, 0x08, 0x80, 0x00, 0x02, 0x0d,
		0x80, 0x00, 0x02, 0x05, 0x00, 0x03, 0x05, 0x00, 0x03, 0x07, 0x00, 0x03,
		0x02, 0x00, 0x1e, 0x00, 0x28, 0x01, 0xc0, 0x00, 0x02, 0x07, 0xe0, 0x00,
		0x02, 0x07, 0xe0, 0x00, 0x02, 0x0c, 0xe0, 0x00, 0x02, 0x08, 0x00, 0x01,
		0x03, 0x80, 0x08, 0x00, 0x01, 0x73, 0x80, 0x0c, 0x03, 0xf3, 0x80, 0x0e,
		0x0f, 0x83, 0x80, 0x0f, 0xfe, 0x00, 0x02, 0x07, 0xfc, 0x00, 0x02, 0x07,
		0xf8, 0x00, 0x02, 0x01, 0xe0, 0x00, 0x2a, 0x00, 0x09, 0x01, 0xfe, 0x00,
		0x02, 0x0f, 0xff, 0xc0, 0x00, 0x01, 0x3e, 0x01, 0xe0, 0x00, 0x01, 0xf0,
		0x00, 0x01, 0x38, 0x01, 0xc0, 0x00, 0x01, 0x18, 0x03, 0x80, 0x00, 0x01,
		0x0c, 0x03, 0x00, 0x01, 0x3e, 0x04, 0x06, 0x00, 0x01, 0xff, 0x84, 0x0c,
		0x01, 0xff, 0x84, 0x0c, 0x07, 0xff, 0x84, 0x08, 0x0f, 0xc3, 0x84, 0x18,
		0x0f, 0x01, 0x84, 0x10, 0x1c, 0x03, 0x04, 0x10, 0x38, 0x02, 0x04, 0x10,
		0x30, 0x06, 0x04, 0x10, 0x20, 0x1f, 0x04, 0x10, 0x20, 0x3f, 0x84, 0x10,
		0x30, 0xff, 0x84, 0x18, 0x1f, 0xff, 0x84, 0x18, 0x1f, 0xf0, 0x84, 0x0c,
		0x3f, 0x80, 0x84, 0x0c, 0x3c, 0x01, 0x84, 0x06, 0x20, 0x03, 0x0c, 0x03,
		0x00, 0x01, 0x0e, 0x18, 0x01, 0xe0, 0x7c, 0x30, 0x00, 0x01, 0xff, 0xf0,
		0xe0, 0x00, 0x01, 0x3f, 0x81, 0xc0, 0x00, 0x02, 0x01, 0x00, 0x09, 0x00,
		0x13, 0x80, 0x00, 0x02, 0x01, 0x80, 0x00, 0x02, 0x03, 0x80, 0x00, 0x02,
		0x0f, 0x80, 0x00, 0x02, 0x3f, 0x80, 0x00, 0x01, 0x01, 0xf0, 0x80, 0x00,
		0x01, 0x07, 0xc0, 0x80, 0x00, 0x01, 0x3e, 0x40, 0x00, 0x02, 0xf8, 0x40,
		0x00, 0x01, 0x07, 0xc0, 0x40, 0x00, 0x01, 0x0f, 0xc0, 0x40, 0x00, 0x01,
		0x0f, 0xf8, 0x40, 0x00, 0x01, 0x07, 0xfe, 0x40, 0x00, 0x02, 0xff, 0xc0,
		0x80, 0x00, 0x01, 0x3f, 0xf0, 0x80, 0x00, 0x01, 0x0f, 0xfd, 0x80, 0x00,
		0x01, 0x01, 0xff, 0x80, 0x00, 0x02, 0x7f, 0x80, 0x00, 0x02, 0x0f, 0x80,
		0x00, 0x02, 0x03, 0x80, 0x00, 0x02, 0x01, 0x80, 0x00, 0x03, 0x80, 0x00,
		0x03, 0x80, 0x00, 0x14, 0x00, 0x18, 0x08, 0x00, 0x02, 0x80, 0x08, 0x00,
		0x02, 0x80, 0x0c, 0x00, 0x01, 0x01, 0x80, 0x0f, 0xff, 0xff, 0x80, 0x0f,
		0xff, 0xff, 0x80, 0x0f, 0xff, 0xff, 0x80, 0x0f, 0xff, 0xff, 0x80, 0x08,
		0x02, 0x00, 0x01, 0x80, 0x08, 0x02, 0x00, 0x01, 0x80, 0x08, 0x02, 0x00,
		0x01, 0x80, 0x08, 0x02, 0x00, 0x01, 0x80, 0x08, 0x02, 0x00, 0x01, 0x80,
		0x0c, 0x07, 0x00, 0x01, 0x80, 0x0c, 0x07, 0x01, 0x80, 0x0f, 0x0f, 0x81,
		0x80, 0x07, 0xfd, 0xc3, 0x80, 0x07, 0xfd, 0xff, 0x00, 0x01, 0x03, 0xf9,
		0xff, 0x00, 0x02, 0xf0, 0xfe, 0x00, 0x03, 0x7c, 0x00, 0x19, 0x00, 0x19,
		0x1f, 0xc0, 0x00, 0x02, 0x7f, 0xf0, 0x00, 0x02, 0xff, 0xfc, 0x00, 0x01,
		0x01, 0xff, 0xfe, 0x00, 0x01, 0x03, 0xe0, 0x1e, 0x00, 0x01, 0x07, 0x00,
		0x01, 0x07, 0x00, 0x01, 0x06, 0x00, 0x01, 0x03, 0x00, 0x01, 0x0c, 0x00,
		0x01, 0x01, 0x80, 0x0c, 0x00, 0x01, 0x01, 0x80, 0x08, 0x00, 0x02, 0x80,
		0x08, 0x00, 0x02, 0x80, 0x08, 0x00, 0x02, 0x80, 0x08, 0x00, 0x02, 0x80,
		0x0c, 0x00, 0x02, 0x80, 0x0e, 0x00, 0x01, 0x01, 0x80, 0x07, 0x00, 0x01,
		0x01, 0x00, 0x01, 0x07, 0xc0, 0x03, 0x00, 0x01, 0x0f, 0xe0, 0x06, 0x00,
		0x01, 0x0f, 0xe0, 0x0c, 0x00, 0x03, 0x08, 0x00, 0x19, 0x00, 0x10, 0x08,
		0x00, 0x02, 0x80, 0x08, 0x00, 0x02, 0x80, 0x0c, 0x00, 0x01, 0x01, 0x80,
		0x0f, 0xff, 0xff, 0x80, 0x0f, 0xff, 0xff, 0x80, 0x0f, 0xff, 0xff, 0x80,
		0x0f, 0xff, 0xff, 0x80, 0x08, 0x00, 0x02, 0x80, 0x08, 0x00, 0x02, 0x80,
		0x08, 0x00, 0x02, 0x80, 0x08, 0x00, 0x02, 0x80, 0x08, 0x00, 0x02, 0x80,
		0x08, 0x00, 0x02, 0x80, 0x0c, 0x00, 0x01, 0x01, 0x80, 0x0c, 0x00, 0x01,
		0x01, 0x80, 0x0e, 0x00, 0x01, 0x03, 0x00, 0x01, 0x07, 0x00, 0x01, 0x07,
		0x00, 0x01, 0x07, 0x80, 0x0f, 0x00, 0x01, 0x03, 0xe0, 0x3e, 0x00, 0x01,
		0x03, 0xff, 0xfc, 0x00, 0x01, 0x01, 0xff, 0xf8, 0x00, 0x02, 0x7f, 0xf0,
		0x00, 0x02, 0x1f, 0xc0, 0x00, 0x15, 0x00, 0x18, 0x08, 0x00, 0x02, 0x80,
		0x08, 0x00, 0x02, 0x80, 0x0c, 0x00, 0x01, 0x01, 0x80, 0x0f, 0xff, 0xff,
		0x80, 0x0f, 0xff, 0xff, 0x80, 0x0f, 0xff, 0xff, 0x80, 0x0f, 0xff, 0xff,
		0x80, 0x08, 0x02, 0x00, 0x01, 0x80, 0x08, 0x02, 0x00, 0x01, 0x80, 0x08,
		0x02, 0x00, 0x01, 0x80, 0x08, 0x02, 0x00, 0x01, 0x80, 0x08, 0x02, 0x00,
		0x01, 0x80, 0x08, 0x07, 0x00, 0x01, 0x80, 0x08, 0x1f, 0xc0, 0x80, 0x0c,
		0x1f, 0xc0, 0x80, 0x0e, 0x00, 0x01, 0x01, 0x80, 0x0f, 0x80, 0x03, 0x80,
		0x0f, 0x80, 0x07, 0x80, 0x00, 0x02, 0x0f, 0x00, 0x03, 0x08, 0x00, 0x19,
		0x00, 0x1c, 0x08, 0x00, 0x02, 0x80, 0x08, 0x00, 0x02, 0x80, 0x0c, 0x00,
		0x01, 0x01, 0x80, 0x0f, 0xff, 0xff, 0x80, 0x0f, 0xff, 0xff, 0x80, 0x0f,
		0xff, 0xff, 0x80, 0x0f, 0xff, 0xff, 0x80, 0x08, 0x02, 0x01, 0x80, 0x08,
		0x02, 0x00, 0x01, 0x80, 0x08, 0x02, 0x00, 0x01, 0x80, 0x08, 0x02, 0x00,
		0x02, 0x08, 0x07, 0x00, 0x02, 0x08, 0x1f, 0xc0, 0x00, 0x01, 0x08, 0x1f,
		0xc0, 0x00, 0x01, 0x0c, 0x00, 0x03, 0x0f, 0x80, 0x00, 0x02, 0x0f, 0x80,
		0x00, 0x22, 0x00, 0x11, 0x0f, 0xc0, 0x00, 0x02, 0x7f, 0xf0, 0x00, 0x02,
		0xff, 0xf8, 0x00, 0x01, 0x01, 0xff, 0xfc, 0x00, 0x01, 0x03, 0xe0, 0x3e,
		0x00, 0x01, 0x07, 0x00, 0x01, 0x0f, 0x00, 0x01, 0x06, 0x00, 0x01, 0x07,
		0x00, 0x01, 0x04, 0x00, 0x01, 0x03, 0x00, 0x01, 0x0c, 0x00, 0x01, 0x01,
		0x80, 0x08, 0x00, 0x01, 0x01, 0x80, 0x08, 0x00, 0x02, 0x80, 0x08, 0x00,
		0x02, 0x80, 0x08, 0x00, 0x02, 0x80, 0x08, 0x02, 0x00, 0x01, 0x80, 0x0c,
		0x02, 0x00, 0x01, 0x80, 0x0e, 0x03, 0x01, 0x80, 0x07, 0x03, 0xff, 0x80,
		0x07, 0xc3, 0xff, 0x00, 0x01, 0x0f, 0xe3, 0xff, 0x00, 0x01, 0x0f, 0xe3,
		0xff, 0x00, 0x02, 0x03, 0x00, 0x03, 0x02, 0x00, 0x03, 0x02, 0x00, 0x16,
		0x00, 0x10, 0x08, 0x00, 0x02, 0x80, 0x08, 0x00, 0x02, 0x80, 0x0c, 0x00,
		0x01, 0x01, 0x80, 0x0f, 0xff, 0xff, 0x80, 0x0f, 0xff, 0xff, 0x80, 0x0f,
		0xff, 0xff, 0x80, 0x0f, 0xff, 0xff, 0x80, 0x0c, 0x02, 0x01, 0x80, 0x08,
		0x02, 0x00, 0x01, 0x80, 0x08, 0x02, 0x00, 0x01, 0x80, 0x00, 0x01, 0x02,
		0x00, 0x03, 0x02, 0x00, 0x03, 0x02, 0x00, 0x03, 0x02, 0x00, 0x02, 0x08,
		0x02, 0x00, 0x01, 0x80, 0x08, 0x02, 0x00, 0x01, 0x80, 0x0c, 0x02, 0x01,
		0x80, 0x0f, 0xff, 0xff, 0x80, 0x0f, 0xff, 0xff, 0x80, 0x0f, 0xff, 0xff,
		0x80, 0x0f, 0xff, 0xff, 0x80, 0x0c, 0x00, 0x01, 0x01, 0x80, 0x08, 0x00,
		0x02, 0x80, 0x08, 0x00, 0x02, 0x80, 0x00, 0x10, 0x00, 0x2c, 0x08, 0x00,
		0x02, 0x80, 0x08, 0x00, 0x02, 0x80, 0x0c, 0x00, 0x01, 0x01, 0x80, 0x0f,
		0xff, 0xff, 0x80, 0x0f, 0xff, 0xff, 0x80, 0x0f, 0xff, 0xff, 0x80, 0x0f,
		0xff, 0xff, 0x80, 0x0c, 0x00, 0x01, 0x01, 0x80, 0x08, 0x00, 0x02, 0x80,
		0x08, 0x00, 0x02, 0x80, 0x00, 0x2c, 0x00, 0x26, 0x07, 0x00, 0x03, 0x07,
		0x80, 0x00, 0x02, 0x07, 0x80, 0x08, 0x00, 0x01, 0x07, 0x80, 0x08, 0x00,
		0x01, 0x01, 0x80, 0x0c, 0x00, 0x02, 0x80, 0x0f, 0xff, 0xff, 0x80, 0x0f,
		0xff, 0xff, 0x00, 0x01, 0x0f, 0xff, 0xfe, 0x00, 0x01, 0x0f, 0xff, 0xf8,
		0x00, 0x01, 0x0c, 0x00, 0x03, 0x08, 0x00, 0x03, 0x08, 0x00, 0x2b, 0x00,
		0x10, 0x08, 0x00, 0x02, 0x80, 0x08, 0x00, 0x02, 0x80, 0x0c, 0x00, 0x01,
		0x01, 0x80, 0x0f, 0xff, 0xff, 0x80, 0x0f, 0xff, 0xff, 0x80, 0x0f, 0xff,
		0xff, 0x80, 0x0f, 0xff, 0xff, 0x80, 0x0c, 0x07, 0x01, 0x80, 0x08, 0x07,
		0x80, 0x80, 0x08, 0x0f, 0xc0, 0x80, 0x00, 0x01, 0x19, 0xe0, 0x00, 0x02,
		0x30, 0xf0, 0x00, 0x02, 0x60, 0xf0, 0x00, 0x01, 0x08, 0xc0, 0x78, 0x80,
		0x09, 0x80, 0x3c, 0x80, 0x0f, 0x00, 0x01, 0x1f, 0x80, 0x0e, 0x00, 0x01,
		0x0f, 0x80, 0x0c, 0x00, 0x01, 0x07, 0x80, 0x0c, 0x00, 0x01, 0x07, 0x80,
		0x08, 0x00, 0x01, 0x03, 0x80, 0x08, 0x00, 0x01, 0x01, 0x80, 0x00, 0x03,
		0x80, 0x00, 0x03, 0x80, 0x00, 0x14, 0x00, 0x18, 0x08, 0x00, 0x02, 0x80,
		0x08, 0x00, 0x02, 0x80, 0x0c, 0x00, 0x01, 0x01, 0x80, 0x0f, 0xff, 0xff,
		0x80, 0x0f, 0xff, 0xff, 0x80, 0x0f, 0xff, 0xff, 0x80, 0x0f, 0xff, 0xff,
		0x80, 0x0c, 0x00, 0x02, 0x80, 0x08, 0x00, 0x02, 0x80, 0x08, 0x00, 0x02,
		0x80, 0x00, 0x03, 0x80, 0x00, 0x03, 0x80, 0x00, 0x03, 0x80, 0x00, 0x03,
		0x80, 0x00, 0x02, 0x01, 0x80, 0x00, 0x02, 0x03, 0x80, 0x00, 0x02, 0x0f,
		0x80, 0x00, 0x02, 0x1f, 0x00, 0x03, 0x18, 0x00, 0x1d, 0x00, 0x04, 0x08,
		0x00, 0x02, 0x80, 0x08, 0x00, 0x02, 0x80, 0x0c, 0x00, 0x01, 0x01, 0x80,
		0x0f, 0xff, 0xff, 0x80, 0x0f, 0xff, 0xff, 0x80, 0x0f, 0xc0, 0x01, 0x80,
		0x0f, 0xf0, 0x00, 0x01, 0x80, 0x03, 0xfc, 0x00, 0x01, 0x80, 0x00, 0x01,
		0xff, 0x00, 0x03, 0x3f, 0xc0, 0x00, 0x02, 0x0f, 0xf0, 0x00, 0x02, 0x03,
		0xfc, 0x00, 0x03, 0xff, 0x00, 0x03, 0x3f, 0x80, 0x00, 0x02, 0x0f, 0x80,
		0x00, 0x02, 0x1f, 0x00, 0x03, 0x7c, 0x00, 0x02, 0x01, 0xe0, 0x00, 0x02,
		0x07, 0x80, 0x00, 0x02, 0x1e, 0x00, 0x01, 0x80, 0x00, 0x01, 0xf8, 0x00,
		0x01, 0x80, 0x03, 0xe0, 0x01, 0x80, 0x0f, 0xff, 0xff, 0x80, 0x0f, 0xff,
		0xff, 0x80, 0x0f, 0xff, 0xff, 0x80, 0x0f, 0xff, 0xff, 0x80, 0x0c, 0x00,
		0x01, 0x01, 0x80, 0x08, 0x00, 0x02, 0x80, 0x08, 0x00, 0x02, 0x80, 0x00,
		0x08, 0x00, 0x10, 0x08, 0x00, 0x03, 0x08, 0x00, 0x02, 0x80, 0x0c, 0x00,
		0x02, 0x80, 0x0c, 0x00, 0x01, 0x01, 0x80, 0x0f, 0xff, 0xff, 0x80, 0x0f,
		0xff, 0xff, 0x80, 0x07, 0xc0, 0x01, 0x80, 0x03, 0xe0, 0x00, 0x01, 0x80,
		0x00, 0x01, 0xf0, 0x00, 0x01, 0x80, 0x00, 0x01, 0x78, 0x00, 0x03, 0x3e,
		0x00, 0x03, 0x1f, 0x00, 0x03, 0x0f, 0x80, 0x00, 0x02, 0x03, 0xc0, 0x00,
		0x02, 0x01, 0xe0, 0x00, 0x03, 0xf8, 0x00, 0x01, 0x08, 0x00, 0x01, 0x7c,
		0x00, 0x01, 0x08, 0x00, 0x01, 0x3e, 0x00, 0x01, 0x0c, 0x00, 0x01, 0x0f,
		0x00, 0x01, 0x0f, 0xff, 0xff, 0x80, 0x0f, 0xff, 0xff, 0x80, 0x0c, 0x00,
		0x03, 0x08, 0x00, 0x03, 0x08, 0x00, 0x13, 0x00, 0x15, 0x1f, 0xc0, 0x00,
		0x02, 0x7f, 0xf0, 0x00, 0x02, 0xff, 0xfc, 0x00, 0x01, 0x01, 0xff, 0xfc,
		0x00, 0x01, 0x03, 0xc0, 0x3e, 0x00, 0x01, 0x07, 0x00, 0x01, 0x07, 0x00,
		0x01, 0x06, 0x00, 0x01, 0x03, 0x00, 0x01, 0x0c, 0x00, 0x01, 0x01, 0x80,
		0x0c, 0x00, 0x01, 0x01, 0x80, 0x08, 0x00, 0x02, 0x80, 0x08, 0x00, 0x02,
		0x80, 0x08, 0x00, 0x02, 0x80, 0x08, 0x00, 0x02, 0x80, 0x0c, 0x00, 0x01,
		0x01, 0x80, 0x0c, 0x00, 0x01, 0x01, 0x80, 0x06, 0x00, 0x01, 0x03, 0x00,
		0x01, 0x07, 0x00, 0x01, 0x07, 0x00, 0x01, 0x03, 0xe0, 0x1e, 0x00, 0x01,
		0x01, 0xff, 0xfc, 0x00, 0x02, 0xff, 0xf8, 0x00, 0x02, 0x7f, 0xf0, 0x00,
		0x02, 0x1f, 0xc0, 0x00, 0x15, 0x00, 0x1c, 0x08, 0x00, 0x02, 0x80, 0x08,
		0x00, 0x02, 0x80, 0x0c, 0x00, 0x01, 0x01, 0x80, 0x0f, 0xff, 0xff, 0x80,
		0x0f, 0xff, 0xff, 0x80, 0x0f, 0xff, 0xff, 0x80, 0x0f, 0xff, 0xff, 0x80,
		0x08, 0x01, 0x01, 0x80, 0x08, 0x01, 0x00, 0x01, 0x80, 0x08, 0x01, 0x00,
		0x01, 0x80, 0x08, 0x01, 0x00, 0x02, 0x0c, 0x03, 0x00, 0x02, 0x0c, 0x03,
		0x00, 0x02, 0x0f, 0x0f, 0x00, 0x02, 0x07, 0xfe, 0x00, 0x02, 0x07, 0xfe,
		0x00, 0x02, 0x03, 0xfc, 0x00, 0x03, 0xf8, 0x00, 0x1e, 0x00, 0x15, 0x1f,
		0xc0, 0x00, 0x02, 0x7f, 0xf0, 0x00, 0x02, 0xff, 0xfc, 0x00, 0x01, 0x01,
		0xff, 0xfe, 0x00, 0x01, 0x03, 0xc0, 0x3e, 0x00, 0x01, 0x07, 0x00, 0x01,
		0x07, 0x00, 0x01, 0x06, 0x00, 0x01, 0x03, 0x00, 0x01, 0x0c, 0x00, 0x01,
		0x01, 0x80, 0x0c, 0x00, 0x01, 0x01, 0x80, 0x08, 0x00, 0x02, 0xc0, 0x08,
		0x00, 0x02, 0xe0, 0x08, 0x00, 0x02, 0xf0, 0x08, 0x00, 0x02, 0xf0, 0x0c,
		0x00, 0x01, 0x01, 0xf8, 0x0c, 0x00, 0x01, 0x01, 0xb8, 0x06, 0x00, 0x01,
		0x03, 0x18, 0x07, 0x00, 0x01, 0x07, 0x08, 0x03, 0xe0, 0x1e, 0x00, 0x01,
		0x01, 0xff, 0xfe, 0x00, 0x02, 0xff, 0xfc, 0x00, 0x02, 0x7f, 0xf0, 0x00,
		0x02, 0x1f, 0xc0, 0x00, 0x15, 0x00, 0x14, 0x08, 0x00, 0x02, 0x80, 0x08,
		0x00, 0x02, 0x80, 0x0c, 0x00, 0x01, 0x01, 0x80, 0x0f, 0xff, 0xff, 0x80,
		0x0f, 0xff, 0xff, 0x80, 0x0f, 0xff, 0xff, 0x80, 0x0f, 0xff, 0xff, 0x80,
		0x0c, 0x02, 0x01, 0x80, 0x08, 0x02, 0x00, 0x01, 0x80, 0x08, 0x03, 0x80,
		0x80, 0x08, 0x03, 0xc0, 0x00, 0x01, 0x0c, 0x07, 0xe0, 0x00, 0x01, 0x0c,
		0x07, 0xf8, 0x00, 0x01, 0x0e, 0x1c, 0xfc, 0x00, 0x01, 0x07, 0xfc, 0x7e,
		0x00, 0x01, 0x07, 0xfc, 0x1f, 0x80, 0x03, 0xf8, 0x0f, 0x80, 0x01, 0xf0,
		0x07, 0x80, 0x00, 0x02, 0x03, 0x80, 0x00, 0x02, 0x01, 0x80, 0x00, 0x03,
		0x80, 0x00, 0x03, 0x80, 0x00, 0x14, 0x00, 0x20, 0x01, 0xe0, 0x3f, 0x80,
		0x03, 0xf0, 0x3f, 0x80, 0x07, 0xf8, 0x0f, 0x00, 0x01, 0x0f, 0xf8, 0x03,
		0x00, 0x01, 0x0e, 0x3c, 0x01, 0x80, 0x0c, 0x1e, 0x01, 0x80, 0x08, 0x1e,
		0x00, 0x01, 0x80, 0x08, 0x0f, 0x00, 0x01, 0x80, 0x08, 0x07, 0x00, 0x01,
		0x80, 0x0c, 0x07, 0x81, 0x80, 0x06, 0x03, 0xc3, 0x80, 0x07, 0x83, 0xff,
		0x00, 0x01, 0x0f, 0xe1, 0xff, 0x00, 0x01, 0x0f, 0xe0, 0xfe, 0x00, 0x03,
		0x7c, 0x00, 0x25, 0x00, 0x1c, 0x0f, 0x80, 0x00, 0x02, 0x0f, 0x80, 0x00,
		0x02, 0x0e, 0x00, 0x03, 0x08, 0x00, 0x03, 0x08, 0x00, 0x02, 0x80, 0x08,
		0x00, 0x02, 0x80, 0x08, 0x00, 0x01, 0x01, 0x80, 0x0f, 0xff, 0xff, 0x80,
		0x0f, 0xff, 0xff, 0x80, 0x0f, 0xff, 0xff, 0x80, 0x0f, 0xff, 0xff, 0x80,
		0x08, 0x00, 0x01, 0x01, 0x80, 0x08, 0x00, 0x02, 0x80, 0x08, 0x00, 0x02,
		0x80, 0x08, 0x00, 0x03, 0x0e, 0x00, 0x03, 0x0f, 0x80, 0x00, 0x02, 0x0f,
		0x80, 0x00, 0x1e, 0x00, 0x10, 0x08, 0x00, 0x03, 0x08, 0x00, 0x03, 0x0c,
		0x00, 0x03, 0x0f, 0xff, 0xf8, 0x00, 0x01, 0x0f, 0xff, 0xfc, 0x00, 0x01,
		0x0f, 0xff, 0xfe, 0x00, 0x01, 0x0f, 0xff, 0xff, 0x00, 0x01, 0x0c, 0x00,
		0x01, 0x07, 0x80, 0x08, 0x00, 0x01, 0x01, 0x80, 0x08, 0x00, 0x01, 0x01,
		0x80, 0x00, 0x03, 0x80, 0x00, 0x03, 0x80, 0x00, 0x03, 0x80, 0x00, 0x03,
		0x80, 0x00, 0x02, 0x01, 0x80, 0x08, 0x00, 0x01, 0x01, 0x80, 0x08, 0x00,
		0x01, 0x03, 0x00, 0x01, 0x0c, 0x00, 0x01, 0x06, 0x00, 0x01, 0x0f, 0xff,
		0xfc, 0x00, 0x01, 0x0f, 0xff, 0xf8, 0x00, 0x01, 0x0c, 0x00, 0x03, 0x08,
		0x00, 0x03, 0x08, 0x00, 0x17, 0x00, 0x10, 0x08, 0x00, 0x03, 0x08, 0x00,
		0x03, 0x0c, 0x00, 0x03, 0x0e, 0x00, 0x03, 0x0f, 0x80, 0x00, 0x02, 0x0f,
		0xf0, 0x00, 0x02, 0x0f, 0xfc, 0x00, 0x02, 0x0c, 0xff, 0x00, 0x02, 0x08,
		0x3f, 0xe0, 0x00, 0x01, 0x08, 0x0f, 0xf8, 0x00, 0x02, 0x03, 0xfe, 0x00,
		0x03, 0x7f, 0x80, 0x00, 0x02, 0x1f, 0x80, 0x00, 0x02, 0x3f, 0x00, 0x03,
		0xf8, 0x00, 0x01, 0x08, 0x07, 0xc0, 0x00, 0x01, 0x08, 0x3f, 0x00, 0x02,
		0x0d, 0xf8, 0x00, 0x02, 0x0f, 0xc0, 0x00, 0x02, 0x0e, 0x00, 0x03, 0x0c,
		0x00, 0x03, 0x08, 0x00, 0x03, 0x08, 0x00, 0x17, 0x00, 0x04, 0x08, 0x00,
		0x03, 0x08, 0x00, 0x03, 0x0e, 0x00, 0x03, 0x0f, 0xc0, 0x00, 0x02, 0x0f,
		0xf0, 0x00, 0x02, 0x0f, 0xfe, 0x00, 0x02, 0x0d, 0xff, 0xc0, 0x00, 0x01,
		0x08, 0x3f, 0xf8, 0x00, 0x02, 0x07, 0xfe, 0x00, 0x01, 0x08, 0x01, 0xff,
		0x80, 0x08, 0x00, 0x01, 0x3f, 0x80, 0x0c, 0x00, 0x01, 0x7f, 0x00, 0x01,
		0x0e, 0x03, 0xf0, 0x00, 0x01, 0x0f, 0xff, 0x80, 0x00, 0x01, 0x0f, 0xfc,
		0x00, 0x02, 0x0f, 0xff, 0x00, 0x02, 0x0d, 0xff, 0xc0, 0x00, 0x01, 0x08,
		0x3f, 0xf8, 0x00, 0x01, 0x08, 0x07, 0xff, 0x00, 0x02, 0x01, 0xff, 0x80,
		0x00, 0x02, 0x3f, 0x80, 0x00, 0x02, 0xfe, 0x00, 0x01, 0x08, 0x07, 0xf0,
		0x00, 0x01, 0x08, 0x3f, 0x80, 0x00, 0x01, 0x0d, 0xf8, 0x00, 0x02, 0x0f,
		0xc0, 0x00, 0x02, 0x0e, 0x00, 0x03, 0x0c, 0x00, 0x03, 0x08, 0x00, 0x0b,
		0x00, 0x10, 0x08, 0x00, 0x02, 0x80, 0x08, 0x00, 0x02, 0x80, 0x08, 0x00,
		0x01, 0x01, 0x80, 0x0c, 0x00, 0x01, 0x03, 0x80, 0x0e, 0x00, 0x01, 0x07,
		0x80, 0x0f, 0x00, 0x01, 0x0f, 0x80, 0x0f, 0xc0, 0x1c, 0x80, 0x0f, 0xe0,
		0x30, 0x80, 0x0f, 0xf0, 0x60, 0x00, 0x01, 0x08, 0xfc, 0xc0, 0x00, 0x01,
		0x08, 0x7f, 0x80, 0x00, 0x02, 0x1f, 0x80, 0x00, 0x02, 0x0f, 0xc0, 0x00,
		0x02, 0x1f, 0xe0, 0x00, 0x02, 0x31, 0xf8, 0x80, 0x08, 0x60, 0xfd, 0x80,
		0x09, 0xc0, 0x3f, 0x80, 0x0f, 0x80, 0x1f, 0x80, 0x0f, 0x00, 0x01, 0x07,
		0x80, 0x0e, 0x00, 0x01, 0x03, 0x80, 0x0c, 0x00, 0x01, 0x01, 0x80, 0x08,
		0x00, 0x02, 0x80, 0x08, 0x00, 0x02, 0x80, 0x00, 0x14, 0x00, 0x14, 0x08,
		0x00, 0x03, 0x08, 0x00, 0x03, 0x0c, 0x00, 0x03, 0x0e, 0x00, 0x03, 0x0f,
		0x80, 0x00, 0x02, 0x0f, 0xc0, 0x00, 0x02, 0x0f, 0xf0, 0x00, 0x01, 0x80,
		0x09, 0xf8, 0x00, 0x01, 0x80, 0x08, 0x7e, 0x01, 0x80, 0x00, 0x01, 0x3f,
		0xff, 0x80, 0x00, 0x01, 0x0f, 0xff, 0x80, 0x00, 0x01, 0x07, 0xff, 0x80,
		0x00, 0x01, 0x07, 0xff, 0x80, 0x00, 0x01, 0x1e, 0x01, 0x80, 0x08, 0x38,
		0x00, 0x01, 0x80, 0x08, 0xe0, 0x00, 0x01, 0x80, 0x0f, 0xc0, 0x00, 0x02,
		0x0f, 0x00, 0x03, 0x0e, 0x00, 0x03, 0x0c, 0x00, 0x03, 0x08, 0x00, 0x03,
		0x08, 0x00, 0x17, 0x00, 0x1b, 0x80, 0x00, 0x02, 0x03, 0x80, 0x01, 0x80,
		0x07, 0x80, 0x0f, 0x80, 0x0f, 0x80, 0x0e, 0x00, 0x01, 0x3f, 0x80, 0x0c,
		0x00, 0x01, 0x7c, 0x80, 0x08, 0x01, 0xf8, 0x80, 0x08, 0x03, 0xf0, 0x80,
		0x08, 0x0f, 0xc0, 0x80, 0x08, 0x1f, 0x80, 0x80, 0x08, 0x7e, 0x00, 0x01,
		0x80, 0x08, 0xfc, 0x00, 0x01, 0x80, 0x09, 0xf0, 0x00, 0x01, 0x80, 0x0f,
		0xe0, 0x00, 0x01, 0x80, 0x0f, 0x80, 0x00, 0x01, 0x80, 0x0f, 0x00, 0x01,
		0x01, 0x80, 0x0e, 0x00, 0x01, 0x07, 0x80, 0x08, 0x00, 0x01, 0x0f, 0x80,
		0x00, 0x02, 0x0c, 0x00, 0x1d, 0x00, 0x30, 0x0f, 0xff, 0xff, 0xf8, 0x0f,
		0xff, 0xff, 0xf8, 0x0f, 0xff, 0xff, 0xf8, 0x0f, 0xff, 0xff, 0xf8, 0x08,
		0x00, 0x03, 0x08, 0x00, 0x03, 0x08, 0x00, 0x03, 0x08, 0x00, 0x33, 0x00,
		0x2c, 0x18, 0x00, 0x03, 0x1f, 0x00, 0x03, 0x07, 0xe0, 0x00, 0x03, 0xfc,
		0x00, 0x03, 0x1f, 0x80, 0x00, 0x02, 0x03, 0xf0, 0x00, 0x03, 0x7e, 0x00,
		0x03, 0x0f, 0x80, 0x00, 0x02, 0x01, 0x80, 0x00, 0x30, 0x00, 0x30, 0x08,
		0x00, 0x03, 0x08, 0x00, 0x03, 0x08, 0x00, 0x03, 0x08, 0x00, 0x03, 0x0f,
		0xff, 0xff, 0xf8, 0x0f, 0xff, 0xff, 0xf8, 0x0f, 0xff, 0xff, 0xf8, 0x0f,
		0xff, 0xff, 0xf8, 0x00, 0x30, 0x00, 0x21, 0x02, 0x00, 0x03, 0x0e, 0x00,
		0x03, 0x3c, 0x00, 0x03, 0x70, 0x00, 0x02, 0x01, 0xc0, 0x00, 0x02, 0x07,
		0x80, 0x00, 0x02, 0x0e, 0x00, 0x03, 0x08, 0x00, 0x03, 0x0e, 0x00, 0x03,
		0x07, 0x80, 0x00, 0x02, 0x01, 0xc0, 0x00, 0x03, 0x70, 0x00, 0x03, 0x3c,
		0x00, 0x03, 0x0e, 0x00, 0x03, 0x02, 0x00, 0x26, 0x00, 0x80, 0x00, 0x34,
		0x08, 0x00, 0x03, 0x0c, 0x00, 0x03, 0x0e, 0x00, 0x03, 0x0f, 0x00, 0x03,
		0x07, 0x80, 0x00, 0x03, 0x80, 0x00, 0x36, 0x00, 0x26, 0x0e, 0x00, 0x02,
		0x07, 0x1f, 0x00, 0x02, 0x0f, 0x3f, 0x80, 0x00, 0x01, 0x1f, 0x3f, 0x80,
		0x00, 0x01, 0x1f, 0x63, 0x80, 0x00, 0x01, 0x10, 0x61, 0x80, 0x00, 0x01,
		0x10, 0x41, 0x00, 0x02, 0x18, 0xc3, 0x00, 0x02, 0x1f, 0xff, 0x00, 0x02,
		0x1f, 0xff, 0x80, 0x00, 0x01, 0x0f, 0xff, 0x80, 0x00, 0x01, 0x07, 0xff,
		0x80, 0x00, 0x02, 0x03, 0x00, 0x03, 0x02, 0x00, 0x25, 0x00, 0x20, 0x04,
		0x00, 0x03, 0x0c, 0x00, 0x03, 0x0f, 0xff, 0xff, 0x00, 0x01, 0x1f, 0xff,
		0xff, 0x00, 0x01, 0x1f, 0xff, 0xff, 0x80, 0x1f, 0xff, 0xff, 0x80, 0x00,
		0x01, 0x0c, 0x01, 0x80, 0x00, 0x01, 0x18, 0x00, 0x01, 0x80, 0x00, 0x01,
		0x18, 0x00, 0x01, 0x80, 0x00, 0x01, 0x18, 0x00, 0x01, 0x80, 0x00, 0x01,
		0x1c, 0x01, 0x80, 0x00, 0x01, 0x1e, 0x07, 0x00, 0x02, 0x1f, 0xff, 0x00,
		0x02, 0x0f, 0xfe, 0x00, 0x02, 0x07, 0xfc, 0x00, 0x02, 0x01, 0xf0, 0x00,
		0x21, 0x00, 0x25, 0x01, 0xf8, 0x00, 0x02, 0x07, 0xfe, 0x00, 0x02, 0x0f,
		0xff, 0x00, 0x02, 0x0e, 0x3f, 0x00, 0x02, 0x18, 0x0f, 0x80, 0x00, 0x01,
		0x10, 0x07, 0x80, 0x00, 0x01, 0x10, 0x03, 0x80, 0x00, 0x01, 0x18, 0x03,
		0x80, 0x00, 0x01, 0x1e, 0x03, 0x80, 0x00, 0x01, 0x1f, 0x07, 0x00, 0x02,
		0x0f, 0x1f, 0x00, 0x02, 0x07, 0x3e, 0x00, 0x03, 0x30, 0x00, 0x29, 0x00,
		0x22, 0xf8, 0x00, 0x02, 0x03, 0xfe, 0x00, 0x02, 0x07, 0xff, 0x00, 0x02,
		0x0f, 0xff, 0x00, 0x02, 0x1c, 0x0f, 0x80, 0x00, 0x01, 0x18, 0x03, 0x80,
		0x00, 0x01, 0x10, 0x03, 0x80, 0x00, 0x01, 0x10, 0x01, 0x80, 0x04, 0x18,
		0x01, 0x80, 0x0c, 0x1c, 0x03, 0x00, 0x01, 0x0f, 0xff, 0xff, 0x80, 0x1f,
		0xff, 0xff, 0x80, 0x1f, 0xff, 0xff, 0x80, 0x1f, 0xff, 0xff, 0x00, 0x03,
		0x03, 0x00, 0x03, 0x02, 0x00, 0x21, 0x00, 0x25, 0x01, 0xf8, 0x00, 0x02,
		0x07, 0xfe, 0x00, 0x02, 0x0f, 0xff, 0x00, 0x02, 0x0d, 0x1f, 0x00, 0x02,
		0x19, 0x0f, 0x80, 0x00, 0x01, 0x11, 0x07, 0x80, 0x00, 0x01, 0x11, 0x03,
		0x80, 0x00, 0x01, 0x11, 0x03, 0x80, 0x00, 0x01, 0x19, 0x03, 0x80, 0x00,
		0x01, 0x1f, 0x07, 0x80, 0x00, 0x01, 0x0f, 0x0f, 0x00, 0x02, 0x0f, 0x1e,
		0x00, 0x02, 0x03, 0x18, 0x00, 0x29, 0x00, 0x25, 0x10, 0x00, 0x01, 0x80,
		0x00, 0x01, 0x10, 0x00, 0x01, 0x80, 0x00, 0x01, 0x10, 0x01, 0x80, 0x01,
		0xff, 0xff, 0x80, 0x07, 0xff, 0xff, 0x80, 0x0f, 0xff, 0xff, 0x80, 0x0f,
		0xff, 0xff, 0x80, 0x18, 0x10, 0x01, 0x80, 0x10, 0x10, 0x00, 0x01, 0x80,
		0x18, 0x10, 0x00, 0x01, 0x80, 0x1c, 0x10, 0x00, 0x02, 0x1e, 0x00, 0x03,
		0x0e, 0x00, 0x03, 0x0e, 0x00, 0x27, 0x00, 0x23, 0x08, 0x00, 0x01, 0x03,
		0xc3, 0x38, 0x00, 0x01, 0x07, 0xe7, 0xf8, 0x00, 0x01, 0x0f, 0xff, 0xc0,
		0x00, 0x01, 0x1f, 0xf9, 0x80, 0x00, 0x01, 0x18, 0x39, 0x80, 0x00, 0x01,
		0x10, 0x09, 0x80, 0x00, 0x01, 0x10, 0x09, 0x80, 0x00, 0x01, 0x1c, 0x19,
		0x80, 0x00, 0x01, 0x1f, 0xf9, 0x80, 0x00, 0x01, 0x0f, 0xf1, 0x80, 0x00,
		0x01, 0x0f, 0xf1, 0xc8, 0x00, 0x01, 0x0b, 0xc0, 0xf8, 0x00, 0x01, 0x08,
		0x00, 0x01, 0xf0, 0x00, 0x01, 0x08, 0x00, 0x26, 0x00, 0x20, 0x04, 0x00,
		0x02, 0x80, 0x0c, 0x00, 0x02, 0x80, 0x0f, 0xff, 0xff, 0x80, 0x1f, 0xff,
		0xff, 0x80, 0x1f, 0xff, 0xff, 0x80, 0x1f, 0xff, 0xff, 0x80, 0x00, 0x01,
		0x0c, 0x00, 0x01, 0x80, 0x00, 0x01, 0x08, 0x00, 0x01, 0x80, 0x00, 0x01,
		0x18, 0x00, 0x03, 0x1c, 0x00, 0x01, 0x80, 0x00, 0x01, 0x1f, 0xff, 0x80,
		0x00, 0x01, 0x1f, 0xff, 0x80, 0x00, 0x01, 0x0f, 0xff, 0x80, 0x00, 0x01,
		0x07, 0xff, 0x80, 0x00, 0x03, 0x80, 0x00, 0x03, 0x80, 0x00, 0x20, 0x00,
		0x31, 0x04, 0x00, 0x01, 0x80, 0x00, 0x01, 0x0c, 0x00, 0x01, 0x80, 0x1c,
		0x0f, 0xff, 0x80, 0x1c, 0x1f, 0xff, 0x80, 0x1c, 0x1f, 0xff, 0x80, 0x1c,
		0x1f, 0xff, 0x80, 0x00, 0x03, 0x80, 0x00, 0x03, 0x80, 0x00, 0x30, 0x00,
		0x33, 0x1f, 0x00, 0x03, 0x1f, 0x00, 0x03, 0x1f, 0x00, 0x01, 0x04, 0x00,
		0x01, 0x07, 0x00, 0x01, 0x0c, 0x00, 0x01, 0x07, 0x1c, 0x0f, 0xff, 0xff,
		0x1c, 0x1f, 0xff, 0xff, 0x1c, 0x1f, 0xff, 0xff, 0x1c, 0x1f, 0xff, 0xf8,
		0x00, 0x2c, 0x00, 0x1c, 0x04, 0x00, 0x02, 0x80, 0x0c, 0x00, 0x02, 0x80,
		0x0f, 0xff, 0xff, 0x80, 0x1f, 0xff, 0xff, 0x80, 0x1f, 0xff, 0xff, 0x80,
		0x1f, 0xff, 0xff, 0x80, 0x00, 0x02, 0xe0, 0x80, 0x00, 0x01, 0x01, 0xf0,
		0x80, 0x00, 0x01, 0x03, 0x78, 0x00, 0x02, 0x12, 0x3e, 0x80, 0x00, 0x01,
		0x1e, 0x1f, 0x80, 0x00, 0x01, 0x1c, 0x0f, 0x80, 0x00, 0x01, 0x18, 0x07,
		0x80, 0x00, 0x01, 0x10, 0x03, 0x80, 0x00, 0x01, 0x10, 0x00, 0x01, 0x80,
		0x00, 0x01, 0x10, 0x00, 0x01, 0x80, 0x00, 0x03, 0x80, 0x00, 0x20, 0x00,
		0x30, 0x04, 0x00, 0x02, 0x80, 0x0c, 0x00, 0x02, 0x80, 0x0f, 0xff, 0xff,
		0x80, 0x1f, 0xff, 0xff, 0x80, 0x1f, 0xff, 0xff, 0x80, 0x1f, 0xff, 0xff,
		0x80, 0x00, 0x03, 0x80, 0x00, 0x03, 0x80, 0x00, 0x30, 0x00, 0x11, 0x04,
		0x00, 0x01, 0x80, 0x00, 0x01, 0x0c, 0x00, 0x01, 0x80, 0x00, 0x01, 0x0f,
		0xff, 0x80, 0x00, 0x01, 0x1f, 0xff, 0x80, 0x00, 0x01, 0x1f, 0xff, 0x80,
		0x00, 0x01, 0x1f, 0xff, 0x80, 0x00, 0x01, 0x0e, 0x00, 0x01, 0x80, 0x00,
		0x01, 0x0c, 0x00, 0x01, 0x80, 0x00, 0x01, 0x18, 0x00, 0x01, 0x80, 0x00,
		0x01, 0x1c, 0x00, 0x01, 0x80, 0x00, 0x01, 0x1f, 0xff, 0x80, 0x00, 0x01,
		0x1f, 0xff, 0x80, 0x00, 0x01, 0x0f, 0xff, 0x80, 0x00, 0x01, 0x07, 0xff,
		0x80, 0x00, 0x01, 0x0c, 0x00, 0x01, 0x80, 0x00, 0x01, 0x0c, 0x00, 0x01,
		0x80, 0x00, 0x01, 0x18, 0x00, 0x01, 0x80, 0x00, 0x01, 0x1c, 0x00, 0x01,
		0x80, 0x00, 0x01, 0x1f, 0xff, 0x80, 0x00, 0x01, 0x1f, 0xff, 0x80, 0x00,
		0x01, 0x0f, 0xff, 0x80, 0x00, 0x01, 0x07, 0xff, 0x80, 0x00, 0x03, 0x80,
		0x00, 0x03, 0x80, 0x00, 0x10, 0x00, 0x21, 0x04, 0x00, 0x01, 0x80, 0x00,
		0x01, 0x0c, 0x00, 0x01, 0x80, 0x00, 0x01, 0x0f, 0xff, 0x80, 0x00, 0x01,
		0x1f, 0xff, 0x80, 0x00, 0x01, 0x1f, 0xff, 0x80, 0x00, 0x01, 0x1f, 0xff,
		0x80, 0x00, 0x01, 0x0c, 0x00, 0x01, 0x80, 0x00, 0x01, 0x0c, 0x00, 0x01,
		0x80, 0x00, 0x01, 0x18, 0x00, 0x03, 0x1c, 0x00, 0x01, 0x80, 0x00, 0x01,
		0x1f, 0xff, 0x80, 0x00, 0x01, 0x1f, 0xff, 0x80, 0x00, 0x01, 0x0f, 0xff,
		0x80, 0x00, 0x01, 0x07, 0xff, 0x80, 0x00, 0x03, 0x80, 0x00, 0x03, 0x80,
		0x00, 0x20, 0x00, 0x22, 0xf8, 0x00, 0x02, 0x03, 0xfc, 0x00, 0x02, 0x07,
		0xff, 0x00, 0x02, 0x0f, 0xff, 0x00, 0x02, 0x1c, 0x0f, 0x80, 0x00, 0x01,
		0x18, 0x03, 0x80, 0x00, 0x01, 0x10, 0x01, 0x80, 0x00, 0x01, 0x10, 0x00,
		0x01, 0x80, 0x00, 0x01, 0x18, 0x00, 0x01, 0x80, 0x00, 0x01, 0x1c, 0x01,
		0x80, 0x00, 0x01, 0x1e, 0x03, 0x80, 0x00, 0x01, 0x0f, 0xff, 0x00, 0x02,
		0x0f, 0xfe, 0x00, 0x02, 0x03, 0xfc, 0x00, 0x02, 0x01, 0xf0, 0x00, 0x25,
		0x00, 0x21, 0x04, 0x00, 0x03, 0x0c, 0x00, 0x03, 0x0f, 0xff, 0xfe, 0x00,
		0x01, 0x1f, 0xff, 0xfe, 0x00, 0x01, 0x1f, 0xff, 0xfe, 0x00, 0x01, 0x1f,
		0xff, 0xfe, 0x00, 0x01, 0x0c, 0x01, 0x80, 0x00, 0x01, 0x0c, 0x00, 0x01,
		0x80, 0x00, 0x01, 0x18, 0x00, 0x01, 0x80, 0x00, 0x01, 0x18, 0x00, 0x01,
		0x80, 0x00, 0x01, 0x1c, 0x01, 0x80, 0x00, 0x01, 0x1f, 0x03, 0x80, 0x00,
		0x01, 0x1f, 0xff, 0x00, 0x02, 0x0f, 0xff, 0x00, 0x02, 0x07, 0xfc, 0x00,
		0x02, 0x01, 0xf8, 0x00, 0x21, 0x00, 0x22, 0xf8, 0x00, 0x02, 0x03, 0xfe,
		0x00, 0x02, 0x07, 0xff, 0x00, 0x02, 0x0f, 0xff, 0x80, 0x00, 0x01, 0x1e,
		0x0f, 0x80, 0x00, 0x01, 0x18, 0x03, 0x80, 0x00, 0x01, 0x10, 0x01, 0x80,
		0x00, 0x01, 0x10, 0x01, 0x80, 0x00, 0x01, 0x10, 0x01, 0x00, 0x02, 0x18,
		0x03, 0x00, 0x02, 0x0f, 0xff, 0xfe, 0x00, 0x01, 0x1f, 0xff, 0xfe, 0x00,
		0x01, 0x1f, 0xff, 0xfe, 0x00, 0x01, 0x1f, 0xff, 0xfe, 0x00, 0x28, 0x00,
		0x29, 0x04, 0x00, 0x01, 0x80, 0x00, 0x01, 0x0c, 0x00, 0x01, 0x80, 0x00,
		0x01, 0x0f, 0xff, 0x80, 0x00, 0x01, 0x1f, 0xff, 0x80, 0x00, 0x01, 0x1f,
		0xff, 0x80, 0x00, 0x01, 0x1f, 0xff, 0x80, 0x00, 0x01, 0x0e, 0x00, 0x01,
		0x80, 0x00, 0x01, 0x18, 0x00, 0x01, 0x80, 0x00, 0x01, 0x1c, 0x00, 0x03,
		0x1c, 0x00, 0x03, 0x1c, 0x00, 0x03, 0x0c, 0x00, 0x2a, 0x00, 0x2d, 0x07,
		0x8f, 0x80, 0x00, 0x01, 0x0f, 0xcf, 0x80, 0x00, 0x01, 0x1f, 0xe3, 0x00,
		0x02, 0x19, 0xe1, 0x80, 0x00, 0x01, 0x10, 0xf0, 0x80, 0x00, 0x01, 0x18,
		0xf0, 0x80, 0x00, 0x01, 0x0c, 0x79, 0x80, 0x00, 0x01, 0x1f, 0x7f, 0x80,
		0x00, 0x01, 0x1f, 0x3f, 0x00, 0x03, 0x1e, 0x00, 0x2d, 0x00, 0x2d, 0x10,
		0x00, 0x03, 0x30, 0x00, 0x03, 0x7f, 0xff, 0x00, 0x01, 0x01, 0xff, 0xff,
		0x80, 0x03, 0xff, 0xff, 0x80, 0x03, 0xff, 0xff, 0x80, 0x00, 0x01, 0x10,
		0x01, 0x80, 0x00, 0x01, 0x10, 0x01, 0x80, 0x00, 0x01, 0x10, 0x03, 0x00,
		0x03, 0x02, 0x00, 0x2d, 0x00, 0x21, 0x10, 0x00, 0x03, 0x10, 0x00, 0x03,
		0x1f, 0xfe, 0x00, 0x02, 0x1f, 0xff, 0x00, 0x02, 0x1f, 0xff, 0x80, 0x00,
		0x01, 0x1f, 0xff, 0x80, 0x00, 0x02, 0x03, 0x80, 0x00, 0x02, 0x01, 0x80,
		0x00, 0x01, 0x10, 0x03, 0x00, 0x02, 0x10, 0x03, 0x00, 0x02, 0x1f, 0xff,
		0x80, 0x00, 0x01, 0x1f, 0xff, 0x80, 0x00, 0x01, 0x1f, 0xff, 0x80, 0x00,
		0x01, 0x1f, 0xff, 0x00, 0x03, 0x03, 0x00, 0x03, 0x02, 0x00, 0x21, 0x00,
		0x21, 0x10, 0x00, 0x03, 0x18, 0x00, 0x03, 0x1e, 0x00, 0x03, 0x1f, 0x80,
		0x00, 0x02, 0x1f, 0xe0, 0x00, 0x02, 0x17, 0xfc, 0x00, 0x02, 0x10, 0xff,
		0x00, 0x03, 0x3f, 0x80, 0x00, 0x02, 0x0f, 0x80, 0x00, 0x02, 0x1f, 0x00,
		0x03, 0x7c, 0x00, 0x02, 0x11, 0xe0, 0x00, 0x02, 0x1f, 0x80, 0x00, 0x02,
		0x1e, 0x00, 0x03, 0x18, 0x00, 0x03, 0x10, 0x00, 0x22, 0x00, 0x11, 0x10,
		0x00, 0x03, 0x18, 0x00, 0x03, 0x1e, 0x00, 0x03, 0x1f, 0x80, 0x00, 0x02,
		0x1f, 0xf0, 0x00, 0x02, 0x1f, 0xfc, 0x00, 0x02, 0x11, 0xff, 0x00, 0x03,
		0x7f, 0x80, 0x00, 0x02, 0x0f, 0x80, 0x00, 0x01, 0x10, 0x0f, 0x00, 0x02,
		0x10, 0x3c, 0x00, 0x02, 0x1c, 0xf0, 0x00, 0x02, 0x1f, 0xc0, 0x00, 0x02,
		0x1f, 0xe0, 0x00, 0x02, 0x1f, 0xf8, 0x00, 0x02, 0x11, 0xff, 0x00, 0x03,
		0x7f, 0x80, 0x00, 0x02, 0x1f, 0x80, 0x00, 0x02, 0x3f, 0x00, 0x02, 0x11,
		0xf8, 0x00, 0x02, 0x17, 0xc0, 0x00, 0x02, 0x1e, 0x00, 0x03, 0x18, 0x00,
		0x03, 0x10, 0x00, 0x12, 0x00, 0x21, 0x10, 0x00, 0x01, 0x80, 0x00, 0x01,
		0x10, 0x01, 0x80, 0x00, 0x01, 0x1c, 0x03, 0x80, 0x00, 0x01, 0x1e, 0x07,
		0x80, 0x00, 0x01, 0x1f, 0x0c, 0x80, 0x00, 0x01, 0x17, 0x98, 0x80, 0x00,
		0x01, 0x03, 0xf0, 0x00, 0x02, 0x01, 0xf0, 0x00, 0x02, 0x11, 0xf8, 0x80,
		0x00, 0x01, 0x13, 0x7c, 0x80, 0x00, 0x01, 0x1e, 0x1f, 0x80, 0x00, 0x01,
		0x1c, 0x0f, 0x80, 0x00, 0x01, 0x18, 0x07, 0x80, 0x00, 0x01, 0x18, 0x03,
		0x80, 0x00, 0x01, 0x10, 0x01, 0x80, 0x00, 0x01, 0x10, 0x00, 0x01, 0x80,
		0x00, 0x20, 0x00, 0x21, 0x10, 0x00, 0x03, 0x10, 0x00, 0x03, 0x1c, 0x00,
		0x03, 0x1f, 0x00, 0x03, 0x1f, 0xc0, 0x00, 0x02, 0x1f, 0xf0, 0x03, 0x00,
		0x01, 0x1f, 0xfc, 0x07, 0x00, 0x01, 0x11, 0xff, 0xfe, 0x00, 0x02, 0x3f,
		0xfc, 0x00, 0x02, 0x0f, 0xf8, 0x00, 0x02, 0x3e, 0x00, 0x02, 0x11, 0xf8,
		0x00, 0x02, 0x1f, 0xc0, 0x00, 0x02, 0x1e, 0x00, 0x03, 0x18, 0x00, 0x03,
		0x10, 0x00, 0x22, 0x00, 0x27, 0x80, 0x00, 0x01, 0x1c, 0x01, 0x80, 0x00,
		0x01, 0x1c, 0x07, 0x80, 0x00, 0x01, 0x18, 0x0f, 0x80, 0x00, 0x01, 0x10,
		0x1f, 0x80, 0x00, 0x01, 0x10, 0x7e, 0x80, 0x00, 0x01, 0x10, 0xf8, 0x80,
		0x00, 0x01, 0x11, 0xf0, 0x80, 0x00, 0x01, 0x17, 0xe0, 0x80, 0x00, 0x01,
		0x1f, 0x80, 0x80, 0x00, 0x01, 0x1f, 0x00, 0x01, 0x80, 0x00, 0x01, 0x1e,
		0x01, 0x80, 0x00, 0x01, 0x18, 0x03, 0x80, 0x00, 0x01, 0x10, 0x03, 0x80,
		0x00, 0x24, 0x00, 0x2a, 0x40, 0x00, 0x03, 0x40, 0x00, 0x03, 0xe0, 0x00,
		0x02, 0xf1, 0xb1, 0xe0, 0x03, 0xff, 0xbf, 0xf8, 0x03, 0xff, 0x1f, 0xf8,
		0x07, 0xfe, 0x0f, 0xf8, 0x06, 0x3c, 0x07, 0x88, 0x0c, 0x00, 0x03, 0x08,
		0x00, 0x03, 0x08, 0x00, 0x2f, 0x00, 0x3c, 0x1f, 0xff, 0xff, 0xf8, 0x1f,
		0xff, 0xff, 0xf8, 0x00, 0x3c, 0x00, 0x28, 0x08, 0x00, 0x03, 0x08, 0x00,
		0x03, 0x0c, 0x00, 0x03, 0x06, 0x3c, 0x07, 0x88, 0x07, 0xfe, 0x0f, 0xf8,
		0x03, 0xff, 0x1f, 0xf8, 0x03, 0xff, 0xbf, 0xf8, 0x00, 0x01, 0xf1, 0xb1,
		0xe0, 0x00, 0x02, 0xe0, 0x00, 0x03, 0x40, 0x00, 0x03, 0x40, 0x00, 0x2d,
		0x00, 0x1e, 0xc0, 0x00, 0x02, 0x01, 0xc0, 0x00, 0x02, 0x03, 0x00, 0x03,
		0x02, 0x00, 0x03, 0x02, 0x00, 0x03, 0x02, 0x00, 0x03, 0x03, 0x00, 0x03,
		0x01, 0x00, 0x03, 0x01, 0x80, 0x00, 0x02, 0x01, 0x80, 0x00, 0x03, 0x80,
		0x00, 0x03, 0xc0, 0x00, 0x03, 0x40, 0x00, 0x03, 0x40, 0x00, 0x03, 0x40,
		0x00, 0x03, 0xc0, 0x00, 0x02, 0x03, 0x80, 0x00, 0x02, 0x03, 0x00, 0x1e,
		0x00, 0x5b, 0x40, 0x00, 0x24 };

const unsigned char gImage_haidi[128] = {
/* 图像 D:\A_INDIVIDUSL\2.New_trying\1.xiaoshi_Epaper\6.Tools\pic\图片c1.jpg   32x32  */
0x0F, 0xFF, 0xFF, 0xE0, 0x1F, 0xFF, 0xFF, 0xF8, 0x3F, 0xFF, 0xFF, 0xFC, 0x7F,
		0xFF, 0xFF, 0xFC, 0xFF, 0xE0, 0x0F, 0xFE, 0xFF, 0x80, 0x03, 0xFF, 0xFF,
		0x07, 0xE0, 0xFF, 0xFE, 0x1F, 0xF8, 0x7F, 0xFC, 0x7F, 0xFC, 0x3F, 0xF8,
		0xFF, 0xBE, 0x3F, 0xF9, 0xFF, 0x33, 0x1F, 0xF1, 0xFE, 0x03, 0x9F, 0xF3,
		0xF0, 0x7F, 0x8F, 0xF3, 0xC2, 0xFF, 0x8F, 0xE3, 0x9E, 0xFF, 0xCF, 0xE3,
		0xFE, 0x07, 0xCF, 0xE3, 0xF8, 0x3F, 0xEF, 0xF3, 0xC1, 0xFF, 0xEF, 0xF3,
		0xDF, 0xDF, 0xCF, 0xF1, 0xFE, 0x0F, 0xDF, 0xF1, 0xFC, 0xF7, 0x9F, 0xF8,
		0xFF, 0xFF, 0x1F, 0xFC, 0x7F, 0xFE, 0x3F, 0xFC, 0x3F, 0xF8, 0x7F, 0xFE,
		0x0F, 0xF0, 0xFF, 0xFF, 0x00, 0x01, 0xFF, 0xFF, 0xC0, 0x07, 0xFF, 0x7F,
		0xF8, 0x3F, 0xFE, 0x7F, 0xFF, 0xFF, 0xFC, 0x3F, 0xFF, 0xFF, 0xF8, 0x0F,
		0xFF, 0xFF, 0xF0, 0x07, 0xFF, 0xFF, 0xE0, };

const unsigned char gImage_love[128] = 
	{
/* 图像 D:\A_INDIVIDUSL\2.New_trying\1.xiaoshi_Epaper\6.Tools\pic\图片2c.jpg   32x32  */
/* 图锟斤拷 C:\Users\chenchenchen\Desktop\qianrushi.jpg   32x32  */
0xFF,0xFF,0xFF,0xFF,0xFF,0xFF,0xFF,0xFF,0xFF,0xFC,0x3F,0xFF,0xFF,0xF8,0x1F,0xFF,
0xFF,0xF8,0x1F,0xFF,0xFF,0xF8,0x1F,0xFF,0xFF,0xFC,0x1F,0xFF,0xFF,0xC2,0x67,0xFF,
0xFF,0x81,0x81,0xFF,0xFE,0x00,0x00,0xFF,0xFE,0x00,0x00,0x7F,0xFE,0x07,0xE0,0x7F,
0xFB,0x1F,0xF0,0xFF,0xF8,0xFF,0xFB,0x1F,0xF0,0x7F,0xFE,0x1F,0xF0,0x7F,0xFC,0x1F,
0xF0,0x7F,0xFE,0x0F,0xF0,0x7F,0xFE,0x0F,0xF0,0x7F,0xFE,0x0F,0xF0,0x7F,0xFE,0x0F,
0xF0,0x7F,0xFC,0x1F,0xFE,0x3F,0xFC,0x3F,0xE1,0x3F,0xF8,0x87,0xC1,0x1F,0xF0,0x83,
0xC0,0x07,0xE1,0x03,0xC0,0x01,0x81,0x03,0xC1,0x01,0x00,0x83,0xF3,0x01,0x01,0xC7,
0xFF,0xC1,0x03,0xFF,0xFF,0xF1,0x0F,0xFF,0xFF,0xFF,0xFF,0xFF,0xFF,0xFF,0xFF,0xFF, };

const unsigned char gImage_square[885] = {

/* 图像 D:\A_INDIVIDUSL\2.New_trying\1.xiaoshi_Epaper\6.Tools\pic\图片4c.jpg   24x59  */
0xFF, 0xFF, 0xFF, 0xC0, 0x00, 0x07, 0x80, 0x00, 0x07, 0x80, 0x00, 0x07, 0x9F,
		0xFF, 0xF7, 0x9F, 0xFF, 0xF7, 0x9F, 0xFF, 0xF7, 0x9F, 0xFF, 0xF7, 0x9F,
		0xFF, 0xF7, 0x9F, 0xFF, 0xF7, 0x9F, 0xFF, 0xF7, 0x9F, 0xFF, 0xF7, 0x9F,
		0xFF, 0xF7, 0x9F, 0xFF, 0xF7, 0x9F, 0xFF, 0xF7, 0x80, 0x00, 0x07, 0x8F,
		0xFF, 0xE7, 0x9F, 0xFF, 0xF7, 0x9F, 0xFF, 0xF7, 0x9F, 0xFF, 0xF7, 0x9F,
		0xFF, 0xF7, 0x9F, 0xFF, 0xF7, 0x9F, 0xFF, 0xF7, 0x9F, 0xFF, 0xF7, 0x9F,
		0xFF, 0xF7, 0x9F, 0xFF, 0xF7, 0x9F, 0xFF, 0xF7, 0x9F, 0xFF, 0xF7, 0x80,
		0x00, 0x07, 0x9F, 0xFF, 0xF7, 0x9F, 0xFF, 0xF7, 0x9F, 0xFF, 0xF7, 0x9F,
		0xFF, 0xF7, 0x9F, 0xFF, 0xF7, 0x9F, 0xFF, 0xF7, 0x9F, 0xFF, 0xF7, 0x9F,
		0xFF, 0xF7, 0x9F, 0xFF, 0xF7, 0x9F, 0xFF, 0xF7, 0x9F, 0xFF, 0xF7, 0x80,
		0x00, 0x07, 0x9F, 0xFF, 0xF7, 0x9F, 0xFF, 0xF7, 0x9F, 0xFF, 0xF7, 0x9F,
		0xFF, 0xF7, 0x9F, 0xFF, 0xF7, 0x9F, 0xFF, 0xF7, 0x9F, 0xFF, 0xF7, 0x9F,
		0xFF, 0xF7, 0x9F, 0xFF, 0xF7, 0x9F, 0xFF, 0xF7, 0x9F, 0xFF, 0xF7, 0x9F,
		0xFF, 0xF7, 0x80, 0x00, 0x07, 0x80, 0x00, 0x07, 0x80, 0x00, 0x07, 0xFF,
		0xFF, 0xFF, 0xFF, 0xFF, 0xFF, 0xFF, 0xFF, 0xFF,

		/* 图像 D:\A_INDIVIDUSL\2.New_trying\1.xiaoshi_Epaper\6.Tools\pic\图片5c.jpg   24x59  */
		0xFF, 0xFF, 0xFF, 0xC0, 0x00, 0x07, 0x80, 0x00, 0x07, 0x80, 0x00, 0x07,
		0x9F, 0xFF, 0xF7, 0x9F, 0xFF, 0xF7, 0x9F, 0xFF, 0xF7, 0x9F, 0xFF, 0xF7,
		0x9F, 0xFF, 0xF7, 0x9F, 0xFF, 0xF7, 0x9F, 0xFF, 0xF7, 0x9F, 0xFF, 0xF7,
		0x9F, 0xFF, 0xF7, 0x9F, 0xFF, 0xF7, 0x9F, 0xFF, 0xF7, 0x80, 0x00, 0x07,
		0x9F, 0xFF, 0xF7, 0x9F, 0xFF, 0xF7, 0x9F, 0xFF, 0xF7, 0x9F, 0xFF, 0xF7,
		0x9F, 0xFF, 0xF7, 0x9F, 0xFF, 0xF7, 0x9F, 0xFF, 0xF7, 0x9F, 0xFF, 0xF7,
		0x9F, 0xFF, 0xF7, 0x9F, 0xFF, 0xF7, 0x9F, 0xFF, 0xF7, 0x9F, 0xFF, 0xF7,
		0x80, 0x00, 0x07, 0x9F, 0xFF, 0xF7, 0x9F, 0xFF, 0xF7, 0x9F, 0xFF, 0xF7,
		0x9F, 0xFF, 0xF7, 0x9F, 0xFF, 0xF7, 0x9F, 0xFF, 0xF7, 0x9F, 0xFF, 0xF7,
		0x9F, 0xFF, 0xF7, 0x9F, 0xFF, 0xF7, 0x9F, 0xFF, 0xF7, 0x9F, 0xFF, 0xF7,
		0x80, 0x00, 0x07, 0x9F, 0xFF, 0xF7, 0x9F, 0xFF, 0xF7, 0x98, 0x00, 0x37,
		0x98, 0x00, 0x37, 0x98, 0x00, 0x37, 0x98, 0x00, 0x37, 0x98, 0x00, 0x37,
		0x98, 0x00, 0x37, 0x98, 0x00, 0x37, 0x98, 0x00, 0x37, 0x9F, 0xFF, 0xF7,
		0x9F, 0xFF, 0xF7, 0x80, 0x00, 0x07, 0x80, 0x00, 0x07, 0x80, 0x00, 0x07,
		0xFF, 0xFF, 0xFF, 0xFF, 0xFF, 0xFF, 0xFF, 0xFF, 0xFF,

		/* 图像 D:\A_INDIVIDUSL\2.New_trying\1.xiaoshi_Epaper\6.Tools\pic\图片6c.jpg   24x59  */
		0xFF, 0xFF, 0xFF, 0xC0, 0x00, 0x07, 0x80, 0x00, 0x07, 0x80, 0x00, 0x07,
		0x9F, 0xFF, 0xF7, 0x9F, 0xFF, 0xF7, 0x9F, 0xFF, 0xF7, 0x9F, 0xFF, 0xF7,
		0x9F, 0xFF, 0xF7, 0x9F, 0xFF, 0xF7, 0x9F, 0xFF, 0xF7, 0x9F, 0xFF, 0xF7,
		0x9F, 0xFF, 0xF7, 0x9F, 0xFF, 0xF7, 0x9F, 0xFF, 0xF7, 0x80, 0x00, 0x07,
		0x9F, 0xFF, 0xF7, 0x9F, 0xFF, 0xF7, 0x9F, 0xFF, 0xF7, 0x9F, 0xFF, 0xF7,
		0x9F, 0xFF, 0xF7, 0x9F, 0xFF, 0xF7, 0x9F, 0xFF, 0xF7, 0x9F, 0xFF, 0xF7,
		0x9F, 0xFF, 0xF7, 0x9F, 0xFF, 0xF7, 0x9F, 0xFF, 0xF7, 0x9F, 0xFF, 0xF7,
		0x80, 0x00, 0x07, 0x9F, 0xFF, 0xF7, 0x9F, 0xFF, 0xF7, 0x98, 0x00, 0x37,
		0x98, 0x00, 0x37, 0x98, 0x00, 0x37, 0x98, 0x00, 0x37, 0x98, 0x00, 0x37,
		0x98, 0x00, 0x37, 0x98, 0x00, 0x37, 0x9F, 0xFF, 0xF7, 0x9F, 0xFF, 0xF7,
		0x80, 0x00, 0x07, 0x9F, 0xFF, 0xF7, 0x9F, 0xFF, 0xF7, 0x98, 0x00, 0x37,
		0x98, 0x00, 0x37, 0x98, 0x00, 0x37, 0x98, 0x00, 0x37, 0x98, 0x00, 0x37,
		0x98, 0x00, 0x37, 0x98, 0x00, 0x37, 0x98, 0x00, 0x37, 0x9F, 0xFF, 0xF7,
		0x9F, 0xFF, 0xF7, 0x80, 0x00, 0x07, 0x80, 0x00, 0x07, 0x80, 0x00, 0x07,
		0xFF, 0xFF, 0xFF, 0xFF, 0xFF, 0xFF, 0xFF, 0xFF, 0xFF,

		/* 图像 D:\A_INDIVIDUSL\2.New_trying\1.xiaoshi_Epaper\6.Tools\pic\图片7c.jpg   24x59  */
		0xFF, 0xFF, 0xFF, 0xC0, 0x00, 0x07, 0x80, 0x00, 0x07, 0x80, 0x00, 0x07,
		0x9F, 0xFF, 0xF7, 0x9F, 0xFF, 0xF7, 0x9F, 0xFF, 0xF7, 0x9F, 0xFF, 0xF7,
		0x9F, 0xFF, 0xF7, 0x9F, 0xFF, 0xF7, 0x9F, 0xFF, 0xF7, 0x9F, 0xFF, 0xF7,
		0x9F, 0xFF, 0xF7, 0x9F, 0xFF, 0xF7, 0x9F, 0xFF, 0xF7, 0x80, 0x00, 0x07,
		0x9F, 0xFF, 0xF7, 0x9F, 0xFF, 0xF7, 0x98, 0x00, 0x37, 0x98, 0x00, 0x37,
		0x98, 0x00, 0x37, 0x98, 0x00, 0x37, 0x98, 0x00, 0x37, 0x98, 0x00, 0x37,
		0x98, 0x00, 0x37, 0x98, 0x00, 0x37, 0x9F, 0xFF, 0xF7, 0x9F, 0xFF, 0xF7,
		0x80, 0x00, 0x07, 0x9F, 0xFF, 0xF7, 0x9F, 0xFF, 0xF7, 0x98, 0x00, 0x37,
		0x98, 0x00, 0x37, 0x98, 0x00, 0x37, 0x98, 0x00, 0x37, 0x98, 0x00, 0x37,
		0x98, 0x00, 0x37, 0x98, 0x00, 0x37, 0x9F, 0xFF, 0xF7, 0x9F, 0xFF, 0xF7,
		0x80, 0x00, 0x07, 0x9F, 0xFF, 0xF7, 0x9F, 0xFF, 0xF7, 0x98, 0x00, 0x37,
		0x98, 0x00, 0x37, 0x98, 0x00, 0x37, 0x98, 0x00, 0x37, 0x98, 0x00, 0x37,
		0x98, 0x00, 0x37, 0x98, 0x00, 0x37, 0x98, 0x00, 0x37, 0x9F, 0xFF, 0xF7,
		0x9F, 0xFF, 0xF7, 0x80, 0x00, 0x07, 0x80, 0x00, 0x07, 0x80, 0x00, 0x07,
		0xFF, 0xFF, 0xFF, 0xFF, 0xFF, 0xFF, 0xFF, 0xFF, 0xFF,

		/* 图像 D:\A_INDIVIDUSL\2.New_trying\1.xiaoshi_Epaper\6.Tools\pic\图片8c.jpg   24x59  */
		0xFF, 0xFF, 0xFF, 0xC0, 0x00, 0x07, 0x80, 0x00, 0x07, 0x80, 0x00, 0x07,
		0x9F, 0xFF, 0xF7, 0x9F, 0xFF, 0xF7, 0x98, 0x00, 0x37, 0x98, 0x00, 0x37,
		0x98, 0x00, 0x37, 0x98, 0x00, 0x37, 0x98, 0x00, 0x37, 0x98, 0x00, 0x37,
		0x98, 0x00, 0x37, 0x98, 0x00, 0x37, 0x9F, 0xFF, 0xF7, 0x80, 0x00, 0x07,
		0x9F, 0xFF, 0xF7, 0x9F, 0xFF, 0xF7, 0x98, 0x00, 0x37, 0x98, 0x00, 0x37,
		0x98, 0x00, 0x37, 0x98, 0x00, 0x37, 0x98, 0x00, 0x37, 0x98, 0x00, 0x37,
		0x98, 0x00, 0x37, 0x98, 0x00, 0x37, 0x9F, 0xFF, 0xF7, 0x9F, 0xFF, 0xF7,
		0x80, 0x00, 0x07, 0x9F, 0xFF, 0xF7, 0x9F, 0xFF, 0xF7, 0x98, 0x00, 0x37,
		0x98, 0x00, 0x37, 0x98, 0x00, 0x37, 0x98, 0x00, 0x37, 0x98, 0x00, 0x37,
		0x98, 0x00, 0x37, 0x98, 0x00, 0x37, 0x9F, 0xFF, 0xF7, 0x9F, 0xFF, 0xF7,
		0x80, 0x00, 0x07, 0x9F, 0xFF, 0xF7, 0x9F, 0xFF, 0xF7, 0x98, 0x00, 0x37,
		0x98, 0x00, 0x37, 0x98, 0x00, 0x37, 0x98, 0x00, 0x37, 0x98, 0x00, 0x37,
		0x98, 0x00, 0x37, 0x98, 0x00, 0x37, 0x98, 0x00, 0x37, 0x9F, 0xFF, 0xF7,
		0x9F, 0xFF, 0xF7, 0x80, 0x00, 0x07, 0x80, 0x00, 0x07, 0x80, 0x00, 0x07,
		0xFF, 0xFF, 0xFF, 0xFF, 0xFF, 0xFF, 0xFF, 0xFF, 0xFF,

};

const unsigned char gImage_tanzi[128] = {
		/* 图像 D:\A_INDIVIDUSL\2.New_trying\1.xiaoshi_Epaper\6.Tools\pic\图片9c.jpg   32x32  */
		0xFF,0xFF,0xFF,0xFF,0xFF,0xFC,0x00,0x7F,0xFF,0xF8,0x00,0x3F,0xFF,0xF0,0x78,0x0F,
		0xFF,0xF1,0xFF,0x07,0xFF,0xE3,0xFF,0xC7,0xFC,0x23,0xFF,0xE3,0xF8,0x03,0xFF,0xE3,
		0xF0,0x03,0xFF,0xF1,0xE1,0x03,0xFF,0xF1,0xE3,0x03,0xFF,0xF1,0xE3,0x03,0xFF,0xF1,
		0xE3,0x02,0xE0,0x79,0xE3,0x02,0x40,0x39,0x83,0x02,0x00,0x19,0x83,0x02,0x07,0x19,
		0x83,0x02,0x07,0x19,0x83,0x02,0x40,0x19,0xE3,0x02,0x40,0x39,0xE3,0x03,0xE0,0x79,
		0xE3,0x03,0xFF,0xF1,0xE3,0x03,0xFF,0xF1,0xE1,0x03,0xFF,0xF1,0xF0,0x03,0xFF,0xF1,
		0xF8,0x03,0xFF,0xE3,0xFC,0x23,0xFF,0xC3,0xFF,0xE3,0xFF,0xC7,0xFF,0xF1,0xFF,0x0F,
		0xFF,0xF0,0x00,0x1F,0xFF,0xF8,0x00,0x3F,0xFF,0xFE,0x00,0xFF,0xFF,0xFF,0xFF,0xFF,
};

const unsigned char gImage_jiaoshui[128] = {
		/* 图像 D:\A_INDIVIDUSL\2.New_trying\1.xiaoshi_Epaper\6.Tools\pic\图片10c.jpg   32x32  */
		0xFF,0xFF,0xFF,0xFF,0xFF,0xFF,0xFF,0xFF,0xFF,0xFE,0xFF,0xFF,0xFF,0xFC,0xFF,0xFF,
		0xF3,0xD9,0xFF,0xFF,0xE3,0x93,0xFF,0xFF,0xCB,0x37,0xFF,0xFF,0xDA,0x7F,0xFF,0xF1,
		0x9A,0xFF,0x8F,0xE3,0x3B,0xBF,0xC3,0xE3,0x7B,0x27,0xE0,0xE3,0xFA,0x6F,0xE6,0x63,
		0xFA,0xCF,0xE5,0x23,0xFA,0x9F,0xF0,0x03,0xFB,0xFF,0xF2,0xC3,0xFB,0xFB,0xF0,0x03,
		0xFB,0xF9,0xC0,0x03,0xFB,0xFC,0x10,0x03,0xFB,0xFF,0xE5,0x23,0xFB,0xFF,0xE4,0x63,
		0xFB,0xCF,0xE0,0x63,0x78,0xEF,0xE1,0xE3,0x3A,0x67,0xC3,0xE3,0x9B,0x17,0xDF,0xE1,
		0xEB,0xFF,0xFF,0xFB,0xE3,0xFE,0xFF,0xFF,0xFB,0xEE,0x7F,0xFF,0xFF,0xE7,0x1F,0xFF,
		0xFF,0xF1,0xDF,0xFF,0xFF,0xFF,0xFF,0xFF,0xFF,0xFF,0xFF,0xFF,0xFF,0xFF,0xFF,0xFF,
};

const unsigned char gImage_dushu[128] = {
		/* 图像 D:\A_INDIVIDUSL\2.New_trying\1.xiaoshi_Epaper\6.Tools\pic\图片11c.jpg   32x32  */
		0xFF,0xFF,0xFF,0xFF,0xFF,0xFF,0xFF,0xFF,0xFF,0xFF,0x01,0xFF,0xFF,0xFF,0x00,0x03,
		0xFF,0xFF,0x00,0x01,0xFF,0xFF,0x00,0x01,0xFF,0x9F,0x0F,0xE1,0xF8,0x01,0x0F,0xF1,
		0xF0,0x01,0x0F,0xF1,0xE0,0x01,0x8F,0xF1,0xC1,0xF9,0x8F,0xF1,0xC7,0xFF,0x8F,0xF1,
		0x87,0xFF,0x8F,0xF1,0x8F,0x8F,0x8F,0xF1,0x0F,0x8F,0x0F,0xF1,0x1F,0xFF,0x1F,0xF0,
		0x1F,0xFF,0x1F,0xF8,0x0F,0x8F,0x1F,0xF0,0x8F,0x8F,0x0F,0xF1,0x8F,0xFF,0x0F,0xF1,
		0x87,0xFF,0x0F,0xF1,0xC3,0xFF,0x0F,0xF1,0xE0,0xF1,0x0F,0xF1,0xF0,0x01,0x0F,0xF1,
		0xF8,0x01,0x0F,0xF1,0xFE,0x07,0x0F,0xF1,0xFF,0xFF,0x1F,0xC1,0xFF,0xFF,0x00,0x01,
		0xFF,0xFF,0x00,0x01,0xFF,0xFF,0x00,0x1F,0xFF,0xFF,0x9F,0xFF,0xFF,0xFF,0xFF,0xFF,
};

const unsigned char gImage_riji[128] = {
		/* 图像 D:\A_INDIVIDUSL\2.New_trying\1.xiaoshi_Epaper\6.Tools\pic\icon_日记.jpg   32x32  */
		0x00,0x81,0x81,0x00,0x01,0x81,0x81,0x80,0x01,0xC1,0xC3,0x80,0x01,0xC3,0xC3,0x80,
		0x3F,0xFF,0xFF,0xFC,0x7F,0xFF,0xFF,0xFE,0x7B,0xFB,0xDB,0xDE,0x79,0xC1,0xC3,0x9E,
		0x79,0xC1,0x81,0x9E,0x78,0x00,0x00,0x1E,0x7F,0xFF,0xFF,0xFE,0x7F,0xFF,0xFF,0xFE,
		0x7F,0xFF,0xFF,0xFE,0x78,0x00,0x00,0x1E,0x78,0x00,0x00,0x1E,0x78,0x00,0x00,0x1E,
		0x78,0x00,0x00,0x1E,0x78,0x00,0x00,0x1E,0x78,0x00,0x00,0x1E,0x78,0x00,0x00,0x1E,
		0x78,0x00,0x00,0x1E,0x78,0x41,0x00,0x1E,0x78,0xFF,0x80,0x1E,0x79,0xFF,0x80,0x1E,
		0x78,0xFF,0x80,0x1E,0x78,0x00,0x00,0x1E,0x78,0x00,0x00,0x1E,0x7F,0xFF,0xFF,0xFE,
		0x3F,0xFF,0xFF,0xFE,0x1F,0xFF,0xFF,0xF8,0x00,0x00,0x00,0x00,0x00,0x00,0x00,0x00,
};

const unsigned char gImage_huoguo[128] = {
		/* 图像 D:\Users\Administrator\Documents\GitHub\Xiaotian_Epaper\7.img\icon\图片15c.png.jpg   32x32  */
		0xFF,0xFF,0xFF,0xFF,0xFF,0xF1,0xFF,0xFF,0xFF,0xE0,0x3F,0xFF,0xFF,0xE6,0x1F,0xFF,
		0xFF,0xE7,0x8F,0xFF,0xF8,0x67,0xE7,0xFF,0x80,0x67,0xF3,0xFF,0xC3,0x67,0xF1,0xFF,
		0xFF,0xE7,0xF9,0xFF,0xFF,0xE7,0xF8,0xE3,0xFF,0xE7,0xFC,0x01,0xFC,0x27,0xFC,0x19,
		0xC0,0x27,0xFF,0xF9,0x83,0xE7,0xFF,0xF9,0x9F,0xE7,0xFC,0xF9,0x9F,0xE7,0xFC,0xF9,
		0x9F,0xE7,0xFC,0xF9,0x9F,0xE7,0xFC,0xF9,0x9F,0xE7,0xFC,0xF9,0x80,0x07,0xFC,0xF9,
		0xE0,0x07,0xFC,0xF9,0xFF,0xC7,0xFC,0x01,0xFF,0xE7,0xCC,0x03,0xFF,0xE7,0x89,0xFF,
		0xF8,0xE6,0x19,0xFF,0x80,0x64,0x73,0xFF,0x83,0x67,0xE3,0xFF,0xFF,0xE7,0xC7,0xFF,
		0xFF,0xE7,0x1F,0xFF,0xFF,0xE0,0x3F,0xFF,0xFF,0xE0,0xFF,0xFF,0xFF,0xFF,0xFF,0xFF,

};

const unsigned char photo1[1760] ={

		/* 图像 D:\Users\Administrator\Documents\GitHub\Xiaotian_Epaper\7.img\icon\图片12c.jpg  128x110 */
		0xFF,0xFF,0xFF,0xFF,0xFF,0xFF,0xFF,0xFF,0xFF,0xFF,0xFF,0xFF,0xFF,0xFF,0xFF,0xBF,
		0xFF,0xFF,0xFF,0xFF,0xFF,0xFF,0xFF,0xFF,0xFF,0xFF,0xFF,0xFF,0xFF,0xFF,0xFF,0x9F,
		0xFF,0xFF,0xFF,0xFF,0xFF,0xFF,0xFF,0xFF,0xFF,0xFF,0xFF,0xFF,0xFF,0xFF,0xFF,0x1F,
		0xFF,0xFF,0xFF,0xFF,0xFF,0xFF,0xFF,0xFF,0xFF,0xFF,0xFF,0xFF,0xFF,0xFF,0xFF,0x4F,
		0xFF,0xFF,0xFF,0xFF,0xFF,0xFF,0xFF,0xFF,0xFF,0xFF,0xFF,0xFF,0xFF,0xFF,0xFF,0x6F,
		0xFF,0xFF,0xFF,0xFF,0xFF,0xFF,0xFF,0xFF,0xFF,0xFF,0xFF,0xFF,0xFF,0xFF,0xFF,0x6F,
		0xFF,0xFF,0xFF,0xFF,0xFF,0xFF,0xFF,0xFF,0xFF,0xFF,0xFF,0xFF,0xFF,0xFF,0xFE,0x6F,
		0xFF,0xFF,0xFF,0xFF,0xFF,0xFF,0xFF,0xFF,0xFF,0xFF,0xFF,0xFF,0xFF,0xFF,0xFE,0x6F,
		0xFF,0xFF,0xFF,0xFF,0xFF,0xFF,0xFF,0xFF,0xFF,0xFF,0xFF,0xFF,0xFF,0xFF,0xFE,0xF7,
		0xFF,0xFF,0xFF,0xFF,0xFF,0xFF,0xFF,0xFF,0xFF,0xFF,0xFF,0xFF,0xFF,0xFF,0xFE,0xF7,
		0xFF,0xFF,0xFF,0xFF,0xFF,0xFF,0xFF,0xFF,0xFF,0xFF,0xFF,0xFF,0xFF,0xFF,0xFF,0xE7,
		0xFF,0xFF,0xFF,0xFF,0xFF,0xFF,0xFF,0xFF,0xFF,0xFF,0xFF,0xFF,0xFF,0xFF,0xFD,0xF7,
		0xFF,0xFF,0xFF,0xFF,0xFF,0xFF,0xFF,0xFF,0xFF,0xFF,0xFF,0xFF,0xFF,0xFF,0xFD,0xF7,
		0xFF,0xFF,0xFF,0xFF,0xFF,0xFF,0xFF,0xFF,0xFF,0xFF,0xFF,0xFF,0xFF,0xFF,0xFD,0xFF,
		0xFF,0xFF,0xFF,0xFF,0xFF,0xFF,0xFF,0xFF,0xFF,0xFF,0xFF,0xFF,0xFF,0xFF,0xFD,0xFF,
		0xFF,0xFF,0xFF,0xFF,0xFF,0xFF,0xFF,0xFF,0xFF,0xFF,0xFF,0xFF,0xFF,0xFF,0xFD,0xF3,
		0xFF,0xFF,0xFF,0xFF,0xFF,0xFF,0xFF,0xFF,0xFF,0xFF,0xFF,0xFF,0xFF,0xFF,0xFD,0xF3,
		0xFF,0xFF,0xFF,0xFF,0xFF,0xFF,0xFF,0xFF,0xFF,0xFF,0xFF,0xFF,0xFF,0xFF,0xFD,0xF3,
		0xFF,0xFF,0xFC,0xFF,0xFF,0xFF,0xFF,0xFF,0xFF,0xFF,0xFF,0xFF,0xFF,0xFF,0xFF,0xF3,
		0xFF,0xFF,0xF8,0x7F,0xFF,0xFF,0xFF,0xFF,0xFF,0xFF,0xFF,0xFF,0xFF,0xFF,0xFF,0xF3,
		0xFF,0xFF,0xF0,0x3F,0xFF,0xFF,0xFF,0xFF,0xFF,0xFF,0xFF,0xFF,0xFF,0xFF,0xFB,0xF3,
		0xFF,0xFF,0xE6,0x7F,0xFF,0xFF,0xFF,0xFF,0xFF,0xFF,0xFF,0xFF,0xFF,0xFF,0xF9,0xFB,
		0xFF,0xFF,0xCC,0xC4,0x63,0xFF,0xFF,0xFF,0xFF,0xFF,0xFF,0xFF,0xFF,0xFF,0xFB,0xFB,
		0xFF,0xFF,0xC9,0x00,0x30,0x7F,0xFF,0xFF,0xFF,0xFF,0xFF,0xFF,0xFF,0xFF,0xF9,0xFB,
		0xFF,0xFF,0xDB,0x00,0x7C,0x1F,0xFF,0xFF,0xFF,0xFF,0xFF,0xFF,0xFF,0xFF,0xF9,0xF9,
		0xFF,0xFF,0x9A,0x00,0xFF,0x9F,0xFF,0xFF,0xFF,0xFF,0xFF,0xFF,0xFF,0xFF,0xFB,0xF9,
		0xFF,0xE1,0x9E,0x01,0xE1,0xCD,0xFF,0xFF,0xFF,0x0F,0xFF,0xFF,0xFF,0xFF,0xFB,0xFD,
		0xFF,0xC1,0xCE,0x01,0x80,0xC0,0x7F,0xFF,0xF0,0x01,0xFF,0xFF,0xFF,0xFF,0xF9,0xFD,
		0xFF,0xC1,0xC4,0x00,0x00,0xE0,0x3F,0xFF,0xE0,0x60,0xFF,0xFF,0xFE,0x00,0x18,0x39,
		0xFF,0x93,0xC0,0x00,0x00,0x60,0x3F,0xFF,0xC7,0xF8,0x7F,0xFF,0xF0,0x00,0x08,0x39,
		0xFF,0x07,0x80,0x00,0x10,0x60,0x1F,0xFF,0x9F,0xFE,0x7F,0xFF,0xA0,0x1F,0x80,0x39,
		0xFF,0x07,0x98,0x01,0xBC,0x60,0x1F,0xFF,0xBF,0xFF,0x3F,0xFE,0x1E,0xFF,0xC0,0x19,
		0xFF,0x0F,0x1E,0x01,0xBC,0x60,0x1F,0xFF,0xFF,0xFF,0x1F,0xF0,0x1F,0xF7,0xE0,0x19,
		0xFF,0x8F,0x3F,0x01,0xBC,0x00,0x1F,0xF9,0xFF,0xFF,0x1F,0xC1,0xCF,0x03,0xE0,0x19,
		0xFF,0x8E,0x3F,0xC0,0x3C,0x00,0x1F,0xF8,0xF0,0x1F,0x8F,0x0F,0xCF,0x03,0xE0,0x19,
		0xFF,0x9E,0x7F,0xE0,0x38,0x00,0x1F,0xE0,0x20,0x3F,0x8E,0x3F,0xCF,0x03,0xE0,0x1D,
		0xFF,0x84,0x0F,0xC8,0x78,0x00,0x0F,0xE3,0x00,0x7F,0x8E,0x3F,0xE7,0x03,0xE0,0x1D,
		0xFF,0x00,0x03,0xC8,0x78,0x00,0x07,0xF3,0x9F,0xFF,0x8E,0x3F,0xE7,0x03,0xE0,0x1F,
		0xFF,0x00,0x61,0x90,0x38,0x00,0x23,0xE7,0xDF,0xFF,0x86,0x0F,0xE3,0xE7,0xE0,0x1F,
		0xFF,0x03,0xF8,0x30,0x18,0x03,0x11,0xE7,0xFF,0xFF,0x83,0x03,0xE3,0xFF,0xE0,0x1F,
		0xFC,0x63,0x86,0x20,0x11,0xFF,0x99,0xC7,0xBF,0xFF,0x87,0x21,0xE3,0xFF,0xE0,0x3F,
		0xF8,0x71,0x80,0x20,0x13,0xFF,0x98,0x83,0xBF,0xFF,0x85,0x38,0xE3,0xFF,0xE0,0x3F,
		0xF8,0xF8,0xC0,0x60,0x13,0xFF,0x9C,0xC9,0xBF,0xFF,0x05,0x3C,0xF3,0xFF,0xE0,0x3F,
		0xF0,0xF0,0x70,0x40,0x13,0xFF,0x8C,0xC8,0x3F,0xFF,0x0D,0x3C,0x73,0xFF,0xC0,0x1F,
		0xF0,0xF2,0x0C,0xC0,0x13,0xFF,0x8C,0x4C,0x3F,0xFE,0x09,0x3E,0x73,0xFF,0xC0,0x1F,
		0xF0,0xF3,0x80,0xC0,0x11,0xFF,0x86,0x46,0x3F,0xFC,0x00,0x00,0x30,0x7F,0xC0,0x3F,
		0xF0,0xE7,0xF0,0x80,0x30,0x00,0x06,0x66,0x3F,0xFC,0x00,0x00,0x30,0x7F,0x80,0x3F,
		0xF1,0xE7,0xFD,0x80,0x30,0x00,0x0E,0x22,0x3F,0xF8,0x40,0x00,0x10,0x3F,0x80,0x3F,
		0xF1,0xE7,0xFD,0x00,0x20,0x00,0x06,0x22,0x1F,0xE0,0xC0,0x00,0x00,0x3F,0x00,0x7F,
		0xF9,0xE7,0xF9,0x00,0x60,0x00,0x02,0x30,0x0F,0xC0,0xC0,0x00,0x00,0x3E,0x13,0xFF,
		0xF8,0x40,0x01,0x00,0x60,0x00,0x00,0x30,0x02,0x00,0xC0,0x3C,0x00,0x38,0x73,0xFF,
		0xF8,0x00,0x00,0x00,0xE0,0x00,0x00,0x30,0x00,0x00,0x00,0x3E,0x00,0x30,0xF7,0xFF,
		0xFB,0x8C,0x00,0x19,0xE0,0x00,0x1E,0x38,0x00,0x00,0x00,0x00,0x00,0x03,0xF7,0xFF,
		0xFB,0xFE,0x7C,0x39,0xE0,0x00,0x3F,0x3C,0x38,0x00,0x00,0x00,0x00,0x07,0xF3,0xFF,
		0xFB,0xFC,0x7C,0x39,0xE0,0x00,0x3F,0x3C,0x3C,0x00,0x00,0x00,0x00,0x07,0xE0,0x7F,
		0xFB,0xFC,0x7C,0x39,0xE0,0x00,0x7E,0x3C,0x7C,0x00,0x00,0x00,0x00,0x00,0x00,0x3F,
		0xFF,0xFC,0x7C,0x39,0xE0,0x00,0xFE,0x3C,0x7C,0x00,0x00,0x00,0x00,0x00,0x00,0x3F,
		0xFB,0xFE,0x7C,0x39,0xE0,0x00,0x7F,0x3C,0x79,0x80,0x00,0x00,0x00,0x00,0x00,0x3F,
		0xFB,0xFE,0x7C,0x39,0xE0,0x00,0x3F,0x3C,0x79,0x80,0x00,0x00,0x00,0x00,0x00,0x3F,
		0xFB,0xFE,0x7C,0x39,0xE0,0x00,0x3F,0x3C,0x70,0x80,0x00,0x00,0x00,0x02,0x00,0x3F,
		0xFB,0x0C,0x00,0x19,0xE0,0x00,0x1E,0x38,0x40,0x00,0x00,0x00,0x00,0x03,0xE0,0x7F,
		0xF8,0x00,0x00,0x00,0xE0,0x00,0x00,0x30,0x00,0x00,0x00,0x00,0x00,0x00,0xF7,0xFF,
		0xF8,0x60,0x19,0x00,0x60,0x00,0x00,0x30,0x03,0x00,0x00,0x00,0x00,0x00,0x77,0xFF,
		0xF9,0xE7,0xF9,0x00,0x20,0x00,0x02,0x30,0x0F,0xC0,0x08,0x00,0x00,0x06,0x13,0xFF,
		0xF1,0xE7,0xFD,0x00,0x20,0x00,0x06,0x22,0x1F,0xE0,0x08,0x00,0x06,0x1F,0x80,0x7F,
		0xF1,0xE7,0xFD,0x80,0x30,0x00,0x0E,0x22,0x3F,0xF0,0x08,0x00,0x07,0xFF,0xC0,0x3F,
		0xF0,0xE7,0xF8,0x80,0x10,0x00,0x0E,0x66,0x3F,0xF8,0x00,0x00,0x0F,0xFF,0xC0,0x3F,
		0xF0,0xE3,0xC0,0xC0,0x11,0xFF,0x86,0x46,0x3F,0xFC,0x00,0x00,0x0F,0xFF,0xE0,0x3F,
		0xF0,0xF2,0x0C,0xC4,0x13,0xFF,0x84,0x4C,0x1F,0xFE,0x00,0x01,0x9F,0xFF,0xE0,0x3F,
		0xF0,0xF0,0x30,0x40,0x13,0xFF,0x8C,0xC8,0x1F,0xFF,0x00,0x03,0xFF,0xFF,0xC0,0x1F,
		0xF8,0xF8,0xC0,0x60,0x13,0xFF,0x9C,0xC9,0x9F,0xFF,0x80,0x03,0x07,0xFF,0xC0,0x1D,
		0xF8,0x71,0x82,0x20,0x13,0xFF,0x98,0x83,0x9F,0xFF,0xC0,0x01,0x81,0xFF,0xC0,0x1F,
		0xFC,0x63,0x92,0x20,0x11,0xFF,0x99,0x87,0x9F,0xFF,0xC0,0x01,0x81,0xFF,0xC0,0x1D,
		0xFF,0x03,0xD8,0x30,0x18,0x07,0x11,0xE7,0xDF,0xFF,0xC0,0x3F,0x99,0xFF,0xC0,0x1D,
		0xFF,0x00,0x61,0x90,0x38,0x00,0x03,0xE7,0xCF,0xFF,0xC0,0x3F,0x99,0xE7,0xC0,0x19,
		0xFF,0x00,0x07,0xC8,0x38,0x00,0x07,0xF3,0x8F,0xFF,0xC0,0x3F,0x99,0x03,0xC0,0x1D,
		0xFF,0x8C,0x0F,0xC8,0x38,0x00,0x0F,0xE3,0x07,0xFF,0x80,0x3F,0x3B,0x03,0xC0,0x19,
		0xFF,0x8E,0x7F,0xE0,0x38,0x00,0x1F,0xE0,0x20,0xFF,0x82,0x3E,0x33,0x03,0xE0,0x19,
		0xFF,0x8E,0x3F,0xC0,0x3C,0x00,0x1F,0xF8,0xE0,0x3F,0x83,0x1F,0x23,0x03,0xE0,0x19,
		0xFF,0x8F,0x3F,0x01,0x3C,0x00,0x1F,0xF9,0xE0,0x3F,0x9F,0x81,0xF7,0x03,0xC0,0x19,
		0xFF,0x0F,0x1E,0x01,0x9C,0x40,0x1F,0xFF,0xF7,0xFF,0x1F,0x80,0x7F,0xFF,0xC0,0x19,
		0xFF,0x07,0x98,0x00,0x9C,0x60,0x1F,0xFF,0xBF,0xFF,0x3F,0x80,0x07,0xFF,0x80,0x19,
		0xFF,0x07,0x80,0x00,0x00,0x60,0x1F,0xFF,0x9F,0xFC,0x7F,0x8E,0x00,0x3F,0x00,0x39,
		0xFF,0x83,0xC0,0x00,0x00,0xE0,0x3F,0xFF,0xC7,0xF8,0x7F,0xCF,0x30,0x00,0x08,0x39,
		0xFF,0xC1,0xC0,0x00,0x00,0xE0,0x3F,0xFF,0xE0,0x00,0xFF,0xF6,0x7E,0x00,0x18,0x79,
		0xFF,0xC1,0xC0,0x00,0x00,0xC0,0x7F,0xFF,0xF0,0x03,0xFF,0xFE,0x7F,0xFF,0xFB,0xFF,
		0xFF,0xF1,0x8C,0x00,0x63,0x8D,0xFF,0xFF,0xFF,0xCF,0xFF,0xFF,0xFF,0xFF,0xF9,0xFF,
		0xFF,0xFF,0x86,0x00,0x7F,0x9F,0xFF,0xFF,0xFF,0xFF,0xFF,0xFF,0xFF,0xFF,0xF9,0xFB,
		0xFF,0xFF,0xC3,0x00,0x3C,0x1F,0xFF,0xFF,0xFF,0xFF,0xFF,0xFF,0xFF,0xFF,0xF9,0xFB,
		0xFF,0xFF,0xE0,0x00,0x20,0x7F,0xFF,0xFF,0xFF,0xFF,0xFF,0xFF,0xFF,0xFF,0xFB,0xFB,
		0xFF,0xFF,0xF0,0x00,0x3B,0xFF,0xFF,0xFF,0xFF,0xFF,0xFF,0xFF,0xFF,0xFF,0xFF,0xF3,
		0xFF,0xFF,0xF8,0x00,0x3F,0xFF,0xFF,0xFF,0xFF,0xFF,0xFF,0xFF,0xFF,0xFF,0xFF,0xF3,
		0xFF,0xFF,0xFE,0x00,0x3F,0xFF,0xFF,0xFF,0xFF,0xFF,0xFF,0xFF,0xFF,0xFF,0xFD,0xF3,
		0xFF,0xFF,0xFF,0x80,0x3F,0xFF,0xFF,0xFF,0xFF,0xFF,0xFF,0xFF,0xFF,0xFF,0xFC,0xF3,
		0xFF,0xFF,0xFF,0xC0,0x7F,0xFF,0xFF,0xFF,0xFF,0xFF,0xFF,0xFF,0xFF,0xFF,0xFC,0xFB,
		0xFF,0xFF,0xFF,0xF8,0xFF,0xFF,0xFF,0xFF,0xFF,0xFF,0xFF,0xFF,0xFF,0xFF,0xFC,0xFF,
		0xFF,0xFF,0xFF,0xFF,0xFF,0xFF,0xFF,0xFF,0xFF,0xFF,0xFF,0xFF,0xFF,0xFF,0xFC,0xFF,
		0xFF,0xFF,0xFF,0xFF,0xFF,0xFF,0xFF,0xFF,0xFF,0xFF,0xFF,0xFF,0xFF,0xFF,0xFC,0xFF,
		0xFF,0xFF,0xFF,0xFF,0xFF,0xFF,0xFF,0xFF,0xFF,0xFF,0xFF,0xFF,0xFF,0xFF,0xFF,0xF7,
		0xFF,0xFF,0xFF,0xFF,0xFF,0xFF,0xFF,0xFF,0xFF,0xFF,0xFF,0xFF,0xFF,0xFF,0xFE,0xF7,
		0xFF,0xFF,0xFF,0xFF,0xFF,0xFF,0xFF,0xFF,0xFF,0xFF,0xFF,0xFF,0xFF,0xFF,0xFE,0xF7,
		0xFF,0xFF,0xFF,0xFF,0xFF,0xFF,0xFF,0xFF,0xFF,0xFF,0xFF,0xFF,0xFF,0xFF,0xFE,0xE7,
		0xFF,0xFF,0xFF,0xFF,0xFF,0xFF,0xFF,0xFF,0xFF,0xFF,0xFF,0xFF,0xFF,0xFF,0xFE,0x7F,
		0xFF,0xFF,0xFF,0xFF,0xFF,0xFF,0xFF,0xFF,0xFF,0xFF,0xFF,0xFF,0xFF,0xFF,0xFE,0x6F,
		0xFF,0xFF,0xFF,0xFF,0xFF,0xFF,0xFF,0xFF,0xFF,0xFF,0xFF,0xFF,0xFF,0xFF,0xFF,0xEF,
		0xFF,0xFF,0xFF,0xFF,0xFF,0xFF,0xFF,0xFF,0xFF,0xFF,0xFF,0xFF,0xFF,0xFF,0xFF,0x4F,
		0xFF,0xFF,0xFF,0xFF,0xFF,0xFF,0xFF,0xFF,0xFF,0xFF,0xFF,0xFF,0xFF,0xFF,0xFF,0x1F,
		0xFF,0xFF,0xFF,0xFF,0xFF,0xFF,0xFF,0xFF,0xFF,0xFF,0xFF,0xFF,0xFF,0xFF,0xFF,0x9F,
		0xFF,0xFF,0xFF,0xFF,0xFF,0xFF,0xFF,0xFF,0xFF,0xFF,0xFF,0xFF,0xFF,0xFF,0xFF,0x9F,
		0xFF,0xFF,0xFF,0xFF,0xFF,0xFF,0xFF,0xFF,0xFF,0xFF,0xFF,0xFF,0xFF,0xFF,0xFF,0xFF,

};

const unsigned char photo2[1760] ={

		/* 图像 D:\Users\Administrator\Documents\GitHub\Xiaotian_Epaper\7.img\icon\图片13-c.jpg  128x110 */
		0xFF,0xFF,0xFF,0xFF,0xFF,0xFF,0xFF,0xFF,0xFF,0xFF,0xFF,0xC1,0xFE,0x3F,0xFF,0xFF,
		0xFF,0xFF,0xFF,0xFF,0xFF,0xFF,0xFF,0xFF,0xFF,0xFF,0xFF,0x07,0xFF,0x3F,0xFF,0xFF,
		0xFF,0xFF,0xFF,0xFF,0xFF,0xFF,0xFF,0xFF,0xFF,0xFF,0xFC,0x1F,0xFF,0x3F,0xFF,0xFF,
		0xFF,0xFF,0xFF,0xFF,0xFF,0xFF,0xFF,0xFF,0xFF,0xFF,0xF0,0x7F,0xFF,0x1F,0xFF,0xFF,
		0xFF,0xFF,0xFF,0xFF,0xFF,0xFF,0xFF,0xFF,0xFF,0xFF,0xC1,0xFF,0xFF,0x8F,0xFF,0xFF,
		0xFF,0xFF,0xFF,0xFF,0xFF,0xFF,0xFF,0xFF,0xFF,0xFF,0x07,0xFF,0xFF,0xC7,0xFF,0xFF,
		0xFF,0xFF,0xFF,0xFF,0xFF,0xFF,0xFF,0xFF,0xFF,0xFC,0x1F,0xFF,0xFF,0xE7,0xFF,0xFF,
		0xFF,0xFF,0xFF,0xFF,0xFF,0xFF,0xFF,0xFF,0xFF,0xF0,0x7F,0xFF,0xFF,0xE3,0xFF,0xFF,
		0xFF,0xFF,0xFF,0xFF,0xFF,0xFF,0xFF,0xFF,0xFF,0x80,0xFF,0xFF,0xFF,0xF1,0xFF,0xFF,
		0xFF,0xFF,0xFF,0xFF,0xFF,0xFF,0xFF,0xFF,0xFC,0x03,0xFF,0xFF,0xFF,0xF0,0x01,0xFF,
		0xFF,0xFF,0xFF,0xFF,0xFF,0xFF,0xFF,0xF0,0x00,0x1F,0xFF,0xFF,0xFF,0xF0,0xFF,0xFF,
		0xFF,0xFF,0xFF,0xFF,0xFF,0xFF,0xF0,0x00,0x01,0xFF,0xFF,0xFF,0xFF,0xF8,0xFF,0xFF,
		0xFF,0xFF,0xFF,0xFF,0xFF,0xFC,0x00,0x00,0x3F,0xFF,0xFF,0xFF,0xFF,0xF8,0xFF,0xFF,
		0xFF,0xFF,0xFE,0x1F,0xFF,0x80,0x00,0x7F,0xFF,0xFF,0xFF,0xFF,0xFF,0xFC,0x7F,0xFF,
		0xFF,0xFF,0xFC,0x03,0xFC,0x00,0xFF,0xFF,0xFF,0xFF,0xFF,0xFF,0xFF,0xFC,0x7F,0xFF,
		0xFF,0xFF,0xF8,0x00,0xF0,0x1F,0xFF,0xFF,0xFF,0xFF,0xFF,0xFF,0xFF,0xFC,0x7F,0xFF,
		0xFF,0xFF,0xF8,0x18,0x41,0xFF,0xFF,0xFF,0xFF,0xFF,0xFF,0xFF,0xFF,0xFC,0x7F,0xFF,
		0xFF,0xFF,0xF3,0xFE,0x07,0xFF,0xFF,0xFF,0xFF,0xFF,0xFF,0xFF,0xFF,0xFC,0x7F,0xFF,
		0xFF,0xFF,0xE7,0xDE,0x1F,0xFF,0xFF,0xFF,0xFF,0xFF,0xFF,0xFF,0xFF,0xFC,0x7F,0xFF,
		0xFF,0xFF,0xE7,0x8E,0x3F,0xFF,0xFF,0xFF,0xFF,0xFF,0xFF,0xFF,0xFF,0xFC,0x7F,0xFF,
		0xFF,0xFF,0xE7,0x8E,0x7F,0xFF,0xFF,0xFF,0xFF,0xFF,0xFF,0xFF,0xFF,0xFC,0x7F,0xFF,
		0xFF,0xFF,0x87,0xDC,0x7F,0xFF,0xFF,0xFF,0xFF,0xFF,0xFF,0xFF,0xFF,0xFC,0x7F,0xFF,
		0xFF,0xFF,0x07,0xFC,0x7F,0xFF,0xFF,0xFF,0xFF,0xFF,0xFF,0xFF,0xFF,0xFC,0xFF,0xFF,
		0xFF,0xFF,0x06,0x3C,0xFF,0xFF,0xFF,0xFF,0xFF,0xFF,0xFF,0xFF,0xFF,0xFC,0xFF,0xFF,
		0xFF,0xFF,0x06,0x38,0xFF,0xFF,0xF2,0x07,0xFF,0xFF,0xFF,0xFF,0xFF,0xFC,0xFF,0xFF,
		0xFF,0xFF,0x87,0xF1,0xFF,0xFF,0xF4,0x01,0xFF,0xFF,0xFF,0xFF,0xFF,0xF8,0xFF,0xFF,
		0xFF,0xFF,0xE3,0xF1,0xFF,0xFF,0xE4,0xF8,0x7F,0xFF,0xFF,0xFF,0xFF,0xF8,0xFF,0xFF,
		0xFF,0xFF,0xF1,0xE3,0xFF,0xFF,0xE4,0xFC,0x7F,0xFF,0xFF,0xFF,0xFF,0xF9,0xFF,0xFF,
		0xFF,0xFF,0xF8,0x07,0xFF,0xFF,0xCC,0xF9,0x3F,0xFF,0xFF,0xFF,0xFF,0xF9,0xFF,0xFF,
		0xFF,0xFF,0xF8,0x1F,0xFF,0xFF,0x8F,0xFC,0x7F,0xFF,0xFF,0xFF,0xFF,0xF9,0xFF,0xFF,
		0xFF,0xFF,0xF8,0xFF,0xFF,0xFE,0x1F,0xF8,0xFF,0xFF,0xFF,0xFF,0xFF,0xF3,0xFF,0xFF,
		0xFF,0xFF,0xF9,0xFF,0xFF,0xF0,0x3F,0xFC,0x38,0xFF,0xFF,0xFF,0xFF,0xFB,0xFF,0xFF,
		0xFF,0xFF,0xF1,0xFF,0xFF,0x00,0xFF,0xFF,0x0C,0x1F,0xFF,0xFF,0xFF,0xFB,0xFF,0xFF,
		0xFF,0xFF,0xF1,0xFF,0xF0,0x07,0xEF,0xFF,0xC7,0x07,0xFF,0xFF,0xFF,0xFF,0xFF,0xFF,
		0xFF,0xFF,0xC3,0xFF,0xC0,0xFF,0x8F,0xFF,0xF1,0xE1,0xFF,0xFF,0xFF,0xFF,0xFF,0xFF,
		0xFF,0xFF,0xC3,0xFF,0x07,0xFE,0x0D,0xFC,0x78,0xF8,0x7F,0xFF,0xFF,0xFF,0xFF,0xFF,
		0xFF,0xFF,0xC3,0xFE,0x1F,0xE0,0x4C,0xFF,0xFC,0x7E,0x1F,0xFF,0xFF,0xFF,0xFF,0xFF,
		0xFF,0xFF,0xC7,0xFC,0x78,0x01,0xCC,0xF8,0xFE,0x7F,0x87,0xFF,0xFF,0xFF,0xFF,0xFF,
		0xFF,0xFF,0xC7,0xF9,0xE0,0x1E,0x4C,0x9F,0xFE,0x3F,0xC0,0xFF,0xFF,0xFF,0xFF,0xFF,
		0xFF,0xFF,0xE7,0xFF,0xFF,0xF0,0x4C,0x11,0xFF,0x3F,0x80,0x07,0xFF,0xF9,0xFF,0xFF,
		0xFF,0xFF,0xE3,0xFF,0x00,0x01,0xCC,0x71,0xFF,0x1E,0x00,0x00,0x00,0x01,0xFF,0xFF,
		0xFF,0xFF,0xC3,0xFF,0x00,0x1F,0xFC,0xFF,0xFF,0x00,0x31,0x38,0x00,0x01,0xFF,0xFF,
		0xFF,0xFF,0xC3,0xFC,0xFE,0x00,0xFF,0xFF,0xFF,0x00,0x7C,0x1F,0xE0,0x0F,0xFF,0xFF,
		0xFF,0xFF,0xC1,0xFC,0xFE,0x03,0xFF,0xFF,0xFF,0x81,0xFE,0x4F,0xFF,0xFF,0xFF,0xFF,
		0xFF,0xFF,0xF1,0xFC,0x7F,0xFF,0xFF,0xFF,0xFF,0x9F,0xFE,0x0C,0xFF,0xFF,0xFF,0xFF,
		0xFF,0xFF,0xF9,0xFE,0x3F,0xFF,0xFF,0xFE,0xFF,0x9F,0xFF,0x00,0xFF,0xFF,0xFF,0xFF,
		0xFF,0xFF,0xF9,0xFE,0x1F,0xFF,0xFF,0xFE,0x7F,0x9F,0xFF,0x81,0x1F,0xFF,0xFF,0xFF,
		0xFF,0xFF,0xF8,0xFF,0x0F,0xFF,0xFF,0xFE,0x7F,0x1F,0xFF,0x80,0x7F,0xFF,0xFF,0xFF,
		0xFF,0xFF,0xFC,0xFF,0x87,0xFE,0xFF,0xFF,0x3F,0x1F,0xFF,0x80,0x1F,0xFF,0xFF,0xFF,
		0xFF,0xFF,0xF0,0x7F,0xC1,0xF8,0xFF,0xF8,0x3F,0x1F,0xFF,0x01,0x81,0xFF,0xFF,0xFF,
		0xFF,0xFF,0xE0,0x3F,0xF0,0xF9,0xCF,0xF8,0x7F,0x3F,0xFF,0x01,0xFF,0xFF,0xFF,0xFF,
		0xFF,0xFF,0xC6,0x1F,0xFC,0x33,0x87,0xFF,0xFF,0x3F,0xFE,0x19,0xFF,0xFF,0xFF,0xFF,
		0xFF,0xFF,0xCF,0x07,0xFF,0x17,0x83,0x1F,0xFE,0x3F,0xFC,0x1F,0xFF,0xFF,0xFF,0xFF,
		0xFF,0xFF,0x81,0x83,0xFF,0x87,0x83,0x7F,0xFE,0x60,0x1C,0x3F,0xFF,0xFF,0xFF,0xFF,
		0xFF,0xFF,0x09,0xC0,0xFF,0xEF,0xE6,0x3F,0xFE,0x00,0x00,0x7F,0xFF,0xFF,0xFF,0xFF,
		0xFF,0xFF,0x0E,0x00,0x7F,0xE4,0x7F,0xFF,0xFC,0x08,0x80,0x7F,0xFF,0xFF,0xFF,0xFF,
		0xFF,0xFF,0x87,0x1C,0x1F,0xF6,0x1E,0x7F,0xF8,0x31,0xE0,0xFF,0xFF,0xFF,0xFF,0xFF,
		0xFF,0xFF,0xE0,0x3E,0x03,0xFF,0x86,0x3F,0xF1,0xF1,0xF1,0xFF,0xFF,0xFF,0xFF,0xFF,
		0xFF,0xFF,0xF0,0x7F,0x80,0x07,0xE1,0xFF,0xE3,0xE3,0xF8,0xFF,0xFF,0xFF,0xFF,0xFF,
		0xFF,0xFF,0xFF,0xFF,0xF0,0x07,0xF8,0xFF,0xC7,0xE3,0xFC,0x7F,0xFE,0xFF,0xFF,0xFF,
		0xFF,0xFF,0xFF,0xF0,0x01,0xFF,0xFC,0x1F,0x8F,0xC7,0xFE,0x7F,0xFC,0x67,0xFF,0xFF,
		0xFF,0xFF,0xFF,0x00,0x00,0x3F,0xFF,0x00,0x1F,0xC7,0xFE,0x3F,0xFE,0xE7,0xFF,0xFF,
		0xFF,0xFF,0xFC,0x01,0xFF,0x3F,0xE0,0x00,0x7F,0xCF,0xFF,0x3F,0xFE,0x7F,0xFF,0xFF,
		0xFF,0xFF,0xE0,0x7F,0xFE,0x60,0x00,0x03,0xFF,0x8F,0xFF,0x3F,0xFC,0xFF,0xFF,0xFF,
		0xFF,0xFF,0xC1,0xFF,0xFE,0x70,0x1C,0xF1,0xFF,0x8F,0xFF,0x1F,0xFF,0x0F,0xFF,0xFF,
		0xFF,0xFF,0x07,0xFF,0xFC,0xFF,0xF9,0xF8,0xFF,0x9F,0xFF,0x9F,0xFE,0x0F,0xFF,0xFF,
		0xFF,0xFE,0x0F,0xFF,0xF8,0xFF,0xFD,0xFC,0x7F,0x3F,0xFF,0x9F,0xFF,0xEF,0xFF,0xFF,
		0xFF,0xFC,0x3F,0xFF,0xF1,0xEF,0xF9,0xFE,0x7F,0x3F,0xFF,0x8F,0xFF,0xFF,0xFF,0xFF,
		0xFF,0xFC,0x7F,0xFF,0xE2,0xE7,0xFF,0xFE,0x3F,0x1F,0xFF,0xCF,0xFF,0xFF,0xFF,0xFF,
		0xFF,0xF8,0x7F,0xFF,0xC0,0xE7,0xF9,0xFF,0x3F,0x0F,0xFF,0xC7,0xFF,0xFF,0xFF,0xFF,
		0xFF,0xF8,0xFF,0xFF,0xC1,0xE6,0x33,0xFF,0x3E,0x07,0xFF,0xE3,0xFF,0xFF,0xFF,0xFF,
		0xFF,0xF0,0xFF,0xFF,0xF9,0xE4,0x1F,0xFF,0x00,0x67,0xFF,0xE3,0xFF,0xFF,0xFF,0xFF,
		0xFF,0xF1,0xFF,0xFF,0xF3,0xE4,0x1F,0xFF,0x00,0xE3,0xFF,0xF3,0xFF,0xFF,0xFF,0xFF,
		0xFF,0xF1,0xFF,0xFF,0xE4,0xE6,0x1F,0xFF,0x83,0xF3,0xFF,0xF9,0xFF,0xFF,0xFF,0xFF,
		0xFF,0xE3,0xFF,0xFF,0xE0,0xF7,0xFF,0xFF,0x9F,0xF1,0xFF,0xFC,0xFF,0xFF,0xFF,0xFF,
		0xFF,0xE3,0xFF,0xFF,0xC0,0xFF,0xFF,0xFF,0x9F,0xF9,0xFF,0xFC,0x3F,0xFF,0xFF,0xFF,
		0xFF,0xA7,0xFF,0xFF,0xC1,0xFF,0xFE,0x3F,0x9F,0xF9,0xFF,0xFF,0x00,0x3F,0x00,0x7F,
		0xFF,0x87,0xFF,0xFF,0xE3,0xFF,0xFF,0x3F,0x9F,0xF8,0xFF,0xFF,0xC0,0x00,0x00,0x7F,
		0xFF,0x87,0xFF,0xFF,0xC7,0xFF,0xFF,0x3F,0x9F,0xF8,0xFF,0xFF,0xFF,0xC1,0xFF,0xFF,
		0xFF,0x87,0xFF,0xFF,0x8F,0xFF,0xFF,0x3F,0x9F,0xF8,0xFF,0xFF,0xFF,0xFF,0xFF,0xFF,
		0xFF,0x8F,0xFF,0xFE,0x07,0xFF,0xFE,0x7F,0x9F,0xF8,0xFF,0xFF,0xFF,0xFF,0xFF,0xFF,
		0xFF,0xBF,0xFF,0xFE,0x03,0xFF,0xFF,0xFF,0x9F,0xF8,0xFF,0xFF,0xFF,0xFF,0xFF,0xFF,
		0xFF,0x1F,0xFF,0xFF,0xF3,0xFF,0xFF,0xFF,0x9F,0xF8,0xFF,0xFF,0xFF,0xFF,0xFF,0xFF,
		0xFE,0x0F,0xFF,0xFF,0xF9,0xF7,0xFF,0xFF,0x9F,0xF9,0xFF,0xFF,0xFF,0xFF,0xFF,0xFF,
		0xFE,0x1F,0xFF,0xFF,0xE9,0xE7,0x7F,0xFF,0x9F,0xF1,0xFF,0xFF,0xFF,0xFF,0xFF,0xFF,
		0xFE,0x0F,0xFF,0xFF,0xE1,0xE6,0x3F,0xFF,0x1F,0xF1,0xFF,0xFF,0xFF,0xFF,0xFF,0xFF,
		0xFF,0x8F,0xFF,0xFF,0xF1,0xCC,0x3D,0xFF,0x0F,0xE3,0xFF,0xFF,0xFF,0xFF,0xFF,0xFF,
		0xFF,0x8F,0xFF,0xFF,0xEC,0xC9,0x93,0xFF,0x03,0xC7,0xFF,0xFF,0xFF,0xFF,0xFF,0xFF,
		0xFF,0x8F,0xFF,0xFF,0xE4,0xC9,0x99,0xFE,0x00,0xC7,0xFF,0xFF,0xFF,0xFF,0xFF,0xFF,
		0xFC,0x0F,0xFF,0xFF,0xF0,0xCF,0x93,0xFE,0x38,0x0F,0xFF,0xFF,0xFF,0xFF,0xFF,0xFF,
		0xF8,0x0F,0xFF,0xFF,0xF9,0xCF,0xFF,0xFC,0x7C,0x1F,0xFF,0xFF,0xFF,0xFF,0xFF,0xFF,
		0xF9,0xCF,0xFF,0xFF,0xE4,0xFF,0xF9,0xF8,0xFE,0x3F,0xFF,0xFF,0xFF,0xFF,0xFF,0xFF,
		0xE3,0x8F,0xFF,0xFF,0xF0,0xFF,0xF3,0xF0,0xFE,0x7F,0xFF,0xFF,0xFF,0xFF,0xFF,0xFF,
		0xC3,0x07,0xFF,0xFF,0xE8,0xFF,0xFF,0xC3,0xFE,0x7F,0xFF,0xFF,0xFF,0xFF,0xFF,0xFF,
		0xDF,0xA3,0xFF,0xFF,0xE0,0xFF,0xFE,0x07,0xFE,0x7F,0xFF,0x3F,0xFF,0xFF,0xFF,0xFF,
		0xC9,0x23,0xFF,0xFF,0xF0,0x7F,0xF8,0x1F,0xFC,0x7F,0xFE,0x33,0xFF,0xFF,0xFF,0xFF,
		0xE0,0xC1,0xFF,0xFF,0xFE,0x19,0xF0,0xFF,0xFC,0x7F,0xFF,0x73,0xFF,0xFF,0xFF,0xFF,
		0xE6,0x19,0xFF,0xFF,0xFF,0x83,0xE7,0xFF,0xFC,0x7F,0xFF,0x1F,0xFF,0xFF,0xFF,0xFF,
		0xE7,0x38,0xFF,0xFF,0xFF,0xE7,0xE7,0xFF,0xFE,0x7F,0xFE,0x7F,0xFF,0xFF,0xFF,0xFF,
		0xFF,0xFC,0x7F,0xFF,0xFF,0xE7,0xC7,0xFF,0xFE,0x3F,0xFF,0x87,0xFF,0xFF,0xFF,0xFF,
		0xFF,0xFE,0x3F,0xFF,0xFF,0xF0,0x0F,0xFF,0xFE,0x3F,0xFE,0x03,0xFF,0xFF,0xFF,0xFF,
		0xFF,0xFF,0x07,0xFF,0xFF,0xC0,0x3F,0xFF,0xFE,0x3F,0xFF,0xF7,0xFF,0xFF,0xFF,0xFF,
		0xFF,0xFF,0x81,0xFF,0xFF,0x0F,0xFF,0xFF,0xFE,0x3F,0xFF,0xFF,0xFF,0xFF,0xFF,0xFF,
		0xFF,0xFF,0xE0,0x3F,0xF0,0x1F,0xFF,0xFF,0xFF,0x3F,0xFF,0xFF,0xFF,0xFF,0xFF,0xFF,
		0xFF,0xFF,0xFC,0x00,0x00,0x7F,0xF3,0xFF,0xFF,0x1F,0xFF,0xFF,0xFF,0xFF,0xFF,0xFF,
		0xFF,0xFF,0xFF,0x80,0x03,0xFF,0xF0,0xFF,0xFF,0x1F,0xFF,0xFF,0xFB,0x01,0xCF,0xFF,
		0xFF,0xFF,0xFF,0xFF,0xFF,0xFF,0xF0,0x7F,0xFF,0x9F,0xFF,0xF8,0x00,0x00,0x01,0xFF,
		0xFF,0xFF,0xFF,0xFF,0xFF,0xFF,0xF0,0x7F,0xFF,0x8F,0xFF,0xF8,0x00,0x00,0x01,0xFF,
		0xFF,0xFF,0xFF,0xFF,0xFF,0xFF,0xE0,0xFF,0xFF,0xCF,0xFF,0xFC,0x3F,0xFF,0xFF,0xFF,
		0xFF,0xFF,0xFF,0xFF,0xFF,0xFF,0xF3,0xFF,0xFF,0xC7,0xFF,0xFE,0x0F,0xFF,0xFF,0xFF,
};

const unsigned char photo3[2400] ={

		/* 图像 D:\Users\Administrator\Documents\GitHub\Xiaotian_Epaper\7.img\icon\图片14c.jpg  128x150 */
		0xFF,0xFF,0xFF,0xFF,0xFF,0xFF,0xFF,0xFF,0xFF,0xFF,0xFF,0xFF,0xFF,0xFF,0xFF,0xFF,
		0xFF,0xFF,0xFF,0xFF,0xFF,0xFF,0xFF,0xFF,0xFF,0xFF,0xFF,0xFF,0xFF,0xFF,0xFF,0xFF,
		0xFF,0xFF,0xFF,0xFF,0xFF,0xFF,0xFF,0xFF,0xFF,0xFF,0xFF,0xFF,0xFF,0xFF,0xFF,0xFF,
		0xFF,0xFF,0xFF,0xFF,0xFF,0xFF,0xFF,0xFF,0xFF,0xFF,0xFF,0xFF,0xFF,0xFF,0xFF,0xFF,
		0xFF,0xFF,0xFF,0xFF,0xFF,0xFF,0xFF,0xFF,0xFF,0xFF,0xFF,0xFF,0xFF,0xFF,0xFF,0xFF,
		0xFF,0xFF,0xFF,0xFF,0xFF,0xFF,0xFF,0xFF,0xFF,0xFF,0xFF,0xFF,0xFF,0xFF,0xFF,0xFF,
		0xFF,0xFF,0xFF,0xFF,0xFF,0xFF,0xFF,0xFF,0xFF,0xFF,0xFF,0xFF,0xFF,0xFF,0xFF,0xFF,
		0xFF,0xFF,0xFF,0xFF,0xFF,0xFF,0xFF,0xFF,0xFF,0xFF,0xFF,0xFF,0xFF,0xFF,0xFF,0xFF,
		0xFF,0xFF,0xFF,0xFF,0xFF,0xFF,0xFF,0xFF,0xFF,0xFF,0xFF,0xFF,0xFF,0xFF,0xFF,0xFF,
		0xFF,0xFF,0xFF,0xFF,0xFF,0xFF,0xFF,0xFF,0xFF,0xFF,0xFF,0xFF,0xFF,0xFF,0xFF,0xFF,
		0xFF,0xFF,0xFF,0xFF,0xFF,0xFF,0xFF,0xFF,0xFF,0xFF,0xFF,0xFF,0xFF,0xFF,0xFF,0xFF,
		0xFF,0xFF,0xFF,0xFF,0xFF,0xFF,0xFF,0xFF,0xFF,0xFF,0xCF,0xFF,0xFF,0xFF,0xFF,0xFF,
		0xFF,0xFF,0xFF,0xFF,0xFF,0xFF,0xFF,0xFF,0xFF,0xFF,0xCF,0xFF,0xFF,0xFF,0xFF,0xFF,
		0xFF,0xFF,0xFF,0xFF,0xFF,0xFF,0xFF,0xFF,0xFF,0xFF,0xCF,0xFF,0xFF,0xFF,0xFF,0xFF,
		0xFF,0xFF,0x80,0x7F,0xFF,0xC0,0x7F,0xFF,0xFF,0xFF,0x8F,0xFF,0xFF,0xFF,0xFF,0xFF,
		0xFF,0xFC,0x00,0x00,0x3F,0x80,0x1F,0xFF,0xFF,0xFF,0x9F,0xFF,0xFF,0xFF,0xFF,0xFF,
		0xFF,0xF0,0x7F,0xC0,0x07,0x3F,0x07,0xFF,0xFF,0xFF,0x1F,0xFF,0xFF,0xFF,0xFF,0xFF,
		0xFF,0xE3,0xFF,0xFF,0xE3,0x3F,0xE7,0xFF,0xFF,0xFF,0x3F,0xFF,0xFF,0xFF,0xFF,0xFF,
		0xFF,0xC7,0xFF,0xFF,0xF8,0x7F,0xF3,0xFF,0xFF,0xFE,0x3F,0xFF,0xFF,0xFF,0xFF,0xFF,
		0xFF,0x8F,0xFF,0xFF,0xFE,0x3F,0xF3,0xFF,0xFF,0xFE,0x7F,0xFF,0xFF,0xFF,0xFF,0xFF,
		0xFF,0x1F,0xFF,0xFF,0xF0,0x00,0xC7,0xFF,0xFF,0xFC,0x7F,0xFF,0xFF,0xFF,0xFF,0xFF,
		0xFC,0x7F,0xFF,0xFE,0x00,0x00,0x0F,0xFF,0xFF,0xFC,0xFF,0xFF,0xFF,0xFF,0xFF,0xFF,
		0xF8,0xFF,0xFF,0xF0,0x03,0xF8,0x03,0xFF,0xFF,0xF8,0xFF,0xFF,0xFF,0xFF,0xFF,0xFF,
		0xF9,0xFF,0xFF,0xE0,0x7F,0xFF,0xE0,0xFF,0xFF,0xF9,0xFF,0xFF,0xFF,0xFF,0xFF,0xFF,
		0xFB,0xFF,0xFF,0xC7,0xFF,0xFF,0xF8,0x3F,0xFF,0xF1,0xFF,0xFF,0xFF,0xFF,0xFF,0xFF,
		0xF3,0xFF,0xFF,0x0F,0xFF,0xFF,0xFE,0x1F,0xFF,0xF1,0xFF,0xFF,0xFF,0xFF,0xFF,0xFF,
		0xF3,0xFF,0xFC,0x1F,0xFF,0xFF,0xFF,0x8F,0xFF,0xE3,0xFF,0xFF,0xFF,0xFF,0xFF,0xFF,
		0xF3,0xFF,0xF0,0x3F,0xFF,0xFF,0xFC,0xC7,0xFF,0xE7,0xFF,0xFF,0xFF,0xFF,0xFF,0xFF,
		0xF3,0xFF,0xE1,0xFF,0xF9,0xFF,0xC0,0xE3,0xFF,0xE7,0xFF,0xFF,0xFF,0xFF,0xFF,0xFF,
		0xE7,0xFF,0xE3,0xFF,0xF1,0xFF,0xCF,0xF1,0xFF,0xC7,0xFF,0xFF,0xFF,0xFF,0xFF,0xFF,
		0xE7,0xFF,0xE7,0xFF,0xE3,0xFF,0xFF,0xF8,0xFF,0xCF,0xFF,0xFF,0xFF,0xFF,0xFF,0xFF,
		0xC7,0xFF,0xC7,0xFF,0xC7,0xFF,0xFF,0xFC,0xFF,0x8F,0xFF,0xFF,0xFF,0xFF,0xFF,0xFF,
		0xCF,0xFF,0xC7,0xFF,0xC7,0xFF,0xF0,0xFC,0x7F,0x87,0xFF,0xFF,0xFF,0xFF,0xFF,0xFF,
		0x9F,0xFF,0xCF,0xFF,0xCF,0xFF,0xC1,0xFE,0x3F,0x00,0x7F,0xFF,0xFF,0xFF,0xFF,0xFF,
		0x9F,0xFF,0xCF,0xFF,0xCF,0x83,0xFF,0xFE,0x3F,0x00,0x0F,0xFF,0xFF,0xFF,0xFF,0xFF,
		0x9F,0xFF,0xCF,0xFF,0xCF,0x03,0xFF,0xFF,0x1E,0x33,0x00,0xFF,0xFF,0xFF,0xFF,0xFF,
		0x1F,0xFF,0xCF,0xFF,0xCF,0x03,0xFD,0xFF,0x1E,0x31,0xC0,0x1F,0xFF,0xFF,0xFF,0xFF,
		0x9F,0xFF,0xCF,0xFF,0xC7,0x83,0xC1,0xFF,0x80,0x78,0xFC,0x07,0xFF,0xFF,0xFF,0xFF,
		0x9F,0xFF,0xCF,0xFF,0xC7,0xFF,0xCF,0xFF,0x80,0xFC,0x7F,0x80,0xFF,0xFF,0xFF,0xFF,
		0x9F,0xFF,0xCF,0xFF,0xC7,0xFF,0xFF,0xFF,0x80,0xF8,0x3F,0xF0,0x1F,0xFF,0xFF,0xFF,
		0x9F,0xFF,0xCF,0xFF,0xE7,0xFF,0xFF,0xFF,0x8C,0x80,0x1F,0xFE,0x07,0xFF,0xFF,0xFF,
		0x9F,0xFF,0xCF,0xFF,0xFF,0xFF,0xFF,0xFF,0xCE,0x06,0x0F,0xFF,0xC0,0xFF,0xFF,0xFF,
		0x9F,0xFF,0xCF,0xFF,0xFF,0xFF,0xFF,0xFF,0xCF,0x1E,0x8F,0xFF,0xF0,0x3F,0xFF,0xFF,
		0x9F,0xFF,0x8F,0xFF,0xFF,0xFF,0xFF,0xFF,0xCF,0x1E,0x1F,0xFF,0xFE,0x07,0xFF,0xFF,
		0x9F,0xFF,0x8F,0xFF,0xFF,0xFF,0xFF,0xFF,0xCF,0x8C,0x1F,0xFF,0xFF,0x80,0xFF,0xFF,
		0x9F,0xFF,0x9F,0xFF,0xFF,0xFF,0xFF,0xFF,0xCF,0x8C,0x3F,0xFF,0xFF,0xF0,0x1F,0xFF,
		0x9F,0xFF,0x9F,0xFF,0xFF,0xFF,0xFF,0xFF,0xCF,0xC0,0x02,0x7F,0xFF,0xFC,0x03,0xFF,
		0x3F,0xFF,0x9F,0xFF,0xFF,0xFF,0xFF,0xFF,0xCF,0xE0,0xE0,0x00,0x00,0x01,0x00,0x0F,
		0x3F,0xFF,0x9F,0xFF,0xFF,0xFF,0xFF,0xFF,0xCF,0xE9,0xF8,0xFF,0x3F,0xFE,0x7C,0x00,
		0x3F,0xFF,0x9F,0xFF,0xFF,0xFF,0xFF,0xFF,0x8F,0xC0,0x00,0x00,0x00,0x00,0x04,0x00,
		0x3F,0xFF,0x9F,0xFF,0xFF,0xFF,0xFF,0xFF,0x9F,0xCC,0x30,0x00,0x00,0x00,0x00,0x01,
		0x3F,0xFF,0x9F,0xFF,0xFF,0xFF,0xFF,0xFF,0x9F,0xCE,0x1F,0xFF,0xFF,0xFF,0xFC,0x0F,
		0x3F,0xFF,0x9F,0xFF,0xC7,0xFF,0xFF,0xFF,0x1F,0x8F,0x0F,0xFF,0xFF,0xFF,0xF8,0x7F,
		0x3F,0xFF,0x9F,0xFF,0x87,0xFF,0xFF,0xFF,0x03,0x0F,0x07,0xFF,0xFF,0xFF,0xC1,0xFF,
		0x3F,0xFF,0x8F,0xFF,0x8F,0xFF,0xFF,0xFF,0x00,0x4F,0x8F,0xFF,0xFF,0xFF,0x07,0xFF,
		0x1F,0xFF,0x8F,0xFF,0x9F,0xFF,0xFF,0xFF,0x38,0x00,0x1F,0xFF,0xFF,0xF8,0x1F,0xFF,
		0x9F,0xFF,0x8F,0xFF,0x1F,0x9F,0xFF,0xFE,0x3C,0x00,0x3F,0xFF,0xFF,0xE0,0x7F,0xFF,
		0x9F,0xFF,0xC7,0xFF,0x1E,0x0F,0xF7,0xFE,0x7E,0x1F,0xFF,0xFF,0xFF,0x03,0xFF,0xFF,
		0x9F,0xFF,0xC7,0xFF,0x3E,0x07,0x87,0xFC,0x7F,0x1F,0xFF,0xFF,0xF0,0x0F,0xFF,0xFF,
		0x8F,0xFF,0xC7,0xFF,0x3E,0x0F,0xFF,0xFC,0xFF,0x8F,0xFF,0xFF,0x00,0x7F,0xFF,0xFF,
		0xCF,0xFF,0xE3,0xFF,0x3F,0x9F,0xFF,0xF8,0xFF,0x87,0xFF,0x80,0x03,0xFF,0xFF,0xFF,
		0xC7,0xFF,0xE1,0xFF,0x3F,0xFF,0xC7,0xF9,0xFF,0xC3,0xC0,0x00,0x3F,0xFF,0xFF,0xFF,
		0xE3,0xFF,0xF0,0xFF,0xBF,0xFF,0x0F,0xF3,0xFF,0xC0,0x00,0x0F,0xFF,0xFF,0xFF,0xFF,
		0xF1,0xFF,0xF8,0x3F,0xFF,0xFF,0xFF,0xE3,0xFF,0xE0,0x03,0xFF,0xFF,0xFF,0xFF,0xFF,
		0xF8,0xFF,0xFE,0x01,0xFF,0xFF,0xFF,0xC7,0xFF,0xE1,0xFF,0xFF,0xFF,0xFF,0xFF,0xFF,
		0xFC,0x7F,0xFF,0x80,0x00,0x1F,0x07,0x0F,0xFF,0xE3,0xFF,0xFF,0xFF,0xFF,0xFF,0xFF,
		0xFE,0x3F,0xFF,0xFE,0x00,0x03,0x00,0x1F,0xFF,0xF1,0xFF,0xFF,0xFF,0xFF,0xFF,0xFF,
		0xFF,0x1F,0xFF,0xFC,0x0E,0x80,0x00,0x7F,0xFF,0xF1,0xFF,0xFF,0xFF,0xFF,0xFF,0xFF,
		0xFF,0x8F,0xFF,0x80,0x7F,0xF8,0x01,0xFF,0xFF,0xF1,0xFF,0xFF,0xFF,0xFF,0xFF,0xFF,
		0xFF,0xC7,0xFC,0x07,0xFF,0xFF,0xFF,0xFF,0xFF,0xF1,0xFF,0xFF,0xFF,0xFF,0xFF,0xFF,
		0xFF,0xE0,0x00,0x7F,0xFF,0xFF,0xFF,0xFF,0xFF,0xF1,0xFF,0xFF,0xFF,0xFF,0xFF,0xFF,
		0xFF,0xF0,0x03,0xFF,0xFF,0xFF,0xFF,0xFF,0xFF,0xF9,0xFF,0xFF,0xFF,0xFF,0xFF,0xFF,
		0xFF,0xFE,0x7F,0xFF,0xFF,0xFF,0xFF,0xFF,0xFF,0xF9,0xFF,0xFF,0xFF,0xFF,0xFF,0xFF,
		0xFF,0xFF,0xFF,0xFF,0xFF,0xFF,0xFF,0xFF,0xFF,0xF8,0xFF,0xFF,0xFF,0xFF,0xFF,0xFF,
		0xFF,0xFF,0xFF,0xFF,0xFF,0xFF,0xFF,0xFF,0xFF,0xFC,0xFF,0xFF,0xFF,0xFF,0xFF,0xFF,
		0xFF,0xFF,0xFF,0xFE,0x07,0xFF,0xFF,0xFF,0xFF,0xFC,0xFF,0xFF,0xFF,0xFF,0xFF,0xFF,
		0xFF,0xFF,0xFF,0xC0,0x00,0xFF,0xFF,0xFF,0xFF,0xFC,0xFF,0xFF,0xFF,0xFF,0xFF,0xFF,
		0xFF,0xFF,0xFE,0x00,0x00,0x1F,0xFF,0xFF,0xFF,0xFC,0xFF,0xFF,0xFF,0xFF,0xFF,0xFF,
		0xFF,0xFF,0xF8,0x0F,0xFF,0x07,0xFF,0xFF,0xFF,0xFC,0x7F,0xFF,0xFF,0xFF,0xFF,0xFF,
		0xFF,0xFF,0xF0,0x7F,0xFF,0xC3,0xFE,0x7F,0xFF,0xFE,0x7F,0xFF,0xFF,0xFF,0xFF,0xFF,
		0xFF,0xFF,0xC1,0xFF,0xFF,0xF0,0x00,0x0F,0xFF,0xFE,0x7F,0xFF,0xFF,0xFF,0xFF,0xFF,
		0xFF,0xFF,0x87,0xFF,0xFF,0x80,0x00,0x03,0xFF,0xFE,0x3F,0xFF,0xFF,0xFF,0xFF,0xFF,
		0xFF,0xFF,0x0F,0xFF,0xFC,0x03,0xFF,0xE1,0xFF,0xFF,0x1F,0xFF,0xFF,0xFF,0xFF,0xFF,
		0xFF,0xFE,0x3F,0xFF,0xF0,0x1F,0xFF,0xF0,0xFF,0xFE,0x1F,0xFF,0xFF,0xFF,0xFF,0xFF,
		0xFF,0xFC,0x7F,0xFF,0xC0,0xFF,0xFF,0xF8,0xFF,0xFE,0x0F,0xFF,0xFF,0xFF,0xFF,0xFF,
		0xFF,0xF8,0xFF,0xFF,0x87,0xFF,0xFC,0xFC,0x7F,0xFC,0x47,0xFF,0xFF,0xFF,0xFF,0xFF,
		0xFF,0xF0,0xFF,0xFF,0x1F,0xEF,0xFC,0xFE,0x3F,0xFC,0xE1,0xFF,0xFF,0xFF,0xFF,0xFF,
		0xFF,0xE1,0xFF,0xFC,0x3F,0xCF,0xFC,0xFE,0x3F,0xF9,0xF8,0x00,0x00,0x3F,0xFF,0xFF,
		0xFF,0xE3,0xFF,0xF8,0xFF,0xCF,0xFC,0xFF,0x3F,0xF1,0xFC,0x00,0x00,0x7F,0xFF,0xFF,
		0xFF,0xC7,0xFF,0xF1,0xFF,0x9F,0xFF,0xFF,0x1F,0xE3,0xFF,0xE7,0xFF,0xFF,0xFF,0xFF,
		0xFF,0xC7,0xFF,0xF1,0xFF,0x9C,0x3C,0xFF,0x9F,0xE3,0xFF,0xFF,0xFF,0xFF,0xFF,0xFF,
		0xFF,0x8F,0xFF,0xE3,0xFF,0x9C,0x0F,0xFF,0x8F,0x87,0xFF,0xFF,0xFF,0xFF,0xFF,0xFF,
		0xFF,0x8F,0xFF,0xC7,0xFF,0x9C,0x0F,0xFF,0xCC,0x1F,0xFF,0xFF,0xFF,0xFF,0xFF,0xFF,
		0xFF,0x1F,0xFF,0x8F,0xFF,0x9C,0x1F,0xFF,0xC8,0x1F,0xFF,0xFF,0xFF,0xFF,0xFF,0xFF,
		0xFF,0x1F,0xFF,0x1F,0xFF,0x9F,0x7F,0xFF,0xC1,0x8F,0xFF,0xFF,0xFF,0xFF,0xFF,0xFF,
		0xFF,0x1F,0xFF,0x3F,0xFF,0xCF,0xFF,0xFF,0xE0,0x07,0xFF,0xFF,0xFF,0xFF,0xFF,0xFF,
		0xFF,0x1F,0xFE,0x3F,0xFF,0xCF,0xFF,0xFF,0xE0,0x07,0xFF,0xFF,0xFF,0xFF,0xFF,0xFF,
		0xFE,0x3F,0xFE,0x7F,0xFF,0xFF,0xFF,0xFF,0xE7,0xE3,0xFF,0xFF,0xFF,0xFF,0xFF,0xFF,
		0xFE,0x3F,0xFC,0x7F,0xFF,0xFF,0xFF,0xFF,0xE7,0xE3,0x13,0xFF,0xFF,0xFF,0xFF,0xFF,
		0xFE,0x3F,0xFC,0xFF,0xFF,0xFF,0xFF,0xFF,0xE7,0xF1,0x13,0xFF,0xFF,0xFF,0xFF,0xFF,
		0xFE,0x3F,0xF8,0x7F,0xFF,0xFF,0xFF,0xFF,0xE7,0xF8,0x13,0xFF,0xFF,0xFF,0xFF,0xFF,
		0xFE,0x3F,0xFC,0x3F,0xFF,0xFF,0xFF,0xFF,0xE7,0xFC,0x03,0xFF,0xFF,0xFF,0xFF,0xFF,
		0xFE,0x3F,0xFE,0x1F,0xFF,0xFF,0xFF,0xFF,0xE7,0xE4,0x03,0xFF,0xFF,0xFF,0xFF,0xFF,
		0xFE,0x3F,0xFF,0x0F,0xFF,0xFF,0xFF,0xFF,0xE7,0xE0,0x03,0xFF,0xFF,0xFF,0xFF,0xFF,
		0xFE,0x3F,0xFF,0x0F,0xFF,0xDF,0xFF,0xFF,0xE7,0xC3,0x23,0xFF,0xFF,0xFF,0xFF,0xFF,
		0xFF,0x1F,0xFF,0x83,0xFF,0x8F,0xFF,0xFF,0xC7,0x8F,0x33,0xFF,0xFF,0xFF,0xFF,0xFF,
		0xFF,0x1F,0xFF,0xC1,0xFF,0x9F,0xFF,0xFF,0xC7,0x8F,0xFF,0xFF,0xFF,0xFF,0xFF,0xFF,
		0xFF,0x1F,0xFF,0xE0,0xFF,0x9F,0xFF,0xFF,0xC7,0x1F,0xFF,0xFF,0xFF,0xFF,0xFF,0xFF,
		0xFF,0x9F,0xFF,0xF0,0x7F,0x1C,0x38,0xFF,0xCE,0x3F,0xFF,0xFF,0xFF,0xFF,0xFF,0xFF,
		0xFF,0x8F,0xFF,0xF8,0x3F,0x38,0x1D,0xFF,0x8C,0x7F,0xFF,0xFF,0xFF,0xFF,0xFF,0xFF,
		0xFF,0xCF,0xFF,0xFC,0x1F,0x38,0x19,0xFF,0x18,0xFF,0xFF,0xFF,0xFF,0xFF,0xFF,0xFF,
		0xFF,0xC7,0xFF,0xFE,0x0F,0x3C,0x19,0xFF,0x11,0xFF,0xFF,0xFF,0xFF,0xFF,0xFF,0xFF,
		0xFF,0xE3,0xFF,0xFF,0x07,0x3F,0xFF,0xFE,0x23,0xFF,0xFF,0xFF,0xFF,0xFF,0xFF,0xFF,
		0xFF,0xE3,0xFF,0xFF,0x81,0x9F,0xF9,0xFC,0x07,0xFF,0xFF,0xFF,0xFF,0xFF,0xFF,0xFF,
		0xFF,0xF1,0xFF,0xFF,0xC0,0x0F,0xB9,0xF8,0x00,0x1F,0xFF,0xFF,0xFF,0xFF,0xFF,0xFF,
		0xFF,0xF8,0xFF,0xFF,0xE0,0x00,0x3F,0xF1,0x80,0x1F,0xFF,0xFF,0xFF,0xFF,0xFF,0xFF,
		0xFF,0xFC,0x7F,0xFF,0xF8,0xFF,0xFF,0xC3,0xFC,0x7F,0xFF,0xFF,0xFF,0xFF,0xFF,0xFF,
		0xFF,0xFE,0x3F,0xFF,0xFC,0x3F,0xFF,0x87,0xFF,0x3F,0xFF,0xFF,0xFF,0xFF,0xFF,0xFF,
		0xFF,0xFF,0x1F,0xFF,0xFE,0x1F,0xFE,0x07,0xFF,0x8F,0xFF,0xFF,0xFF,0xFF,0xFF,0xFF,
		0xFF,0xFF,0x87,0xFF,0xFF,0x0F,0xF8,0x00,0x7F,0xCF,0xFF,0xFF,0xFF,0xFF,0xFF,0xFF,
		0xFF,0xFF,0xC3,0xFF,0xFF,0x80,0x00,0x00,0x00,0xE7,0xFF,0xFF,0xFF,0x9F,0xFF,0xFF,
		0xFF,0xFF,0xE0,0xFF,0xFF,0xC0,0x00,0x00,0x00,0x07,0xFF,0xFF,0xFE,0x0F,0xFF,0xFF,
		0xFF,0xFF,0xF8,0x3F,0xFF,0xE0,0x08,0x00,0x00,0x02,0xFF,0xFF,0xFC,0x1F,0xFF,0xFF,
		0xFF,0xFF,0xFC,0x07,0xFF,0xE1,0xF8,0x03,0xC0,0x00,0x7F,0xFF,0xF0,0x1F,0xFF,0xFF,
		0xFF,0xFF,0xFF,0x80,0xFF,0x81,0xF1,0xF1,0xF8,0x00,0x0B,0xFF,0x80,0x3F,0xFF,0xFF,
		0xFF,0xFF,0xFF,0xF0,0x00,0x18,0x03,0xF1,0xFF,0xF0,0x00,0x58,0x00,0x7F,0xFF,0xFF,
		0xFF,0xFF,0xFF,0xFE,0x00,0x7C,0x00,0x03,0xFF,0xF0,0x00,0x00,0x01,0xFF,0xFF,0xFF,
		0xFF,0xFF,0xFF,0xFF,0xFC,0x7E,0x00,0x03,0xFF,0xF3,0x00,0x00,0x07,0xFF,0xFF,0xFF,
		0xFF,0xFF,0xFF,0xFF,0xFC,0x30,0x3C,0x0F,0xFF,0xF3,0xE0,0x00,0x3F,0xFF,0xFF,0xFF,
		0xFF,0xFF,0xFF,0xFF,0xFE,0x01,0xFF,0x0F,0xFF,0xF3,0xFF,0xFF,0xFF,0xFF,0xFF,0xFF,
		0xFF,0xFF,0xFF,0xFF,0xFF,0x07,0xFF,0x8F,0xFF,0xFB,0xFF,0xFF,0xFF,0xFF,0xFF,0xFF,
		0xFF,0xFF,0xFF,0xFF,0xFF,0xFF,0xFF,0xCF,0xFF,0xF9,0xFF,0xFF,0xFF,0xFF,0xFF,0xFF,
		0xFF,0xFF,0xFF,0xFF,0xFF,0xFF,0xFF,0xFF,0xFF,0xF9,0xFF,0xFF,0xFF,0xFF,0xFF,0xFF,
		0xFF,0xFF,0xFF,0xFF,0xFF,0xFF,0xFF,0xFF,0xFF,0xF9,0xFF,0xFF,0xFF,0xFF,0xFF,0xFF,
		0xFF,0xFF,0xFF,0xFF,0xFF,0xFF,0xFF,0xFF,0xFF,0xF9,0xFF,0xFF,0xFF,0xFF,0xFF,0xFF,
		0xFF,0xFF,0xFF,0xFF,0xFF,0xFF,0xFF,0xFF,0xFF,0xF9,0xFF,0xFF,0xFF,0xFF,0xFF,0xFF,
		0xFF,0xFF,0xFF,0xFF,0xFF,0xFF,0xFF,0xFF,0xFF,0xF9,0xFF,0xFF,0xFF,0xFF,0xFF,0xFF,
		0xFF,0xFF,0xFF,0xFF,0xFF,0xFF,0xFF,0xFF,0xFF,0xFC,0xFF,0xFF,0xFF,0xFF,0xFF,0xFF,
		0xFF,0xFF,0xFF,0xFF,0xFF,0xFF,0xFF,0xFF,0xFF,0xFC,0xFF,0xFF,0xFF,0xFF,0xFF,0xFF,
		0xFF,0xFF,0xFF,0xFF,0xFF,0xFF,0xFF,0xFF,0xFF,0xFC,0xFF,0xFF,0xFF,0xFF,0xFF,0xFF,
		0xFF,0xFF,0xFF,0xFF,0xFF,0xFF,0xFF,0xFF,0xFF,0xFC,0x7F,0xFF,0xFF,0xFF,0xFF,0xFF,
		0xFF,0xFF,0xFF,0xFF,0xFF,0xFF,0xFF,0xFF,0xFF,0xFE,0x7F,0xFF,0xFF,0xFF,0xFF,0xFF,
		0xFF,0xFF,0xFF,0xFF,0xFF,0xFF,0xFF,0xFF,0xFF,0xFE,0x3F,0xFF,0xFF,0xFF,0xFF,0xFF,
		0xFF,0xFF,0xFF,0xFF,0xFF,0xFF,0xFF,0xFF,0xFF,0xFF,0x1F,0xFF,0xFF,0xFF,0xFF,0xFF,
		0xFF,0xFF,0xFF,0xFF,0xFF,0xFF,0xFF,0xFF,0xFF,0xFF,0x87,0xFF,0xFF,0xFF,0xFF,0xFF,
		0xFF,0xFF,0xFF,0xFF,0xFF,0xFF,0xFF,0xFF,0xFF,0xFF,0xE0,0x00,0x1F,0xFF,0xFF,0xFF,
		0xFF,0xFF,0xFF,0xFF,0xFF,0xFF,0xFF,0xFF,0xFF,0xFF,0xF8,0x00,0x00,0x03,0xFF,0xFF,
		0xFF,0xFF,0xFF,0xFF,0xFF,0xFF,0xFF,0xFF,0xFF,0xFF,0xFF,0xFF,0xF0,0x00,0xFF,0xFF,
		0xFF,0xFF,0xFF,0xFF,0xFF,0xFF,0xFF,0xFF,0xFF,0xFF,0xFF,0xFF,0xFF,0xFF,0xFF,0xFF,
		0xFF,0xFF,0xFF,0xFF,0xFF,0xFF,0xFF,0xFF,0xFF,0xFF,0xFF,0xFF,0xFF,0xFF,0xFF,0xFF,
};

const unsigned char gImage1_xiaowu[4736] = { /* 0X01,0X01,0X28,0X01,0X80,0X00, */

		/* 图像 D:\Users\Administrator\Documents\GitHub\Xiaotian_Epaper\7.img\icon\图片14c.jpg  128x296 */
		0xFF,0xFF,0xFF,0xFF,0xFF,0xFF,0xFF,0xFF,0xFF,0xFF,0xFF,0xFF,0xFF,0xFF,0xFF,0xFF,
		0xFF,0xFF,0xFF,0xFF,0xFF,0xFF,0xFF,0xFF,0xFF,0xFF,0xFF,0xFF,0xFF,0xFF,0xFF,0xFF,
		0xFF,0xFF,0xFF,0xFF,0xFF,0xFF,0xFF,0xFF,0xFF,0xFF,0xFF,0xFF,0xFF,0xFF,0xFF,0xFF,
		0xFF,0xFF,0xFF,0xFF,0xFF,0xFF,0xFF,0xFF,0xFF,0xFF,0xFF,0xFF,0xFF,0xFF,0xFF,0xFF,
		0xFF,0xFF,0xFF,0xFF,0xFF,0xFF,0xFF,0xFF,0xFF,0xFF,0xFF,0xFF,0xFF,0xFF,0xFF,0xFF,
		0xFF,0xFF,0xFF,0xFF,0xFF,0xFF,0xFF,0xFF,0xFF,0xFF,0xFF,0xFF,0xFF,0xFF,0xFF,0xFF,
		0xFF,0xFF,0xFF,0xFF,0xFF,0xFF,0xFF,0xFF,0xFF,0xFF,0xFF,0xFF,0xFF,0xFF,0xFF,0xFF,
		0xFF,0xFF,0xFF,0xFF,0xFF,0xFF,0xFF,0xFF,0xFF,0xFF,0xFF,0xFF,0xFF,0xFF,0xFF,0xFF,
		0xFF,0xFF,0xFF,0xFF,0xFF,0xFF,0xFF,0xFF,0xFF,0xFF,0xFF,0xFF,0xFF,0xFF,0xFF,0xFF,
		0xFF,0xFF,0xFF,0xFF,0xFF,0xFF,0xFF,0xFF,0xFF,0xFF,0xFF,0xFF,0xFF,0xFF,0xFF,0xFF,
		0xFF,0xFF,0xFF,0xFF,0xFF,0xFF,0xFF,0xFF,0xFF,0xFF,0xFF,0xFF,0xFF,0xFF,0xFF,0xFF,
		0xFF,0xFF,0xFF,0xFF,0xFF,0xFF,0xFF,0xFF,0xFF,0xFF,0xFF,0xFF,0xFF,0xFF,0xFF,0xFF,
		0xFF,0xFF,0xFF,0xFF,0xFF,0xFF,0xFF,0xFF,0xFF,0xFF,0xFF,0xFF,0xFF,0xFF,0xFF,0xFF,
		0xFF,0xFF,0xFF,0xFF,0xFF,0xFF,0xFF,0xFF,0xFF,0xFF,0xFF,0xFF,0xFF,0xFF,0xFF,0xFF,
		0xFF,0xFF,0xFF,0xFF,0xFF,0xFF,0xFF,0xFF,0xFF,0xFF,0xFF,0xFF,0xFF,0xFF,0xFF,0xFF,
		0xFF,0xFF,0xFF,0xFF,0xFF,0xFF,0xFF,0xFF,0xFF,0xFF,0xFF,0xFF,0xFF,0xFF,0xFF,0xFF,
		0xFF,0xFF,0xFF,0xFF,0xFF,0xFF,0xFF,0xFF,0xFF,0xFF,0xFF,0xFF,0xFF,0xFF,0xFF,0xFF,
		0xFF,0xFF,0xFF,0xFF,0xFF,0xFF,0xFF,0xFF,0xFF,0xFF,0xFF,0xFF,0xFF,0xFF,0xFF,0xFF,
		0xFF,0xFF,0xFF,0xFF,0xFF,0xFF,0xFF,0xFF,0xFF,0xFF,0xFF,0xFF,0xFF,0xFF,0xFF,0xFF,
		0xFF,0xFF,0xFF,0xFF,0xFF,0xFF,0xFF,0xFF,0xFF,0xFF,0xFF,0xFF,0xFF,0xFF,0xFF,0xFF,
		0xFF,0xFF,0xFF,0xFF,0xFF,0xFF,0xFF,0xFF,0xFF,0xFF,0xFF,0xFF,0xFF,0xFF,0xFF,0xFF,
		0xFF,0xFF,0xFF,0xFF,0xFF,0xFF,0xFF,0xFF,0xFF,0xFF,0xFF,0xFF,0xFF,0xFF,0xFF,0xFF,
		0xFF,0xFF,0xFF,0xFF,0xFF,0xFF,0xFF,0xFF,0xFF,0xFF,0xFF,0xFF,0xFF,0xFF,0xFF,0xFF,
		0xFF,0xFF,0xFF,0xFF,0xFF,0xFF,0xFF,0xFF,0xFF,0xFF,0xFF,0xFF,0xFF,0xFF,0xFF,0xFF,
		0xFF,0xFF,0xFF,0xFF,0xFF,0xFF,0xFF,0xFF,0xFF,0xFF,0xFF,0xFF,0xFF,0xFF,0xFF,0xFF,
		0xFF,0xFF,0xFF,0xFF,0xFF,0xFF,0xFF,0xFF,0xFF,0xFF,0xFF,0xFF,0xFF,0xFF,0xFF,0xFF,
		0xFF,0xFF,0xFF,0xFF,0xFF,0xFF,0xFF,0xFF,0xFF,0xFF,0xFF,0xFF,0xFF,0xFF,0xFF,0xFF,
		0xFF,0xFF,0xFF,0xFF,0xFF,0xFF,0xFF,0xFF,0xFF,0xF3,0xFF,0xFF,0xFF,0xFF,0xFF,0xFF,
		0xFF,0xFF,0xFF,0xFF,0xFF,0xFF,0xFF,0xFF,0xFF,0xF1,0xFF,0xFF,0xFF,0xFF,0xFF,0xFF,
		0xFF,0xFF,0xFF,0xFF,0xDB,0xFF,0xFF,0xFF,0xFF,0xF1,0xCF,0xFF,0xFF,0xFF,0xFF,0xFF,
		0xFF,0xFF,0xFF,0xFF,0xC1,0xFF,0xFF,0xFF,0xFF,0xF8,0x1F,0xFF,0xFF,0xFF,0xFF,0xFF,
		0xFF,0xFF,0xFF,0xFF,0xE0,0xFF,0xFF,0xFF,0xFF,0xF0,0x7F,0xFF,0xFF,0xFF,0xFF,0xFF,
		0xFF,0xFF,0xFF,0xFF,0xE0,0xFF,0xFF,0xFF,0xE0,0x43,0xFF,0xFF,0xFF,0xFF,0xFF,0xFF,
		0xFF,0xFF,0xFF,0xFF,0xF7,0xFF,0xFF,0xFF,0xC2,0x01,0xFF,0xFF,0xFF,0xFF,0xFF,0xFF,
		0xFF,0xFF,0xFF,0xFF,0xFF,0xFF,0xFF,0xFF,0x82,0x11,0xFE,0x00,0x00,0x00,0x03,0xFF,
		0xFF,0xFF,0xFF,0xFF,0xFF,0xFF,0xFF,0xFF,0x80,0x11,0xE0,0x00,0x00,0x00,0x00,0x07,
		0xFF,0xFF,0xFF,0xFF,0xFF,0xFF,0xFF,0xFF,0x01,0x99,0xC0,0x0F,0xFF,0xFF,0xFB,0x07,
		0xFF,0xFF,0xFF,0xFF,0xFF,0xFF,0xFF,0xFF,0x80,0x3D,0xCF,0xFF,0xFF,0xFF,0xFF,0xFF,
		0xFF,0xFF,0xFF,0xFF,0xFF,0xFF,0xFF,0xFF,0x80,0x3F,0x9F,0xFF,0xFF,0xFF,0xFF,0xFF,
		0xFF,0xFF,0xFF,0xFF,0xFF,0xFF,0xFF,0xFF,0xC0,0x7F,0x9F,0xFF,0xFF,0xFF,0xFF,0xFF,
		0xFF,0xFF,0xFF,0xFF,0xFF,0xFF,0xFF,0xFF,0xC0,0xFF,0xBF,0xFF,0xFF,0xFF,0xFF,0xFF,
		0xFF,0xFF,0xFF,0x80,0x0B,0xFE,0x07,0xFF,0xFB,0xFF,0x3F,0xFF,0xFF,0xFF,0xFF,0xFF,
		0xFF,0xFF,0xFE,0x00,0x00,0x7C,0x01,0xFF,0xFF,0xFF,0x3F,0xFF,0xFF,0xFF,0xFF,0xFF,
		0xFF,0xFF,0xF8,0xFF,0xFF,0x09,0xF8,0xFF,0xFF,0xFE,0x7F,0xFF,0xFF,0xFF,0xFF,0xFF,
		0xFF,0xFF,0xF1,0xFF,0xFF,0xC1,0xFE,0x7F,0xFF,0xFE,0x7F,0xFF,0xFF,0xFF,0xFF,0xFF,
		0xFF,0xFF,0xE3,0xFF,0xFF,0xF1,0xFE,0x7F,0xFF,0xFC,0xFF,0xFF,0xFF,0xFF,0xFF,0xFF,
		0xFF,0xFF,0xCF,0xFF,0xFF,0x80,0x04,0xFF,0xFF,0xF8,0xFF,0xFF,0xFF,0xFF,0xFF,0xFF,
		0xFF,0xFF,0x9F,0xFF,0xF8,0x00,0x00,0xFF,0xFF,0xF9,0xFF,0xFF,0xF8,0x00,0x00,0x7F,
		0xFF,0xFF,0x3F,0xFF,0xC0,0x7F,0xF0,0x3F,0xFF,0xF9,0xFF,0xFF,0xFF,0xFF,0x80,0x3F,
		0xFF,0xFE,0x7F,0xFF,0x87,0xFF,0xFF,0x0F,0xFF,0xF3,0xFF,0xFF,0xFF,0xFF,0xFF,0xFF,
		0xFF,0xFE,0x7F,0xFF,0x1F,0xFF,0xFF,0xC3,0xFF,0xF3,0xFF,0xFF,0xFF,0xFF,0xFF,0xFF,
		0xFF,0xFE,0x7F,0xFC,0x3F,0xFF,0xFF,0xF1,0xFF,0xE7,0xFF,0xFF,0xFF,0xFF,0xFF,0xFF,
		0xFF,0xFE,0x7F,0xF0,0x7F,0xFF,0xFF,0x18,0xFF,0xE7,0xFF,0xFF,0xFF,0xFF,0xFF,0xFF,
		0xFF,0xFE,0xFF,0xF3,0xFF,0xCF,0xFC,0x3C,0xFF,0xC7,0xFF,0xFF,0xFF,0xFF,0xFF,0xFF,
		0xFF,0xFC,0xFF,0xE3,0xFF,0x8F,0xFF,0xFE,0x7F,0xCF,0xFF,0xFF,0xFF,0xFF,0xFF,0xFF,
		0xFF,0xFC,0xFF,0xE7,0xFF,0x9F,0xFF,0xFF,0x3F,0xCF,0xFF,0xFF,0xFF,0xFF,0xFF,0xFF,
		0xFF,0xF9,0xFF,0xE7,0xFF,0x3F,0xFF,0x3F,0x3F,0x87,0xFF,0xFF,0xFF,0xFF,0xFF,0xFF,
		0xFF,0xF3,0xFF,0xE7,0xFF,0x3F,0x7C,0x7F,0x9F,0x80,0xFF,0xFF,0xFF,0xFF,0xFF,0xFF,
		0xFF,0xF3,0xFF,0xC7,0xFF,0x3C,0x3F,0xFF,0x8F,0x00,0x0F,0xFF,0xFF,0xFF,0xFF,0xFF,
		0xFF,0xF3,0xFF,0xCF,0xFF,0x3C,0x1F,0xFF,0xCE,0x33,0x01,0xFF,0xFF,0xFF,0xFF,0xFF,
		0xFF,0xF3,0xFF,0xCF,0xFF,0x3C,0x3C,0x3F,0xC0,0x79,0xE0,0x3F,0xFF,0xFF,0xFF,0xFF,
		0xFF,0xF3,0xFF,0xCF,0xFF,0x1F,0xFC,0xFF,0xE0,0x78,0xFC,0x0F,0xFF,0xFF,0xFF,0xFF,
		0xFF,0xF3,0xFF,0xCF,0xFF,0x9F,0xFF,0xFF,0xE0,0xF0,0x7F,0x81,0xFF,0xFF,0xFF,0xFF,
		0xFF,0xF3,0xFF,0xCF,0xFF,0x9F,0xFF,0xFF,0xE6,0x80,0x3F,0xF0,0x3F,0xFF,0xFF,0xFF,
		0xFF,0xF3,0xFF,0xCF,0xFF,0xFF,0xFF,0xFF,0xE7,0x1C,0x1F,0xFE,0x0F,0xFF,0xFF,0xFF,
		0xFF,0xF3,0xFF,0xCF,0xFF,0xFF,0xFF,0xFF,0xE7,0x1D,0x3F,0xFF,0x81,0xFF,0xFF,0xFF,
		0xFF,0xF3,0xFF,0xCF,0xFF,0xFF,0xFF,0xFF,0xE7,0x9C,0x7F,0xFF,0xF0,0x3F,0xFF,0xFF,
		0xFF,0xF3,0xFF,0xCF,0xFF,0xFF,0xFF,0x3F,0xE7,0x88,0x7F,0xFF,0xFE,0x07,0xFF,0xFF,
		0xFF,0xF3,0xFF,0xCF,0xFF,0xFF,0xFF,0x1F,0xE7,0xC0,0x00,0x0E,0x03,0x00,0xFF,0xFF,
		0xFF,0xF3,0xFF,0xCF,0xFF,0xFF,0xFF,0xCF,0xE7,0xE3,0xF2,0x00,0x00,0x90,0x03,0xFF,
		0xFF,0xE7,0xFF,0xCF,0xFF,0xFF,0xFF,0xCF,0xE7,0xC0,0x03,0xF3,0xFF,0x9E,0x00,0xFF,
		0xFF,0xE7,0xFF,0xCF,0xFF,0xFF,0xFF,0x8F,0xC7,0xC0,0x00,0x00,0x00,0x00,0x01,0xFF,
		0xFF,0xE7,0xFF,0xCF,0xFF,0xFF,0xFE,0x1F,0xCF,0xCC,0x7F,0xFF,0xFF,0xFE,0x07,0xFF,
		0xFF,0xF7,0xFF,0xCF,0xFF,0x1F,0xFE,0x3F,0xC3,0x8E,0x1F,0xFF,0xFF,0xFC,0x3F,0xFF,
		0xFF,0xF3,0xFF,0xCF,0xFF,0x3F,0xFF,0xFF,0xC0,0x0E,0x1F,0xFF,0xFF,0xE0,0xFF,0xFF,
		0xFF,0xF3,0xFF,0xCF,0xFE,0x3F,0xFF,0xFF,0x80,0x43,0x3F,0xFF,0xFF,0x03,0xFF,0xFF,
		0xFF,0xF3,0xFF,0xC7,0xFE,0x7F,0xFF,0xFF,0x9E,0x00,0x7F,0xFF,0xFC,0x0F,0xFF,0xFF,
		0xFF,0xF3,0xFF,0xC7,0xFE,0x78,0x7E,0xFF,0x9E,0x1F,0xFF,0xFF,0xE0,0x7F,0xFF,0xFF,
		0xFF,0xF3,0xFF,0xE7,0xFE,0x70,0x78,0xFF,0x3F,0x1F,0xFF,0xFF,0x01,0xFF,0xFF,0xFF,
		0xFF,0xF9,0xFF,0xE3,0xFC,0xF8,0x7F,0xFF,0x3F,0x8F,0xFF,0xE0,0x0F,0xFF,0xFF,0xFF,
		0xFF,0xF9,0xFF,0xF3,0xFC,0x7F,0xFF,0xFE,0x7F,0xC7,0xF0,0x00,0xFF,0xFF,0xFF,0xFF,
		0xFF,0xFC,0xFF,0xF1,0xFE,0x7F,0xF0,0xFC,0x7F,0xC0,0x00,0x0F,0xFF,0xFF,0xFF,0xFF,
		0xFF,0xFE,0x7F,0xF8,0x7F,0xFF,0xFB,0xFC,0xFF,0xE0,0x03,0xFF,0xFF,0xFF,0xFF,0xFF,
		0xFF,0xFF,0x3F,0xFC,0x03,0xFF,0xFF,0xF1,0xFF,0xE3,0xFF,0xFF,0xFF,0xFF,0xFF,0xFF,
		0xFF,0xFF,0x9F,0xFF,0x80,0x00,0xF8,0xE3,0xFF,0xE3,0xFF,0xFF,0xFF,0xFF,0xFF,0xFF,
		0xFF,0xFF,0x8F,0xFF,0xFC,0x00,0x00,0x07,0xFF,0xF3,0xFF,0xFF,0xFF,0xFF,0xFF,0xFF,
		0xFF,0xFF,0xE7,0xFF,0xC0,0x7F,0x00,0x1F,0xFF,0xF3,0xFF,0xFF,0xFF,0xFF,0xFF,0xFF,
		0xFF,0xFF,0xF3,0xFC,0x03,0xFF,0xF1,0xFF,0xFF,0xF3,0xFF,0xFF,0xFF,0xFF,0xFF,0xFF,
		0xFF,0xFF,0xF8,0x00,0x3F,0xFF,0xFF,0xFF,0xFF,0xF3,0xFF,0xFF,0xFF,0xFF,0xFF,0xFF,
		0xFF,0xFF,0xFC,0x03,0xFF,0xFF,0xFF,0xFF,0xFF,0xF3,0xFF,0xFF,0xFF,0xFF,0xFF,0xFF,
		0xFF,0xFF,0xFF,0xFF,0xFF,0xFF,0xFF,0xFF,0xFF,0xF9,0xFF,0xFF,0xFF,0xFF,0xFF,0xFF,
		0xF0,0xFF,0xFF,0xFF,0xFF,0xFF,0xFF,0xFF,0xFF,0xF9,0xFF,0xFF,0xE0,0x00,0x0F,0xFF,
		0xF0,0x7F,0xFF,0xFF,0xFF,0xFF,0xFF,0xFF,0xFF,0xF9,0xFF,0xFF,0xF0,0x00,0x00,0xFF,
		0xF8,0x3F,0xFF,0xFF,0xC0,0x07,0xFF,0xFF,0xFF,0xF9,0xFF,0xFF,0xFF,0xFF,0xF0,0xFF,
		0xFC,0x1F,0xFF,0xFE,0x00,0x00,0xFF,0xFF,0xFF,0xF8,0xFF,0xFF,0xFF,0xFF,0xFF,0xFF,
		0xF8,0x0F,0xFF,0xF8,0x1F,0xF8,0x3F,0xFF,0xFF,0xFC,0xFF,0xFF,0xFF,0xFF,0xFF,0xFF,
		0xF0,0x07,0xFF,0xF0,0xFF,0xFF,0x1E,0x07,0xFF,0xFC,0xFF,0xFF,0xFF,0xFF,0xFF,0xFF,
		0xE0,0x0F,0xFF,0xC3,0xFF,0xFF,0x00,0x01,0xFF,0xFC,0x7F,0xFF,0xFF,0xFF,0xFF,0xFF,
		0xE0,0x3F,0xFF,0x87,0xFF,0xF0,0x00,0xF8,0xFF,0xFE,0x7F,0xFF,0xFF,0xFF,0xFF,0xFF,
		0xF0,0xFF,0xFF,0x1F,0xFF,0xC0,0xFF,0xFC,0x7F,0xFE,0x3F,0xFF,0xFF,0xFF,0xFF,0xFF,
		0xFF,0xFF,0xFE,0x3F,0xFF,0x07,0xFF,0xFE,0x3F,0xFC,0x1F,0xFF,0xFF,0xFF,0xFF,0xFF,
		0xFF,0xFF,0xFC,0x7F,0xFE,0x1F,0xFF,0x9F,0x03,0x79,0x8F,0xFF,0xFF,0xFF,0xFF,0xFF,
		0xFF,0xFF,0xFC,0xFF,0xFC,0x7E,0x7F,0x9F,0x80,0x00,0xC1,0xF0,0x0E,0xFF,0xFF,0xFF,
		0xFF,0xFF,0xF8,0xFF,0xF9,0xFE,0x7F,0x9F,0x80,0x00,0x00,0x00,0x00,0x1F,0xFF,0xFF,
		0xFF,0xFF,0xF1,0xFF,0xF3,0xFC,0xFF,0xFF,0xC0,0x00,0x00,0x00,0x00,0x00,0x03,0xFF,
		0xFF,0xFF,0xF3,0xFF,0xE7,0xFC,0xE3,0x9F,0xCF,0xC0,0x00,0x00,0x01,0xE0,0x01,0xFF,
		0xFF,0xFF,0xE3,0xFF,0xC7,0xFC,0xC1,0xFF,0xE7,0x8F,0x0C,0x13,0x7F,0xFF,0xFF,0xFF,
		0xFF,0xFF,0xE3,0xFF,0x8F,0xFC,0xC1,0xFF,0xE4,0x1F,0xC7,0xFF,0xFF,0xFF,0xFF,0xFF,
		0xFF,0xFF,0xE7,0xFF,0x1F,0xFC,0xE3,0xFF,0xE0,0x0F,0xE3,0xFF,0xFF,0xFF,0xFF,0xFF,
		0xFF,0xFF,0xC7,0xFF,0x3F,0xFC,0xFF,0xFF,0xF0,0x0F,0xF3,0xFF,0xFF,0xFF,0xFF,0xFF,
		0xFF,0xFF,0xC7,0xFE,0x7F,0xFE,0x7F,0xFF,0xF0,0x07,0xF9,0xFF,0xFF,0xFF,0xFF,0xFF,
		0xFF,0xFF,0xCF,0xFE,0x7F,0xFF,0xFF,0xF3,0xF3,0xE7,0xFD,0xFF,0xFF,0xFF,0xFF,0xFF,
		0xFF,0xFF,0xCF,0xFC,0xFF,0xFF,0xFF,0xF1,0xF3,0xE6,0x4C,0xFF,0xFF,0xFF,0xFF,0xFF,
		0xFF,0xFF,0xCF,0xFC,0xFF,0xFF,0xFF,0xF9,0xF3,0xF2,0x4C,0xFF,0xFF,0xFF,0xFF,0xFF,
		0xFF,0xFF,0xCF,0xFC,0x7F,0xFF,0xFF,0xF9,0xF3,0xF8,0x4C,0xFF,0xFF,0xFF,0xFF,0xFF,
		0xFF,0xFF,0xCF,0xFE,0x3F,0xFF,0xFF,0xF9,0xF3,0xFC,0x0C,0x1F,0xFF,0xFF,0xFF,0xFF,
		0xFF,0xFF,0xCF,0xFF,0x1F,0xFF,0xFF,0xF3,0xF3,0xE0,0x0C,0x0F,0xFF,0xFF,0xFF,0xFF,
		0xFF,0xFF,0xCF,0xFF,0x0F,0xFE,0xFF,0xFF,0xF3,0xC6,0x4C,0x0F,0xFF,0xFF,0xFF,0xFF,
		0xFF,0xFF,0xC7,0xFF,0x87,0xFC,0xFF,0xFF,0xF3,0x8E,0x5C,0x1F,0xFF,0xFF,0xFF,0xFF,
		0xFF,0xFF,0xC7,0xFF,0xC3,0xFC,0xFF,0xFF,0xE3,0x9F,0xF9,0xFF,0xFF,0xFF,0xFF,0xFF,
		0xFF,0xFF,0xE7,0xFF,0xE1,0xFC,0xC3,0x9F,0xE7,0x3F,0xF9,0xFF,0xFF,0xFF,0xFF,0xFF,
		0xFF,0xFF,0xE3,0xFF,0xF0,0xF9,0xC1,0xBF,0xC6,0x7F,0xF3,0xFF,0xFF,0xFF,0xFF,0xFF,
		0xFF,0xFF,0xF3,0xFF,0xF8,0x79,0xC1,0x3F,0xCC,0xFF,0xE7,0xFF,0xFF,0xFF,0xFF,0xFF,
		0xFF,0xFF,0xF1,0xFF,0xFC,0x3D,0xC3,0xFF,0x99,0xFF,0x8F,0xFF,0xFF,0xFF,0xFF,0xFF,
		0xFF,0xFF,0xF9,0xFF,0xFE,0x0C,0xFF,0xFF,0x03,0xFF,0x1F,0xFF,0xFF,0xFF,0xFF,0xFF,
		0xFF,0xFF,0xFC,0xFF,0xFF,0x00,0xFF,0x3E,0x03,0xF8,0x7F,0xFF,0xFF,0xFF,0xFF,0xFF,
		0xFF,0xFF,0xFC,0x7F,0xFF,0x80,0x03,0xFC,0x40,0x41,0xFF,0xFF,0xFF,0xFF,0xFF,0xFF,
		0xFF,0xFF,0xFE,0x3F,0xFF,0xC3,0xFF,0xF8,0xFE,0x07,0xFF,0xFF,0xFF,0xFF,0xFF,0xFF,
		0xFF,0xFF,0xFF,0x1F,0xFF,0xF1,0xFF,0xE1,0xFF,0x1F,0xFF,0xFF,0xFF,0xFF,0xFF,0xFF,
		0xFF,0xFF,0xFF,0x87,0xFF,0xF8,0xFF,0x80,0x7F,0x8F,0xFF,0xFF,0xFF,0xFF,0xFF,0xFF,
		0xFF,0xFF,0xFF,0xC3,0xFF,0xFC,0x3C,0x00,0x03,0xEF,0xFF,0xFF,0xFB,0xFF,0xFF,0xFF,
		0xFF,0xFF,0xFF,0xE0,0xFF,0xFE,0x00,0x00,0x00,0x07,0xFF,0xFF,0xE3,0xFF,0xFF,0xFF,
		0xFF,0xFF,0xFF,0xF8,0x3F,0xFF,0x01,0x00,0x00,0x05,0xFF,0xFF,0xC3,0xFF,0xFF,0xFF,
		0xFF,0xFF,0xFF,0xFE,0x07,0xFF,0x1F,0x00,0xE0,0x00,0x3F,0xFE,0x07,0xFF,0xFF,0xFF,
		0xFF,0xFF,0xFF,0xFF,0x80,0xF8,0x1E,0x3C,0x7F,0x00,0x0F,0xF0,0x07,0xFF,0xFF,0xFF,
		0xFF,0xFF,0xFF,0xFF,0xF0,0x01,0x80,0x60,0xFF,0xF0,0x00,0x00,0x0F,0xFF,0xFF,0xFF,
		0xFF,0xFF,0xFF,0xFF,0xFF,0x03,0xE0,0x00,0xFF,0xF2,0x00,0x00,0x3F,0xFF,0xFF,0xFF,
		0xFF,0xFF,0xFF,0xFF,0xFF,0xF1,0x83,0x03,0xFF,0xF3,0xC0,0x01,0xFF,0xFF,0xFF,0xFF,
		0xFF,0xFF,0xFF,0xFF,0xFF,0xF0,0x1F,0xE3,0xFF,0xF3,0xFF,0xFF,0xFF,0xFF,0xFF,0xFF,
		0xFF,0xFF,0xFF,0xFF,0xFF,0xFC,0x7F,0xF3,0xFF,0xF3,0xFF,0xFF,0xFF,0xFF,0xFF,0xFF,
		0xFF,0xFF,0xFF,0xFF,0xFF,0xFF,0xFF,0xFB,0xFF,0xF3,0xFF,0xFB,0xFF,0xFF,0xFF,0xFF,
		0xFF,0xFF,0xFF,0xFF,0xFF,0xFF,0xFF,0xFF,0xFF,0xF3,0xFF,0xF8,0x00,0x00,0x3F,0xFF,
		0xFF,0xFF,0xFF,0xFF,0xFF,0xFF,0xFF,0xFF,0xFF,0xFB,0xFF,0xFC,0x00,0x00,0x03,0xFF,
		0xFF,0xFF,0xFF,0xFF,0xFF,0xFF,0xFF,0xFF,0xFF,0xFB,0xFF,0xFF,0xFF,0xFF,0xE7,0xFF,
		0xFF,0xFF,0xFF,0xFF,0xFF,0xFF,0xFF,0xFF,0xFF,0xF9,0xFF,0xFF,0xFF,0xFF,0xFF,0xFF,
		0xFF,0xFF,0xFF,0xFF,0xFF,0xFF,0xFF,0xFF,0xFF,0xF9,0xFF,0xFF,0xFF,0xFF,0xFF,0xFF,
		0xFF,0xFF,0xFF,0xFF,0xFF,0xFF,0xFF,0xFF,0xFF,0xF9,0xFF,0xFF,0xFF,0xFF,0xFF,0xFF,
		0xFF,0xFF,0xFF,0xFF,0xFF,0xFF,0xFF,0xFF,0xFF,0xFC,0xFF,0xFF,0xFF,0xFF,0xFF,0xFF,
		0xFF,0xFF,0xFF,0xFF,0xFF,0xFF,0xFF,0xFF,0xFF,0xFC,0xFF,0xFF,0xFF,0xFF,0xFF,0xFF,
		0xFF,0xFF,0xFF,0xFF,0xFF,0xFF,0xFF,0xE7,0xFF,0xFE,0x7F,0xFF,0xFF,0xFF,0xFF,0xFF,
		0xFF,0xFF,0xFF,0xFF,0xFF,0xFF,0xFF,0x05,0xFF,0xFE,0x3F,0xFF,0xFF,0xFF,0xFF,0xFF,
		0xFF,0xFF,0xFF,0xFF,0xFF,0xFF,0xFF,0x00,0xFF,0xFF,0x00,0x3F,0xFF,0xFF,0xFF,0xFF,
		0xFF,0xFF,0xFF,0xFF,0xFF,0xFF,0xFF,0xC3,0xFF,0xFF,0xC0,0x00,0x00,0x07,0xFF,0xFF,
		0xFF,0xFF,0xFF,0xFF,0xFF,0xFF,0xFF,0x81,0xFF,0xFF,0xFF,0xFC,0x00,0x00,0x0F,0xFF,
		0xFF,0xFF,0xFF,0xFF,0xFF,0xFF,0xFF,0x9C,0xFF,0xFF,0xFF,0xFF,0xFF,0xFE,0x07,0xFF,
		0xFF,0xFF,0xFF,0xFF,0xFF,0xFF,0xFF,0xFF,0xFF,0xFF,0xFF,0xFF,0xFF,0xFF,0xFF,0xFF,
		0xFF,0xFF,0xFF,0xFF,0xFF,0xFF,0xFF,0xFF,0xFF,0xFF,0xFF,0xFF,0xFF,0xFF,0xFF,0xFF,
		0xFF,0xFF,0xFF,0xFF,0xFF,0xFF,0xFF,0xFF,0xFF,0xFF,0xFF,0xFF,0xFF,0xFF,0xFF,0xFF,
		0xFF,0xFF,0xFF,0xFF,0xFF,0xFF,0xFF,0xFF,0xFF,0xFF,0xFF,0xFF,0xFF,0xFF,0xFF,0xFF,
		0xFF,0xFF,0xFF,0xFF,0xFF,0xFF,0xFF,0xFF,0xFF,0xFF,0xFF,0xFF,0xFF,0xFF,0xFF,0xFF,
		0xFF,0xFF,0xFF,0xFF,0xFF,0xFF,0xFF,0xFF,0xFF,0xFF,0xFF,0xFF,0xFF,0xFF,0xFF,0xFF,
		0xFF,0xFF,0xFF,0xFF,0xFF,0xFF,0xFF,0xFF,0xFF,0xFF,0xFF,0xFF,0xFF,0xFF,0xFF,0xFF,
		0xFF,0xFF,0xFF,0xFF,0xFF,0xFF,0xFF,0xFF,0xFF,0xFF,0xFF,0xFF,0xFF,0xFF,0xFF,0xFF,
		0xFF,0xFF,0xFF,0xFF,0xFF,0xFF,0xFF,0xFF,0xFF,0xFF,0xFF,0xFF,0xFF,0xFF,0xFF,0xFF,
		0xFF,0xFF,0xFF,0xFF,0xFF,0xFF,0xFF,0xFF,0xFF,0xFF,0xFF,0xFF,0xFF,0xFF,0xFF,0xFF,
		0xFF,0xFF,0xFF,0xFF,0xFF,0xFF,0xFF,0xFF,0xFF,0xFF,0xFF,0xFF,0xFF,0xFF,0xFF,0xFF,
		0xFF,0xFF,0xFF,0xFF,0xFF,0xFF,0xFF,0xFF,0xFF,0xFF,0xFF,0xFF,0xFF,0xFF,0xFF,0xFF,
		0xFF,0xFF,0xFF,0xFF,0xFF,0xFF,0xFF,0xFF,0xFF,0xFF,0xFF,0xFF,0xFF,0xFF,0xFF,0xFF,
		0xFF,0xFF,0xFF,0xFF,0xFF,0xFF,0xFF,0xFF,0xFF,0xFF,0xFF,0xFF,0xFF,0xFF,0xFF,0xFF,
		0xFF,0xFF,0xFF,0xFF,0xFF,0xFF,0xFF,0xFF,0xFF,0xFF,0xFF,0xFF,0xFF,0xFF,0xFF,0xFF,
		0xFF,0xFF,0xFF,0xFF,0xFF,0xFF,0xFF,0xFF,0xFF,0xFF,0xFF,0xFF,0xFF,0xFF,0xFF,0xFF,
		0xFF,0xFF,0xFF,0xFF,0xFF,0xFF,0xFF,0xFF,0xFF,0xFF,0xFF,0xFF,0xFF,0xFF,0xFF,0xFF,
		0xFF,0xFF,0xFF,0xFF,0xFF,0xFF,0xFF,0xFF,0xFF,0xFF,0xFF,0xFF,0xFF,0xFF,0xFF,0xFF,
		0xFF,0xFF,0xFF,0xFF,0xFF,0xFF,0xFF,0xFF,0xFF,0xFF,0xFF,0xFF,0xFF,0xFF,0xFF,0xFF,
		0xFF,0xFF,0xFF,0xFF,0xFF,0xFF,0xFF,0xFF,0xFF,0xFF,0xFF,0xFF,0xFF,0xFF,0xFF,0xFF,
		0xFF,0xFF,0xFF,0xFF,0xFF,0xFF,0xFF,0xFF,0xFF,0xFF,0xFF,0xFF,0xFF,0xFF,0xFF,0xFF,
		0xFF,0xFF,0xFF,0xFF,0xFF,0xFF,0xFF,0xFF,0xFF,0xFF,0xFF,0xFF,0xFF,0xFF,0xFF,0xFF,
		0xFF,0xFF,0xFF,0xFF,0xFF,0xFF,0xFF,0xFF,0xFF,0xFF,0xFF,0xFF,0xFF,0xFF,0xFF,0xFF,
		0xFF,0xFF,0xFF,0xFF,0xFF,0xFF,0xFF,0xFF,0xFF,0xFF,0xFF,0xFF,0xFF,0xFF,0xFF,0xFF,
		0xFF,0xFF,0xFF,0xFF,0xFF,0xFF,0xFF,0xFF,0xFF,0xFF,0xFF,0xFF,0xFF,0xFF,0xFF,0xFF,
		0xFF,0xFF,0xFF,0xFF,0xFF,0xFF,0xFF,0xFF,0xFF,0xFF,0xFF,0xFF,0xFF,0xFF,0xFF,0xFF,
		0xFF,0xFF,0xFF,0xFF,0xFF,0xFF,0xFF,0xFF,0xFF,0xFF,0xFF,0xFF,0xFF,0xFF,0xFF,0xFF,
		0xFF,0xFF,0xFF,0xFF,0xFF,0xFF,0xFF,0xFF,0xFF,0xFF,0xFF,0xFF,0xFF,0xFF,0xFF,0xFF,
		0xFF,0xFF,0xFF,0xFF,0xFF,0xFF,0xFF,0xFF,0xFF,0xFF,0xFF,0xFF,0xFF,0xFF,0xFF,0xFF,
		0xFF,0xFF,0xFF,0xFF,0xFF,0xFF,0xFF,0xFF,0xFF,0xFF,0xFF,0xFF,0xFF,0xFF,0xFF,0xFF,
		0xFF,0xFF,0xFF,0xFF,0xFF,0xFF,0xFF,0xFF,0xFF,0xFF,0xFF,0xFF,0xFF,0xFF,0xFF,0xFF,
		0xFF,0xFF,0xFF,0xFF,0xFF,0xFF,0xFF,0xFF,0xFF,0xFF,0xFF,0xFF,0xFF,0xFF,0xFF,0xFF,
		0xFF,0xFF,0xFF,0xFF,0xFF,0xFF,0xFF,0xFF,0xFF,0xFF,0xFF,0xFF,0xFF,0xFF,0xFF,0xFF,
		0xFF,0xFF,0xFF,0xFF,0xFF,0xFF,0xFF,0xFF,0xFF,0xFF,0xFF,0xFF,0xFF,0xFF,0xFF,0xFF,
		0xFF,0xFF,0xFF,0xFF,0xFF,0xFF,0xFF,0xFF,0xFF,0xFF,0xFF,0xFF,0xFF,0xFF,0xFF,0xFF,
		0xFF,0xFF,0xFF,0xFF,0xFF,0xFF,0xFF,0xFF,0xFF,0xFF,0xFF,0xFF,0xFF,0xFF,0xFF,0xFF,
		0xFF,0xFF,0xFF,0xFF,0xFF,0xFF,0xFF,0xFF,0xFF,0xFF,0xFF,0xFF,0xFF,0xFF,0xFF,0xFF,
		0xFF,0xFF,0xFF,0xFF,0xFF,0xFF,0xFF,0xFF,0xFF,0xFF,0xFF,0xFF,0xFF,0xFF,0xFF,0xFF,
		0xFF,0xFF,0xFF,0xFF,0xFF,0xFF,0xFF,0xFF,0xFF,0xFF,0xFF,0xFF,0xFF,0xFF,0xFF,0xFF,
		0xFF,0xFF,0xFF,0xFF,0xFF,0xFF,0xFF,0xFF,0xFF,0xFF,0xFF,0xFF,0xFF,0xFF,0xFF,0xFF,
		0xFF,0xFF,0xFF,0xFF,0xFF,0xFF,0xFF,0xFF,0xFF,0xFF,0xFF,0xFF,0xFF,0xFF,0xFF,0xFF,
		0xFF,0xFF,0xFF,0xFF,0xFF,0xFF,0xFF,0xFF,0xFF,0xFF,0xFF,0xFF,0xFF,0xFF,0xFF,0xFF,
		0xFF,0xFF,0xFF,0xFF,0xFF,0xFF,0xFF,0xFF,0xFF,0xFF,0xFF,0xFF,0xFF,0xFF,0xFF,0xFF,
		0xFF,0xFF,0xFF,0xFF,0xFF,0xFF,0xFF,0xFF,0xFF,0xFF,0xFF,0xFF,0xFF,0xFF,0xFF,0xFF,
		0xFF,0xFF,0xFF,0xFF,0xFF,0xFF,0xFF,0xFF,0xFF,0xFF,0xFF,0xFF,0xFF,0xFF,0xFF,0xFF,
		0xFF,0xFF,0xFF,0xFF,0xFF,0xFF,0xFF,0xFF,0xFF,0xFF,0xFF,0xFF,0xFF,0xFF,0xFF,0xFF,
		0xFF,0xFF,0xFF,0xFF,0xFF,0xFF,0xFF,0xFF,0xFF,0xFF,0xFF,0xFF,0xFF,0xFF,0xFF,0xFF,
		0xFF,0xFF,0xFF,0xFF,0xFF,0xFF,0xFF,0xFF,0xFF,0xFF,0xFF,0xFF,0xFF,0xFF,0xFF,0xFF,
		0xFF,0xFF,0xFF,0xFF,0xFF,0xFF,0xFF,0xFF,0xFF,0xFF,0xFF,0xFF,0xFF,0xFF,0xFF,0xFF,
		0xFF,0xFF,0xFF,0xFF,0xFF,0xFF,0xFF,0xFF,0xFF,0xFF,0xFF,0xFF,0xFF,0xFF,0xFF,0xFF,
		0xFF,0xFF,0xFF,0xFF,0xFF,0xFF,0xFF,0xFF,0xFF,0xFF,0xFF,0xFF,0xFF,0xFF,0xFF,0xFF,
		0xFF,0xFF,0xFF,0xFF,0xFF,0xFF,0xFF,0xFF,0xFF,0xFF,0xFF,0xFF,0xFF,0xFF,0xFF,0xFF,
		0xFF,0xFF,0xFF,0xFF,0xFF,0xFF,0xFF,0xFF,0xFF,0xFF,0xFF,0xFF,0xFF,0xFF,0xFF,0xFF,
		0xFF,0xFF,0xFF,0xFF,0xFF,0xFF,0xFF,0xFF,0xFF,0xFF,0xFF,0xFF,0xFF,0xFF,0xFF,0xFF,
		0xFF,0xFF,0xFF,0xFF,0xFF,0xFF,0xFF,0xFF,0xFF,0xFF,0xFF,0xFF,0xFF,0xFF,0xFF,0xFF,
		0xFF,0xFF,0xFF,0xFF,0xFF,0xFF,0xFF,0xFF,0xFF,0xFF,0xFF,0xFF,0xFF,0xFF,0xFF,0xFF,
		0xFF,0xFF,0xFF,0xFF,0xFF,0xFF,0xFF,0xFF,0xFF,0xFF,0xFF,0xFF,0xFF,0xFF,0xFF,0xFF,
		0xFF,0xFF,0xFF,0xFF,0xFF,0xFF,0xFF,0xFF,0xFF,0xFF,0xFF,0xFF,0xFF,0xFF,0xFF,0xFF,
		0xFF,0xFF,0xFF,0xFF,0xFF,0xFF,0xFF,0xFF,0xFF,0xFF,0xFF,0xFF,0xFF,0xFF,0xFF,0xFF,
		0xFF,0xFF,0xFF,0xFF,0xFF,0xFF,0xFF,0xFF,0xFF,0xFF,0xFF,0xFF,0xFF,0xFF,0xFF,0xFF,
		0xFF,0xFF,0xFF,0xFF,0xFF,0xFF,0xFF,0xFF,0xFF,0xFF,0xFF,0xFF,0xFF,0xFF,0xFF,0xFF,
		0xFF,0xFF,0xFF,0xFF,0xFF,0xFF,0xFF,0xFF,0xFF,0xFF,0xFF,0xFF,0xFF,0xFF,0xFF,0xFF,
		0xFF,0xFF,0xFF,0xFF,0xFF,0xFF,0xFF,0xFF,0xFF,0xFF,0xFF,0xFF,0xFF,0xFF,0xFF,0xFF,
		0xFF,0xFF,0xFF,0xFF,0xFF,0xFF,0xFF,0xFF,0xFF,0xFF,0xFF,0xFF,0xFF,0xFF,0xFF,0xFF,
		0xFF,0xFF,0xFF,0xFF,0xFF,0xFF,0xFF,0xFF,0xFF,0xFF,0xFF,0xFF,0xFF,0xFF,0xFF,0xFF,
		0xFF,0xFF,0xFF,0xFF,0xFF,0xFF,0xFF,0xFF,0xFF,0xFF,0xFF,0xFF,0xFF,0xFF,0xFF,0xFF,
		0xFF,0xFF,0xFF,0xFF,0xFF,0xFF,0xFF,0xFF,0xFF,0xFF,0xFF,0xFF,0xFF,0xFF,0xFF,0xFF,
		0xFF,0xFF,0xFF,0xFF,0xFF,0xFF,0xFF,0xFF,0xFF,0xFF,0xFF,0xFF,0xFF,0xFF,0xFF,0xFF,
		0xFF,0xFF,0xFF,0xFF,0xFF,0xFF,0xFF,0xFF,0xFF,0xFF,0xFF,0xFF,0xFF,0xFF,0xFF,0xFF,
		0xFF,0xFF,0xFF,0xFF,0xFF,0xFF,0xFF,0xFF,0xFF,0xFF,0xFF,0xFF,0xFF,0xFF,0xFF,0xFF,
		0xFF,0xFF,0xFF,0xFF,0xFF,0xFF,0xFF,0xFF,0xFF,0xFF,0xFF,0xFF,0xFF,0xFF,0xFF,0xFF,
		0xFF,0xFF,0xFF,0xFF,0xFF,0xFF,0xFF,0xFF,0xFF,0xFF,0xFF,0xFF,0xFF,0xFF,0xFF,0xFF,
		0xFF,0xFF,0xFF,0xFF,0xFF,0xFF,0xFF,0xFF,0xFF,0xFF,0xFF,0xFF,0xFF,0xFF,0xFF,0xFF,
		0xFF,0xFF,0xFF,0xFF,0xFF,0xFF,0xFF,0xFF,0xFF,0xFF,0xFF,0xFF,0xFF,0xFF,0xFF,0xFF,
		0xFF,0xFF,0xFF,0xFF,0xFF,0xFF,0xFF,0xFF,0xFF,0xFF,0xFF,0xFF,0xFF,0xFF,0xFF,0xFF,
		0xFF,0xFF,0xFF,0xFF,0xFF,0xFF,0xFF,0xFF,0xFF,0xFF,0xFF,0xFF,0xFF,0xFF,0xFF,0xFF,
		0xFF,0xFF,0xFF,0xFF,0xFF,0xFF,0xFF,0xFF,0xFF,0xFF,0xFF,0xFF,0xFF,0xFF,0xFF,0xFF,
		0xFF,0xFF,0xFF,0xFF,0xFF,0xFF,0xFF,0xFF,0xFF,0xFF,0xFF,0xFF,0xFF,0xFF,0xFF,0xFF,
		0xFF,0xFF,0xFF,0xFF,0xFF,0xFF,0xFF,0xFF,0xFF,0xFF,0xFF,0xFF,0xFF,0xFF,0xFF,0xFF,
		0xFF,0xFF,0xFF,0xFF,0xFF,0xFF,0xFF,0xFF,0xFF,0xFF,0xFF,0xFF,0xFF,0xFF,0xFF,0xFF,
		0xFF,0xFF,0xFF,0xFF,0xFF,0xFF,0xFF,0xFF,0xFF,0xFF,0xFF,0xFF,0xFF,0xFF,0xFF,0xFF,
		0xFF,0xFF,0xFF,0xFF,0xFF,0xFF,0xFF,0xFF,0xFF,0xFF,0xFF,0xFF,0xFF,0xFF,0xFF,0xFF,
		0xFF,0xFF,0xFF,0xFF,0xFF,0xFF,0xFF,0xFF,0xFF,0xFF,0xFF,0xFF,0xFF,0xFF,0xFF,0xFF,
		0xFF,0xFF,0xFF,0xFF,0xFF,0xFF,0xFF,0xFF,0xFF,0xFF,0xFF,0xFF,0xFF,0xFF,0xFF,0xFF,
		0xFF,0xFF,0xFF,0xFF,0xFF,0xFF,0xFF,0xFF,0xFF,0xFF,0xFF,0xFF,0xFF,0xFF,0xFF,0xFF,
		0xFF,0xFF,0xFF,0xFF,0xFF,0xFF,0xFF,0xFF,0xFF,0xFF,0xFF,0xFF,0xFF,0xFF,0xFF,0xFF,
		0xFF,0xFF,0xFF,0xFF,0xFF,0xFF,0xFF,0xFF,0xFF,0xFF,0xFF,0xFF,0xFF,0xFF,0xFF,0xFF,
		0xFF,0xFF,0xFF,0xFF,0xFF,0xFF,0xFF,0xFF,0xFF,0xFF,0xFF,0xFF,0xFF,0xFF,0xFF,0xFF,
		0xFF,0xFF,0xFF,0xFF,0xFF,0xFF,0xFF,0xFF,0xFF,0xFF,0xFF,0xFF,0xFF,0xFF,0xFF,0xFF,
		0xFF,0xFF,0xFF,0xFF,0xFF,0xFF,0xFF,0xFF,0xFF,0xFF,0xFF,0xFF,0xFF,0xFF,0xFF,0xFF,
		0xFF,0xFF,0xFF,0xFF,0xFF,0xFF,0xFF,0xFF,0xFF,0xFF,0xFF,0xFF,0xFF,0xFF,0xFF,0xFF,
		0xFF,0xFF,0xFF,0xFF,0xFF,0xFF,0xFF,0xFF,0xFF,0xFF,0xFF,0xFF,0xFF,0xFF,0xFF,0xFF,
		0xFF,0xFF,0xFF,0xFF,0xFF,0xFF,0xFF,0xFF,0xFF,0xFF,0xFF,0xFF,0xFF,0xFF,0xFF,0xFF,
		0xFF,0xFF,0xFF,0xFF,0xFF,0xFF,0xFF,0xFF,0xFF,0xFF,0xFF,0xFF,0xFF,0xFF,0xFF,0xFF,
		0xFF,0xFF,0xFF,0xFF,0xFF,0xFF,0xFF,0xFF,0xFF,0xFF,0xFF,0xFF,0xFF,0xFF,0xFF,0xFF,
		0xFF,0xFF,0xFF,0xFF,0xFF,0xFF,0xFF,0xFF,0xFF,0xFF,0xFF,0xFF,0xFF,0xFF,0xFF,0xFF,
		0xFF,0xFF,0xFF,0xFF,0xFF,0xFF,0xFF,0xFF,0xFF,0xFF,0xFF,0xFF,0xFF,0xFF,0xFF,0xFF,
		0xFF,0xFF,0xFF,0xFF,0xFF,0xFF,0xFF,0xFF,0xFF,0xFF,0xFF,0xFF,0xFF,0xFF,0xFF,0xFF,
		0xFF,0xFF,0xFF,0xFF,0xFF,0xFF,0xFF,0xFF,0xFF,0xFF,0xFF,0xFF,0xFF,0xFF,0xFF,0xFF,
		0xFF,0xFF,0xFF,0xFF,0xFF,0xFF,0xFF,0xFF,0xFF,0xFF,0xFF,0xFF,0xFF,0xFF,0xFF,0xFF,
		0xFF,0xFF,0xFF,0xFF,0xFF,0xFF,0xFF,0xFF,0xFF,0xFF,0xFF,0xFF,0xFF,0xFF,0xFF,0xFF,
		0xFF,0xFF,0xFF,0xFF,0xFF,0xFF,0xFF,0xFF,0xFF,0xFF,0xFF,0xFF,0xFF,0xFF,0xFF,0xFF,
		0xFF,0xFF,0xFF,0xFF,0xFF,0xFF,0xFF,0xFF,0xFF,0xFF,0xFF,0xFF,0xFF,0xFF,0xFF,0xFF,
		0xFF,0xFF,0xFF,0xFF,0xFF,0xFF,0xFF,0xFF,0xFF,0xFF,0xFF,0xFF,0xFF,0xFF,0xFF,0xFF,
		0xFF,0xFF,0xFF,0xFF,0xFF,0xFF,0xFF,0xFF,0xFF,0xFF,0xFF,0xFF,0xFF,0xFF,0xFF,0xFF,
		0xFF,0xFF,0xFF,0xFF,0xFF,0xFF,0xFF,0xFF,0xFF,0xFF,0xFF,0xFF,0xFF,0xFF,0xFF,0xFF,
		0xFF,0xFF,0xFF,0xFF,0xFF,0xFF,0xFF,0xFF,0xFF,0xFF,0xFF,0xFF,0xFF,0xFF,0xFF,0xFF,
		0xFF,0xFF,0xFF,0xFF,0xFF,0xFF,0xFF,0xFF,0xFF,0xFF,0xFF,0xFF,0xFF,0xFF,0xFF,0xFF,
		0xFF,0xFF,0xFF,0xFF,0xFF,0xFF,0xFF,0xFF,0xFF,0xFF,0xFF,0xFF,0xFF,0xFF,0xFF,0xFF,
		0xFF,0xFF,0xFF,0xFF,0xFF,0xFF,0xFF,0xFF,0xFF,0xFF,0xFF,0xFF,0xFF,0xFF,0xFF,0xFF,
		0xFF,0xFF,0xFF,0xFF,0xFF,0xFF,0xFF,0xFF,0xFF,0xFF,0xFF,0xFF,0xFF,0xFF,0xFF,0xFF,
		0xFF,0xFF,0xFF,0xFF,0xFF,0xFF,0xFF,0xFF,0xFF,0xFF,0xFF,0xFF,0xFF,0xFF,0xFF,0xFF,
		0xFF,0xFF,0xFF,0xFF,0xFF,0xFF,0xFF,0xFF,0xFF,0xFF,0xFF,0xFF,0xFF,0xFF,0xFF,0xFF,
		0xFF,0xFF,0xFF,0xFF,0xFF,0xFF,0xFF,0xFF,0xFF,0xFF,0xFF,0xFF,0xFF,0xFF,0xFF,0xFF,
		0xFF,0xFF,0xFF,0xFF,0xFF,0xFF,0xFF,0xFF,0xFF,0xFF,0xFF,0xFF,0xFF,0xFF,0xFF,0xFF,
		0xFF,0xFF,0xFF,0xFF,0xFF,0xFF,0xFF,0xFF,0xFF,0xFF,0xFF,0xFF,0xFF,0xFF,0xFF,0xFF,
		0xFF,0xFF,0xFF,0xFF,0xFF,0xFF,0xFF,0xFF,0xFF,0xFF,0xFF,0xFF,0xFF,0xFF,0xFF,0xFF,
		0xFF,0xFF,0xFF,0xFF,0xFF,0xFF,0xFF,0xFF,0xFF,0xFF,0xFF,0xFF,0xFF,0xFF,0xFF,0xFF,
		0xFF,0xFF,0xFF,0xFF,0xFF,0xFF,0xFF,0xFF,0xFF,0xFF,0xFF,0xFF,0xFF,0xFF,0xFF,0xFF,
		0xFF,0xFF,0xFF,0xFF,0xFF,0xFF,0xFF,0xFF,0xFF,0xFF,0xFF,0xFF,0xFF,0xFF,0xFF,0xFF,
		0xFF,0xFF,0xFF,0xFF,0xFF,0xFF,0xFF,0xFF,0xFF,0xFF,0xFF,0xFF,0xFF,0xFF,0xFF,0xFF,
		0xFF,0xFF,0xFF,0xFF,0xFF,0xFF,0xFF,0xFF,0xFF,0xFF,0xFF,0xFF,0xFF,0xFF,0xFF,0xFF,
		0xFF,0xFF,0xFF,0xFF,0xFF,0xFF,0xFF,0xFF,0xFF,0xFF,0xFF,0xFF,0xFF,0xFF,0xFF,0xFF,
		0xFF,0xFF,0xFF,0xFF,0xFF,0xFF,0xFF,0xFF,0xFF,0xFF,0xFF,0xFF,0xFF,0xFF,0xFF,0xFF,
		0xFF,0xFF,0xFF,0xFF,0xFF,0xFF,0xFF,0xFF,0xFF,0xFF,0xFF,0xFF,0xFF,0xFF,0xFF,0xFF,
		0xFF,0xFF,0xFF,0xFF,0xFF,0xFF,0xFF,0xFF,0xFF,0xFF,0xFF,0xFF,0xFF,0xFF,0xFF,0xFF,
		0xFF,0xFF,0xFF,0xFF,0xFF,0xFF,0xFF,0xFF,0xFF,0xFF,0xFF,0xFF,0xFF,0xFF,0xFF,0xFF,
		0xFF,0xFF,0xFF,0xFF,0xFF,0xFF,0xFF,0xFF,0xFF,0xFF,0xFF,0xFF,0xFF,0xFF,0xFF,0xFF,
		0xFF,0xFF,0xFF,0xFF,0xFF,0xFF,0xFF,0xFF,0xFF,0xFF,0xFF,0xFF,0xFF,0xFF,0xFF,0xFF,
		0xFF,0xFF,0xFF,0xFF,0xFF,0xFF,0xFF,0xFF,0xFF,0xFF,0xFF,0xFF,0xFF,0xFF,0xFF,0xFF,
		0xFF,0xFF,0xFF,0xFF,0xFF,0xFF,0xFF,0xFF,0xFF,0xFF,0xFF,0xFF,0xFF,0xFF,0xFF,0xFF,
		0xFF,0xFF,0xFF,0xFF,0xFF,0xFF,0xFF,0xFF,0xFF,0xFF,0xFF,0xFF,0xFF,0xFF,0xFF,0xFF,
		0xFF,0xFF,0xFF,0xFF,0xFF,0xFF,0xFF,0xFF,0xFF,0xFF,0xFF,0xFF,0xFF,0xFF,0xFF,0xFF,
		0xFF,0xFF,0xFF,0xFF,0xFF,0xFF,0xFF,0xFF,0xFF,0xFF,0xFF,0xFF,0xFF,0xFF,0xFF,0xFF,
		0xFF,0xFF,0xFF,0xFF,0xFF,0xFF,0xFF,0xFF,0xFF,0xFF,0xFF,0xFF,0xFF,0xFF,0xFF,0xFF,
		0xFF,0xFF,0xFF,0xFF,0xFF,0xFF,0xFF,0xFF,0xFF,0xFF,0xFF,0xFF,0xFF,0xFF,0xFF,0xFF,
		0xFF,0xFF,0xFF,0xFF,0xFF,0xFF,0xFF,0xFF,0xFF,0xFF,0xFF,0xFF,0xFF,0xFF,0xFF,0xFF,
		0xFF,0xFF,0xFF,0xFF,0xFF,0xFF,0xFF,0xFF,0xFF,0xFF,0xFF,0xFF,0xFF,0xFF,0xFF,0xFF,
		0xFF,0xFF,0xFF,0xFF,0xFF,0xFF,0xFF,0xFF,0xFF,0xFF,0xFF,0xFF,0xFF,0xFF,0xFF,0xFF,
		0xFF,0xFF,0xFF,0xFF,0xFF,0xFF,0xFF,0xFF,0xFF,0xFF,0xFF,0xFF,0xFF,0xFF,0xFF,0xFF,
		0xFF,0xFF,0xFF,0xFF,0xFF,0xFF,0xFF,0xFF,0xFF,0xFF,0xFF,0xFF,0xFF,0xFF,0xFF,0xFF,

};



const unsigned char gImage1_white[4736] = { /* 0X01,0X01,0X28,0X01,0X80,0X00, */

		/* 图像 D:\Users\Administrator\Documents\GitHub\Xiaotian_Epaper\7.img\icon\图片14-w.jpg  296x128 */
		0x00,0x00,0x00,0x00,0x00,0x00,0x00,0x00,0x00,0x00,0x00,0x00,0x00,0x00,0x00,0x00,
		0x00,0x00,0x00,0x00,0x00,0x00,0x00,0x00,0x00,0x00,0x00,0x00,0x00,0x00,0x00,0x00,
		0x00,0x00,0x00,0x00,0x00,0x00,0x00,0x00,0x00,0x00,0x00,0x00,0x00,0x00,0x00,0x00,
		0x00,0x00,0x00,0x00,0x00,0x00,0x00,0x00,0x00,0x00,0x00,0x00,0x00,0x00,0x00,0x00,
		0x00,0x00,0x00,0x00,0x00,0x00,0x00,0x00,0x00,0x00,0x00,0x00,0x00,0x00,0x00,0x00,
		0x00,0x00,0x00,0x00,0x00,0x00,0x00,0x00,0x00,0x00,0x00,0x00,0x00,0x00,0x00,0x00,
		0x00,0x00,0x00,0x00,0x00,0x00,0x00,0x00,0x00,0x00,0x00,0x00,0x00,0x00,0x00,0x00,
		0x00,0x00,0x00,0x00,0x00,0x00,0x00,0x00,0x00,0x00,0x00,0x00,0x00,0x00,0x00,0x00,
		0x00,0x00,0x00,0x00,0x00,0x00,0x00,0x00,0x00,0x00,0x00,0x00,0x00,0x00,0x00,0x00,
		0x00,0x00,0x00,0x00,0x00,0x00,0x00,0x00,0x00,0x00,0x00,0x00,0x00,0x00,0x00,0x00,
		0x00,0x00,0x00,0x00,0x00,0x00,0x00,0x00,0x00,0x00,0x00,0x00,0x00,0x00,0x00,0x00,
		0x00,0x00,0x00,0x00,0x00,0x00,0x00,0x00,0x00,0x00,0x00,0x00,0x00,0x00,0x00,0x00,
		0x00,0x00,0x00,0x00,0x00,0x00,0x00,0x00,0x00,0x00,0x00,0x00,0x00,0x00,0x00,0x00,
		0x00,0x00,0x00,0x00,0x00,0x00,0x00,0x00,0x00,0x00,0x00,0x00,0x00,0x00,0x00,0x00,
		0x00,0x00,0x00,0x00,0x00,0x00,0x00,0x00,0x00,0x00,0x00,0x00,0x00,0x00,0x00,0x00,
		0x00,0x00,0x00,0x00,0x00,0x00,0x00,0x00,0x00,0x00,0x00,0x00,0x00,0x00,0x00,0x00,
		0x00,0x00,0x00,0x00,0x00,0x00,0x00,0x00,0x00,0x00,0x00,0x00,0x00,0x00,0x00,0x00,
		0x00,0x00,0x00,0x00,0x00,0x00,0x00,0x00,0x00,0x00,0x00,0x00,0x00,0x00,0x00,0x00,
		0x00,0x00,0x00,0x00,0x00,0x00,0x00,0x00,0x00,0x00,0x00,0x00,0x00,0x00,0x00,0x00,
		0x00,0x00,0x00,0x00,0x00,0x00,0x00,0x00,0x00,0x00,0x00,0x00,0x00,0x00,0x00,0x00,
		0x00,0x00,0x00,0x00,0x00,0x00,0x00,0x00,0x00,0x00,0x00,0x00,0x00,0x00,0x00,0x00,
		0x00,0x00,0x00,0x00,0x00,0x00,0x00,0x00,0x00,0x00,0x00,0x00,0x00,0x00,0x00,0x00,
		0x00,0x00,0x00,0x00,0x00,0x00,0x00,0x00,0x00,0x00,0x00,0x00,0x00,0x00,0x00,0x00,
		0x00,0x00,0x00,0x00,0x00,0x00,0x00,0x00,0x00,0x00,0x00,0x00,0x00,0x00,0x00,0x00,
		0x00,0x00,0x00,0x00,0x00,0x00,0x00,0x00,0x00,0x00,0x00,0x00,0x00,0x00,0x00,0x00,
		0x00,0x00,0x00,0x00,0x00,0x00,0x00,0x00,0x00,0x00,0x00,0x00,0x00,0x00,0x00,0x00,
		0x00,0x00,0x00,0x00,0x00,0x00,0x00,0x00,0x00,0x00,0x00,0x00,0x00,0x00,0x00,0x00,
		0x00,0x00,0x00,0x00,0x00,0x00,0x00,0x00,0x00,0x00,0x00,0x00,0x00,0x00,0x00,0x00,
		0x00,0x00,0x00,0x00,0x00,0x00,0x00,0x00,0x00,0x00,0x00,0x00,0x00,0x00,0x00,0x00,
		0x00,0x00,0x00,0x00,0x00,0x00,0x00,0x00,0x00,0x00,0x00,0x00,0x00,0x00,0x00,0x00,
		0x00,0x00,0x00,0x00,0x00,0x00,0x00,0x00,0x00,0x00,0x00,0x00,0x00,0x00,0x00,0x00,
		0x00,0x00,0x00,0x00,0x00,0x00,0x00,0x00,0x00,0x00,0x00,0x00,0x00,0x00,0x00,0x00,
		0x00,0x00,0x00,0x00,0x00,0x00,0x00,0x00,0x00,0x00,0x00,0x00,0x00,0x00,0x00,0x00,
		0x00,0x00,0x00,0x00,0x00,0x00,0x00,0x00,0x00,0x00,0x00,0x00,0x00,0x00,0x00,0x00,
		0x00,0x00,0x00,0x00,0x00,0x00,0x00,0x00,0x00,0x00,0x00,0x00,0x00,0x00,0x00,0x00,
		0x00,0x00,0x00,0x00,0x00,0x00,0x00,0x00,0x00,0x00,0x00,0x00,0x00,0x00,0x00,0x00,
		0x00,0x00,0x00,0x00,0x00,0x00,0x00,0x00,0x00,0x00,0x00,0x00,0x00,0x00,0x00,0x00,
		0x00,0x00,0x00,0x00,0x00,0x00,0x00,0x00,0x00,0x00,0x00,0x00,0x00,0x00,0x00,0x00,
		0x00,0x00,0x00,0x00,0x00,0x00,0x00,0x00,0x00,0x00,0x00,0x00,0x00,0x00,0x00,0x00,
		0x00,0x00,0x00,0x00,0x00,0x00,0x00,0x00,0x00,0x00,0x00,0x00,0x00,0x00,0x00,0x00,
		0x00,0x00,0x00,0x00,0x00,0x00,0x00,0x00,0x00,0x00,0x00,0x00,0x00,0x00,0x00,0x00,
		0x00,0x00,0x00,0x00,0x00,0x00,0x00,0x00,0x00,0x00,0x00,0x00,0x00,0x00,0x00,0x00,
		0x00,0x00,0x00,0x00,0x00,0x00,0x00,0x00,0x00,0x00,0x00,0x00,0x00,0x00,0x00,0x00,
		0x00,0x00,0x00,0x00,0x00,0x00,0x00,0x00,0x00,0x00,0x00,0x00,0x00,0x00,0x00,0x00,
		0x00,0x00,0x00,0x00,0x00,0x00,0x00,0x00,0x00,0x00,0x00,0x00,0x00,0x00,0x00,0x00,
		0x00,0x00,0x00,0x00,0x00,0x00,0x00,0x00,0x00,0x00,0x00,0x00,0x00,0x00,0x00,0x00,
		0x00,0x00,0x00,0x00,0x00,0x00,0x00,0x00,0x00,0x00,0x00,0x00,0x00,0x00,0x00,0x00,
		0x00,0x00,0x00,0x00,0x00,0x00,0x00,0x00,0x00,0x00,0x00,0x00,0x00,0x00,0x00,0x00,
		0x00,0x00,0x00,0x00,0x00,0x00,0x00,0x00,0x00,0x00,0x00,0x00,0x00,0x00,0x00,0x00,
		0x00,0x00,0x00,0x00,0x00,0x00,0x00,0x00,0x00,0x00,0x00,0x00,0x00,0x00,0x00,0x00,
		0x00,0x00,0x00,0x00,0x00,0x00,0x00,0x00,0x00,0x00,0x00,0x00,0x00,0x00,0x00,0x00,
		0x00,0x00,0x00,0x00,0x00,0x00,0x00,0x00,0x00,0x00,0x00,0x00,0x00,0x00,0x00,0x00,
		0x00,0x00,0x00,0x00,0x00,0x00,0x00,0x00,0x00,0x00,0x00,0x00,0x00,0x00,0x00,0x00,
		0x00,0x00,0x00,0x00,0x00,0x00,0x00,0x00,0x00,0x00,0x00,0x00,0x00,0x00,0x00,0x00,
		0x00,0x00,0x00,0x00,0x00,0x00,0x00,0x00,0x00,0x00,0x00,0x00,0x00,0x00,0x00,0x00,
		0x00,0x00,0x00,0x00,0x00,0x00,0x00,0x00,0x00,0x00,0x00,0x00,0x00,0x00,0x00,0x00,
		0x00,0x00,0x00,0x00,0x00,0x00,0x00,0x00,0x00,0x00,0x00,0x00,0x00,0x00,0x00,0x00,
		0x00,0x00,0x00,0x00,0x00,0x00,0x00,0x00,0x00,0x00,0x00,0x00,0x00,0x00,0x00,0x00,
		0x00,0x00,0x00,0x00,0x00,0x00,0x00,0x00,0x00,0x00,0x00,0x00,0x00,0x00,0x00,0x00,
		0x00,0x00,0x00,0x00,0x00,0x00,0x00,0x00,0x00,0x00,0x00,0x00,0x00,0x00,0x00,0x00,
		0x00,0x00,0x00,0x00,0x00,0x00,0x00,0x00,0x00,0x00,0x00,0x00,0x00,0x00,0x00,0x00,
		0x00,0x00,0x00,0x00,0x00,0x00,0x00,0x00,0x00,0x00,0x00,0x00,0x00,0x00,0x00,0x00,
		0x00,0x00,0x00,0x00,0x00,0x00,0x00,0x00,0x00,0x00,0x00,0x00,0x00,0x00,0x00,0x00,
		0x00,0x00,0x00,0x00,0x00,0x00,0x00,0x00,0x00,0x00,0x00,0x00,0x00,0x00,0x00,0x00,
		0x00,0x00,0x00,0x00,0x00,0x00,0x00,0x00,0x00,0x00,0x00,0x00,0x00,0x00,0x00,0x00,
		0x00,0x00,0x00,0x00,0x00,0x00,0x00,0x00,0x00,0x00,0x00,0x00,0x00,0x00,0x00,0x00,
		0x00,0x00,0x00,0x00,0x00,0x00,0x00,0x00,0x00,0x00,0x00,0x00,0x00,0x00,0x00,0x00,
		0x00,0x00,0x00,0x00,0x00,0x00,0x00,0x00,0x00,0x00,0x00,0x00,0x00,0x00,0x00,0x00,
		0x00,0x00,0x00,0x00,0x00,0x00,0x00,0x00,0x00,0x00,0x00,0x00,0x00,0x00,0x00,0x00,
		0x00,0x00,0x00,0x00,0x00,0x00,0x00,0x00,0x00,0x00,0x00,0x00,0x00,0x00,0x00,0x00,
		0x00,0x00,0x00,0x00,0x00,0x00,0x00,0x00,0x00,0x00,0x00,0x00,0x00,0x00,0x00,0x00,
		0x00,0x00,0x00,0x00,0x00,0x00,0x00,0x00,0x00,0x00,0x00,0x00,0x00,0x00,0x00,0x00,
		0x00,0x00,0x00,0x00,0x00,0x00,0x00,0x00,0x00,0x00,0x00,0x00,0x00,0x00,0x00,0x00,
		0x00,0x00,0x00,0x00,0x00,0x00,0x00,0x00,0x00,0x00,0x00,0x00,0x00,0x00,0x00,0x00,
		0x00,0x00,0x00,0x00,0x00,0x00,0x00,0x00,0x00,0x00,0x00,0x00,0x00,0x00,0x00,0x00,
		0x00,0x00,0x00,0x00,0x00,0x00,0x00,0x00,0x00,0x00,0x00,0x00,0x00,0x00,0x00,0x00,
		0x00,0x00,0x00,0x00,0x00,0x00,0x00,0x00,0x00,0x00,0x00,0x00,0x00,0x00,0x00,0x00,
		0x00,0x00,0x00,0x00,0x00,0x00,0x00,0x00,0x00,0x00,0x00,0x00,0x00,0x00,0x00,0x00,
		0x00,0x00,0x00,0x00,0x00,0x00,0x00,0x00,0x00,0x00,0x00,0x00,0x00,0x00,0x00,0x00,
		0x00,0x00,0x00,0x00,0x00,0x00,0x00,0x00,0x00,0x00,0x00,0x00,0x00,0x00,0x00,0x00,
		0x00,0x00,0x00,0x00,0x00,0x00,0x00,0x00,0x00,0x00,0x00,0x00,0x00,0x00,0x00,0x00,
		0x00,0x00,0x00,0x00,0x00,0x00,0x00,0x00,0x00,0x00,0x00,0x00,0x00,0x00,0x00,0x00,
		0x00,0x00,0x00,0x00,0x00,0x00,0x00,0x00,0x00,0x00,0x00,0x00,0x00,0x00,0x00,0x00,
		0x00,0x00,0x00,0x00,0x00,0x00,0x00,0x00,0x00,0x00,0x00,0x00,0x00,0x00,0x00,0x00,
		0x00,0x00,0x00,0x00,0x00,0x00,0x00,0x00,0x00,0x00,0x00,0x00,0x00,0x00,0x00,0x00,
		0x00,0x00,0x00,0x00,0x00,0x00,0x00,0x00,0x00,0x00,0x00,0x00,0x00,0x00,0x00,0x00,
		0x00,0x00,0x00,0x00,0x00,0x00,0x00,0x00,0x00,0x00,0x00,0x00,0x00,0x00,0x00,0x00,
		0x00,0x00,0x00,0x00,0x00,0x00,0x00,0x00,0x00,0x00,0x00,0x00,0x00,0x00,0x00,0x00,
		0x00,0x00,0x00,0x00,0x00,0x00,0x00,0x00,0x00,0x00,0x00,0x00,0x00,0x00,0x00,0x00,
		0x00,0x00,0x00,0x00,0x00,0x00,0x00,0x00,0x00,0x00,0x00,0x00,0x00,0x00,0x00,0x00,
		0x00,0x00,0x00,0x00,0x00,0x00,0x00,0x00,0x00,0x00,0x00,0x00,0x00,0x00,0x00,0x00,
		0x00,0x00,0x00,0x00,0x00,0x00,0x00,0x00,0x00,0x00,0x00,0x00,0x00,0x00,0x00,0x00,
		0x00,0x00,0x00,0x00,0x00,0x00,0x00,0x00,0x00,0x00,0x00,0x00,0x00,0x00,0x00,0x00,
		0x00,0x00,0x00,0x00,0x00,0x00,0x00,0x00,0x00,0x00,0x00,0x00,0x00,0x00,0x00,0x00,
		0x00,0x00,0x00,0x00,0x00,0x00,0x00,0x00,0x00,0x00,0x00,0x00,0x00,0x00,0x00,0x00,
		0x00,0x00,0x00,0x00,0x00,0x00,0x00,0x00,0x00,0x00,0x00,0x00,0x00,0x00,0x00,0x00,
		0x00,0x00,0x00,0x00,0x00,0x00,0x00,0x00,0x00,0x00,0x00,0x00,0x00,0x00,0x00,0x00,
		0x00,0x00,0x00,0x00,0x00,0x00,0x00,0x00,0x00,0x00,0x00,0x00,0x00,0x00,0x00,0x00,
		0x00,0x00,0x00,0x00,0x00,0x00,0x00,0x00,0x00,0x00,0x00,0x00,0x00,0x00,0x00,0x00,
		0x00,0x00,0x00,0x00,0x00,0x00,0x00,0x00,0x00,0x00,0x00,0x00,0x00,0x00,0x00,0x00,
		0x00,0x00,0x00,0x00,0x00,0x00,0x00,0x00,0x00,0x00,0x00,0x00,0x00,0x00,0x00,0x00,
		0x00,0x00,0x00,0x00,0x00,0x00,0x00,0x00,0x00,0x00,0x00,0x00,0x00,0x00,0x00,0x00,
		0x00,0x00,0x00,0x00,0x00,0x00,0x00,0x00,0x00,0x00,0x00,0x00,0x00,0x00,0x00,0x00,
		0x00,0x00,0x00,0x00,0x00,0x00,0x00,0x00,0x00,0x00,0x00,0x00,0x00,0x00,0x00,0x00,
		0x00,0x00,0x00,0x00,0x00,0x00,0x00,0x00,0x00,0x00,0x00,0x00,0x00,0x00,0x00,0x00,
		0x00,0x00,0x00,0x00,0x00,0x00,0x00,0x00,0x00,0x00,0x00,0x00,0x00,0x00,0x00,0x00,
		0x00,0x00,0x00,0x00,0x00,0x00,0x00,0x00,0x00,0x00,0x00,0x00,0x00,0x00,0x00,0x00,
		0x00,0x00,0x00,0x00,0x00,0x00,0x00,0x00,0x00,0x00,0x00,0x00,0x00,0x00,0x00,0x00,
		0x00,0x00,0x00,0x00,0x00,0x00,0x00,0x00,0x00,0x00,0x00,0x00,0x00,0x00,0x00,0x00,
		0x00,0x00,0x00,0x00,0x00,0x00,0x00,0x00,0x00,0x00,0x00,0x00,0x00,0x00,0x00,0x00,
		0x00,0x00,0x00,0x00,0x00,0x00,0x00,0x00,0x00,0x00,0x00,0x00,0x00,0x00,0x00,0x00,
		0x00,0x00,0x00,0x00,0x00,0x00,0x00,0x00,0x00,0x00,0x00,0x00,0x00,0x00,0x00,0x00,
		0x00,0x00,0x00,0x00,0x00,0x00,0x00,0x00,0x00,0x00,0x00,0x00,0x00,0x00,0x00,0x00,
		0x00,0x00,0x00,0x00,0x00,0x00,0x00,0x00,0x00,0x00,0x00,0x00,0x00,0x00,0x00,0x00,
		0x00,0x00,0x00,0x00,0x00,0x00,0x00,0x00,0x00,0x00,0x00,0x00,0x00,0x00,0x00,0x00,
		0x00,0x00,0x00,0x00,0x00,0x00,0x00,0x00,0x00,0x00,0x00,0x00,0x00,0x00,0x00,0x00,
		0x00,0x00,0x00,0x00,0x00,0x00,0x00,0x00,0x00,0x00,0x00,0x00,0x00,0x00,0x00,0x00,
		0x00,0x00,0x00,0x00,0x00,0x00,0x00,0x00,0x00,0x00,0x00,0x00,0x00,0x00,0x00,0x00,
		0x00,0x00,0x00,0x00,0x00,0x00,0x00,0x00,0x00,0x00,0x00,0x00,0x00,0x00,0x00,0x00,
		0x00,0x00,0x00,0x00,0x00,0x00,0x00,0x00,0x00,0x00,0x00,0x00,0x00,0x00,0x00,0x00,
		0x00,0x00,0x00,0x00,0x00,0x00,0x00,0x00,0x00,0x00,0x00,0x00,0x00,0x00,0x00,0x00,
		0x00,0x00,0x00,0x00,0x00,0x00,0x00,0x00,0x00,0x00,0x00,0x00,0x00,0x00,0x00,0x00,
		0x00,0x00,0x00,0x00,0x00,0x00,0x00,0x00,0x00,0x00,0x00,0x00,0x00,0x00,0x00,0x00,
		0x00,0x00,0x00,0x00,0x00,0x00,0x00,0x00,0x00,0x00,0x00,0x00,0x00,0x00,0x00,0x00,
		0x00,0x00,0x00,0x00,0x00,0x00,0x00,0x00,0x00,0x00,0x00,0x00,0x00,0x00,0x00,0x00,
		0x00,0x00,0x00,0x00,0x00,0x00,0x00,0x00,0x00,0x00,0x00,0x00,0x00,0x00,0x00,0x00,
		0x00,0x00,0x00,0x00,0x00,0x00,0x00,0x00,0x00,0x00,0x00,0x00,0x00,0x00,0x00,0x00,
		0x00,0x00,0x00,0x00,0x00,0x00,0x00,0x00,0x00,0x00,0x00,0x00,0x00,0x00,0x00,0x00,
		0x00,0x00,0x00,0x00,0x00,0x00,0x00,0x00,0x00,0x00,0x00,0x00,0x00,0x00,0x00,0x00,
		0x00,0x00,0x00,0x00,0x00,0x00,0x00,0x00,0x00,0x00,0x00,0x00,0x00,0x00,0x00,0x00,
		0x00,0x00,0x00,0x00,0x00,0x00,0x00,0x00,0x00,0x00,0x00,0x00,0x00,0x00,0x00,0x00,
		0x00,0x00,0x00,0x00,0x00,0x00,0x00,0x00,0x00,0x00,0x00,0x00,0x00,0x00,0x00,0x00,
		0x00,0x00,0x00,0x00,0x00,0x00,0x00,0x00,0x00,0x00,0x00,0x00,0x00,0x00,0x00,0x00,
		0x00,0x00,0x00,0x00,0x00,0x00,0x00,0x00,0x00,0x00,0x00,0x00,0x00,0x00,0x00,0x00,
		0x00,0x00,0x00,0x00,0x00,0x00,0x00,0x00,0x00,0x00,0x00,0x00,0x00,0x00,0x00,0x00,
		0x00,0x00,0x00,0x00,0x00,0x00,0x00,0x00,0x00,0x00,0x00,0x00,0x00,0x00,0x00,0x00,
		0x00,0x00,0x00,0x00,0x00,0x00,0x00,0x00,0x00,0x00,0x00,0x00,0x00,0x00,0x00,0x00,
		0x00,0x00,0x00,0x00,0x00,0x00,0x00,0x00,0x00,0x00,0x00,0x00,0x00,0x00,0x00,0x00,
		0x00,0x00,0x00,0x00,0x00,0x00,0x00,0x00,0x00,0x00,0x00,0x00,0x00,0x00,0x00,0x00,
		0x00,0x00,0x00,0x00,0x00,0x00,0x00,0x00,0x00,0x00,0x00,0x00,0x00,0x00,0x00,0x00,
		0x00,0x00,0x00,0x00,0x00,0x00,0x00,0x00,0x00,0x00,0x00,0x00,0x00,0x00,0x00,0x00,
		0x00,0x00,0x00,0x00,0x00,0x00,0x00,0x00,0x00,0x00,0x00,0x00,0x00,0x00,0x00,0x00,
		0x00,0x00,0x00,0x00,0x00,0x00,0x00,0x00,0x00,0x00,0x00,0x00,0x00,0x00,0x00,0x00,
		0x00,0x00,0x00,0x00,0x00,0x00,0x00,0x00,0x00,0x00,0x00,0x00,0x00,0x00,0x00,0x00,
		0x00,0x00,0x00,0x00,0x00,0x00,0x00,0x00,0x00,0x00,0x00,0x00,0x00,0x00,0x00,0x00,
		0x00,0x00,0x00,0x00,0x00,0x00,0x00,0x00,0x00,0x00,0x00,0x00,0x00,0x00,0x00,0x00,
		0x00,0x00,0x00,0x00,0x00,0x00,0x00,0x00,0x00,0x00,0x00,0x00,0x00,0x00,0x00,0x00,
		0x00,0x00,0x00,0x00,0x00,0x00,0x00,0x00,0x00,0x00,0x00,0x00,0x00,0x00,0x00,0x00,
		0x00,0x00,0x00,0x00,0x00,0x00,0x00,0x00,0x00,0x00,0x00,0x00,0x00,0x00,0x00,0x00,
		0x00,0x00,0x00,0x00,0x00,0x00,0x00,0x00,0x00,0x00,0x00,0x00,0x00,0x00,0x00,0x00,
		0x00,0x00,0x00,0x00,0x00,0x00,0x00,0x00,0x00,0x00,0x00,0x00,0x00,0x00,0x00,0x00,
		0x00,0x00,0x00,0x00,0x00,0x00,0x00,0x00,0x00,0x00,0x00,0x00,0x00,0x00,0x00,0x00,
		0x00,0x00,0x00,0x00,0x00,0x00,0x00,0x00,0x00,0x00,0x00,0x00,0x00,0x00,0x00,0x00,
		0x00,0x00,0x00,0x00,0x00,0x00,0x00,0x00,0x00,0x00,0x00,0x00,0x00,0x00,0x00,0x00,
		0x00,0x00,0x00,0x00,0x00,0x00,0x00,0x00,0x00,0x00,0x00,0x00,0x00,0x00,0x00,0x00,
		0x00,0x00,0x00,0x00,0x00,0x00,0x00,0x00,0x00,0x00,0x00,0x00,0x00,0x00,0x00,0x00,
		0x00,0x00,0x00,0x00,0x00,0x00,0x00,0x00,0x00,0x00,0x00,0x00,0x00,0x00,0x00,0x00,
		0x00,0x00,0x00,0x00,0x00,0x00,0x00,0x00,0x00,0x00,0x00,0x00,0x00,0x00,0x00,0x00,
		0x00,0x00,0x00,0x00,0x00,0x00,0x00,0x00,0x00,0x00,0x00,0x00,0x00,0x00,0x00,0x00,
		0x00,0x00,0x00,0x00,0x00,0x00,0x00,0x00,0x00,0x00,0x00,0x00,0x00,0x00,0x00,0x00,
		0x00,0x00,0x00,0x00,0x00,0x00,0x00,0x00,0x00,0x00,0x00,0x00,0x00,0x00,0x00,0x00,
		0x00,0x00,0x00,0x00,0x00,0x00,0x00,0x00,0x00,0x00,0x00,0x00,0x00,0x00,0x00,0x00,
		0x00,0x00,0x00,0x00,0x00,0x00,0x00,0x00,0x00,0x00,0x00,0x00,0x00,0x00,0x00,0x00,
		0x00,0x00,0x00,0x00,0x00,0x00,0x00,0x00,0x00,0x00,0x00,0x00,0x00,0x00,0x00,0x00,
		0x00,0x00,0x00,0x00,0x00,0x00,0x00,0x00,0x00,0x00,0x00,0x00,0x00,0x00,0x00,0x00,
		0x00,0x00,0x00,0x00,0x00,0x00,0x00,0x00,0x00,0x00,0x00,0x00,0x00,0x00,0x00,0x00,
		0x00,0x00,0x00,0x00,0x00,0x00,0x00,0x00,0x00,0x00,0x00,0x00,0x00,0x00,0x00,0x00,
		0x00,0x00,0x00,0x00,0x00,0x00,0x00,0x00,0x00,0x00,0x00,0x00,0x00,0x00,0x00,0x00,
		0x00,0x00,0x00,0x00,0x00,0x00,0x00,0x00,0x00,0x00,0x00,0x00,0x00,0x00,0x00,0x00,
		0x00,0x00,0x00,0x00,0x00,0x00,0x00,0x00,0x00,0x00,0x00,0x00,0x00,0x00,0x00,0x00,
		0x00,0x00,0x00,0x00,0x00,0x00,0x00,0x00,0x00,0x00,0x00,0x00,0x00,0x00,0x00,0x00,
		0x00,0x00,0x00,0x00,0x00,0x00,0x00,0x00,0x00,0x00,0x00,0x00,0x00,0x00,0x00,0x00,
		0x00,0x00,0x00,0x00,0x00,0x00,0x00,0x00,0x00,0x00,0x00,0x00,0x00,0x00,0x00,0x00,
		0x00,0x00,0x00,0x00,0x00,0x00,0x00,0x00,0x00,0x00,0x00,0x00,0x00,0x00,0x00,0x00,
		0x00,0x00,0x00,0x00,0x00,0x00,0x00,0x00,0x00,0x00,0x00,0x00,0x00,0x00,0x00,0x00,
		0x00,0x00,0x00,0x00,0x00,0x00,0x00,0x00,0x00,0x00,0x00,0x00,0x00,0x00,0x00,0x00,
		0x00,0x00,0x00,0x00,0x00,0x00,0x00,0x00,0x00,0x00,0x00,0x00,0x00,0x00,0x00,0x00,
		0x00,0x00,0x00,0x00,0x00,0x00,0x00,0x00,0x00,0x00,0x00,0x00,0x00,0x00,0x00,0x00,
		0x00,0x00,0x00,0x00,0x00,0x00,0x00,0x00,0x00,0x00,0x00,0x00,0x00,0x00,0x00,0x00,
		0x00,0x00,0x00,0x00,0x00,0x00,0x00,0x00,0x00,0x00,0x00,0x00,0x00,0x00,0x00,0x00,
		0x00,0x00,0x00,0x00,0x00,0x00,0x00,0x00,0x00,0x00,0x00,0x00,0x00,0x00,0x00,0x00,
		0x00,0x00,0x00,0x00,0x00,0x00,0x00,0x00,0x00,0x00,0x00,0x00,0x00,0x00,0x00,0x00,
		0x00,0x00,0x00,0x00,0x00,0x00,0x00,0x00,0x00,0x00,0x00,0x00,0x00,0x00,0x00,0x00,
		0x00,0x00,0x00,0x00,0x00,0x00,0x00,0x00,0x00,0x00,0x00,0x00,0x00,0x00,0x00,0x00,
		0x00,0x00,0x00,0x00,0x00,0x00,0x00,0x00,0x00,0x00,0x00,0x00,0x00,0x00,0x00,0x00,
		0x00,0x00,0x00,0x00,0x00,0x00,0x00,0x00,0x00,0x00,0x00,0x00,0x00,0x00,0x00,0x00,
		0x00,0x00,0x00,0x00,0x00,0x00,0x00,0x00,0x00,0x00,0x00,0x00,0x00,0x00,0x00,0x00,
		0x00,0x00,0x00,0x00,0x00,0x00,0x00,0x00,0x00,0x00,0x00,0x00,0x00,0x00,0x00,0x00,
		0x00,0x00,0x00,0x00,0x00,0x00,0x00,0x00,0x00,0x00,0x00,0x00,0x00,0x00,0x00,0x00,
		0x00,0x00,0x00,0x00,0x00,0x00,0x00,0x00,0x00,0x00,0x00,0x00,0x00,0x00,0x00,0x00,
		0x00,0x00,0x00,0x00,0x00,0x00,0x00,0x00,0x00,0x00,0x00,0x00,0x00,0x00,0x00,0x00,
		0x00,0x00,0x00,0x00,0x00,0x00,0x00,0x00,0x00,0x00,0x00,0x00,0x00,0x00,0x00,0x00,
		0x00,0x00,0x00,0x00,0x00,0x00,0x00,0x00,0x00,0x00,0x00,0x00,0x00,0x00,0x00,0x00,
		0x00,0x00,0x00,0x00,0x00,0x00,0x00,0x00,0x00,0x00,0x00,0x00,0x00,0x00,0x00,0x00,
		0x00,0x00,0x00,0x00,0x00,0x00,0x00,0x00,0x00,0x00,0x00,0x00,0x00,0x00,0x00,0x00,
		0x00,0x00,0x00,0x00,0x00,0x00,0x00,0x00,0x00,0x00,0x00,0x00,0x00,0x00,0x00,0x00,
		0x00,0x00,0x00,0x00,0x00,0x00,0x00,0x00,0x00,0x00,0x00,0x00,0x00,0x00,0x00,0x00,
		0x00,0x00,0x00,0x00,0x00,0x00,0x00,0x00,0x00,0x00,0x00,0x00,0x00,0x00,0x00,0x00,
		0x00,0x00,0x00,0x00,0x00,0x00,0x00,0x00,0x00,0x00,0x00,0x00,0x00,0x00,0x00,0x00,
		0x00,0x00,0x00,0x00,0x00,0x00,0x00,0x00,0x00,0x00,0x00,0x00,0x00,0x00,0x00,0x00,
		0x00,0x00,0x00,0x00,0x00,0x00,0x00,0x00,0x00,0x00,0x00,0x00,0x00,0x00,0x00,0x00,
		0x00,0x00,0x00,0x00,0x00,0x00,0x00,0x00,0x00,0x00,0x00,0x00,0x00,0x00,0x00,0x00,
		0x00,0x00,0x00,0x00,0x00,0x00,0x00,0x00,0x00,0x00,0x00,0x00,0x00,0x00,0x00,0x00,
		0x00,0x00,0x00,0x00,0x00,0x00,0x00,0x00,0x00,0x00,0x00,0x00,0x00,0x00,0x00,0x00,
		0x00,0x00,0x00,0x00,0x00,0x00,0x00,0x00,0x00,0x00,0x00,0x00,0x00,0x00,0x00,0x00,
		0x00,0x00,0x00,0x00,0x00,0x00,0x00,0x00,0x00,0x00,0x00,0x00,0x00,0x00,0x00,0x00,
		0x00,0x00,0x00,0x00,0x00,0x00,0x00,0x00,0x00,0x00,0x00,0x00,0x00,0x00,0x00,0x00,
		0x00,0x00,0x00,0x00,0x00,0x00,0x00,0x00,0x00,0x00,0x00,0x00,0x00,0x00,0x00,0x00,
		0x00,0x00,0x00,0x00,0x00,0x00,0x00,0x00,0x00,0x00,0x00,0x00,0x00,0x00,0x00,0x00,
		0x00,0x00,0x00,0x00,0x00,0x00,0x00,0x00,0x00,0x00,0x00,0x00,0x00,0x00,0x00,0x00,
		0x00,0x00,0x00,0x00,0x00,0x00,0x00,0x00,0x00,0x00,0x00,0x00,0x00,0x00,0x00,0x00,
		0x00,0x00,0x00,0x00,0x00,0x00,0x00,0x00,0x00,0x00,0x00,0x00,0x00,0x00,0x00,0x00,
		0x00,0x00,0x00,0x00,0x00,0x00,0x00,0x00,0x00,0x00,0x00,0x00,0x00,0x00,0x00,0x00,
		0x00,0x00,0x00,0x00,0x00,0x00,0x00,0x00,0x00,0x00,0x00,0x00,0x00,0x00,0x00,0x00,
		0x00,0x00,0x00,0x00,0x00,0x00,0x00,0x00,0x00,0x00,0x00,0x00,0x00,0x00,0x00,0x00,
		0x00,0x00,0x00,0x00,0x00,0x00,0x00,0x00,0x00,0x00,0x00,0x00,0x00,0x00,0x00,0x00,
		0x00,0x00,0x00,0x00,0x00,0x00,0x00,0x00,0x00,0x00,0x00,0x00,0x00,0x00,0x00,0x00,
		0x00,0x00,0x00,0x00,0x00,0x00,0x00,0x00,0x00,0x00,0x00,0x00,0x00,0x00,0x00,0x00,
		0x00,0x00,0x00,0x00,0x00,0x00,0x00,0x00,0x00,0x00,0x00,0x00,0x00,0x00,0x00,0x00,
		0x00,0x00,0x00,0x00,0x00,0x00,0x00,0x00,0x00,0x00,0x00,0x00,0x00,0x00,0x00,0x00,
		0x00,0x00,0x00,0x00,0x00,0x00,0x00,0x00,0x00,0x00,0x00,0x00,0x00,0x00,0x00,0x00,
		0x00,0x00,0x00,0x00,0x00,0x00,0x00,0x00,0x00,0x00,0x00,0x00,0x00,0x00,0x00,0x00,
		0x00,0x00,0x00,0x00,0x00,0x00,0x00,0x00,0x00,0x00,0x00,0x00,0x00,0x00,0x00,0x00,
		0x00,0x00,0x00,0x00,0x00,0x00,0x00,0x00,0x00,0x00,0x00,0x00,0x00,0x00,0x00,0x00,
		0x00,0x00,0x00,0x00,0x00,0x00,0x00,0x00,0x00,0x00,0x00,0x00,0x00,0x00,0x00,0x00,
		0x00,0x00,0x00,0x00,0x00,0x00,0x00,0x00,0x00,0x00,0x00,0x00,0x00,0x00,0x00,0x00,
		0x00,0x00,0x00,0x00,0x00,0x00,0x00,0x00,0x00,0x00,0x00,0x00,0x00,0x00,0x00,0x00,
		0x00,0x00,0x00,0x00,0x00,0x00,0x00,0x00,0x00,0x00,0x00,0x00,0x00,0x00,0x00,0x00,
		0x00,0x00,0x00,0x00,0x00,0x00,0x00,0x00,0x00,0x00,0x00,0x00,0x00,0x00,0x00,0x00,
		0x00,0x00,0x00,0x00,0x00,0x00,0x00,0x00,0x00,0x00,0x00,0x00,0x00,0x00,0x00,0x00,
		0x00,0x00,0x00,0x00,0x00,0x00,0x00,0x00,0x00,0x00,0x00,0x00,0x00,0x00,0x00,0x00,
		0x00,0x00,0x00,0x00,0x00,0x00,0x00,0x00,0x00,0x00,0x00,0x00,0x00,0x00,0x00,0x00,
		0x00,0x00,0x00,0x00,0x00,0x00,0x00,0x00,0x00,0x00,0x00,0x00,0x00,0x00,0x00,0x00,
		0x00,0x00,0x00,0x00,0x00,0x00,0x00,0x00,0x00,0x00,0x00,0x00,0x00,0x00,0x00,0x00,
		0x00,0x00,0x00,0x00,0x00,0x00,0x00,0x00,0x00,0x00,0x00,0x00,0x00,0x00,0x00,0x00,
		0x00,0x00,0x00,0x00,0x00,0x00,0x00,0x00,0x00,0x00,0x00,0x00,0x00,0x00,0x00,0x00,
		0x00,0x00,0x00,0x00,0x00,0x00,0x00,0x00,0x00,0x00,0x00,0x00,0x00,0x00,0x00,0x00,
		0x00,0x00,0x00,0x00,0x00,0x00,0x00,0x00,0x00,0x00,0x00,0x00,0x00,0x00,0x00,0x00,
		0x00,0x00,0x00,0x00,0x00,0x00,0x00,0x00,0x00,0x00,0x00,0x00,0x00,0x00,0x00,0x00,
		0x00,0x00,0x00,0x00,0x00,0x00,0x00,0x00,0x00,0x00,0x00,0x00,0x00,0x00,0x00,0x00,
		0x00,0x00,0x00,0x00,0x00,0x00,0x00,0x00,0x00,0x00,0x00,0x00,0x00,0x00,0x00,0x00,
		0x00,0x00,0x00,0x00,0x00,0x00,0x00,0x00,0x00,0x00,0x00,0x00,0x00,0x00,0x00,0x00,
		0x00,0x00,0x00,0x00,0x00,0x00,0x00,0x00,0x00,0x00,0x00,0x00,0x00,0x00,0x00,0x00,
		0x00,0x00,0x00,0x00,0x00,0x00,0x00,0x00,0x00,0x00,0x00,0x00,0x00,0x00,0x00,0x00,
		0x00,0x00,0x00,0x00,0x00,0x00,0x00,0x00,0x00,0x00,0x00,0x00,0x00,0x00,0x00,0x00,
		0x00,0x00,0x00,0x00,0x00,0x00,0x00,0x00,0x00,0x00,0x00,0x00,0x00,0x00,0x00,0x00,
		0x00,0x00,0x00,0x00,0x00,0x00,0x00,0x00,0x00,0x00,0x00,0x00,0x00,0x00,0x00,0x00,
		0x00,0x00,0x00,0x00,0x00,0x00,0x00,0x00,0x00,0x00,0x00,0x00,0x00,0x00,0x00,0x00,
		0x00,0x00,0x00,0x00,0x00,0x00,0x00,0x00,0x00,0x00,0x00,0x00,0x00,0x00,0x00,0x00,
		0x00,0x00,0x00,0x00,0x00,0x00,0x00,0x00,0x00,0x00,0x00,0x00,0x00,0x00,0x00,0x00,
		0x00,0x00,0x00,0x00,0x00,0x00,0x00,0x00,0x00,0x00,0x00,0x00,0x00,0x00,0x00,0x00,
		0x00,0x00,0x00,0x00,0x00,0x00,0x00,0x00,0x00,0x00,0x00,0x00,0x00,0x00,0x00,0x00,
		0x00,0x00,0x00,0x00,0x00,0x00,0x00,0x00,0x00,0x00,0x00,0x00,0x00,0x00,0x00,0x00,
		0x00,0x00,0x00,0x00,0x00,0x00,0x00,0x00,0x00,0x00,0x00,0x00,0x00,0x00,0x00,0x00,
		0x00,0x00,0x00,0x00,0x00,0x00,0x00,0x00,0x00,0x00,0x00,0x00,0x00,0x00,0x00,0x00,
		0x00,0x00,0x00,0x00,0x00,0x00,0x00,0x00,0x00,0x00,0x00,0x00,0x00,0x00,0x00,0x00,
		0x00,0x00,0x00,0x00,0x00,0x00,0x00,0x00,0x00,0x00,0x00,0x00,0x00,0x00,0x00,0x00,
		0x00,0x00,0x00,0x00,0x00,0x00,0x00,0x00,0x00,0x00,0x00,0x00,0x00,0x00,0x00,0x00,
		0x00,0x00,0x00,0x00,0x00,0x00,0x00,0x00,0x00,0x00,0x00,0x00,0x00,0x00,0x00,0x00,
		0x00,0x00,0x00,0x00,0x00,0x00,0x00,0x00,0x00,0x00,0x00,0x00,0x00,0x00,0x00,0x00,
		0x00,0x00,0x00,0x00,0x00,0x00,0x00,0x00,0x00,0x00,0x00,0x00,0x00,0x00,0x00,0x00,
		0x00,0x00,0x00,0x00,0x00,0x00,0x00,0x00,0x00,0x00,0x00,0x00,0x00,0x00,0x00,0x00,
		0x00,0x00,0x00,0x00,0x00,0x00,0x00,0x00,0x00,0x00,0x00,0x00,0x00,0x00,0x00,0x00,
		0x00,0x00,0x00,0x00,0x00,0x00,0x00,0x00,0x00,0x00,0x00,0x00,0x00,0x00,0x00,0x00,
		0x00,0x00,0x00,0x00,0x00,0x00,0x00,0x00,0x00,0x00,0x00,0x00,0x00,0x00,0x00,0x00,
		0x00,0x00,0x00,0x00,0x00,0x00,0x00,0x00,0x00,0x00,0x00,0x00,0x00,0x00,0x00,0x00,
		0x00,0x00,0x00,0x00,0x00,0x00,0x00,0x00,0x00,0x00,0x00,0x00,0x00,0x00,0x00,0x00,
		0x00,0x00,0x00,0x00,0x00,0x00,0x00,0x00,0x00,0x00,0x00,0x00,0x00,0x00,0x00,0x00,
		0x00,0x00,0x00,0x00,0x00,0x00,0x00,0x00,0x00,0x00,0x00,0x00,0x00,0x00,0x00,0x00,
		0x00,0x00,0x00,0x00,0x00,0x00,0x00,0x00,0x00,0x00,0x00,0x00,0x00,0x00,0x00,0x00,
		0x00,0x00,0x00,0x00,0x00,0x00,0x00,0x00,0x00,0x00,0x00,0x00,0x00,0x00,0x00,0x00,
		0x00,0x00,0x00,0x00,0x00,0x00,0x00,0x00,0x00,0x00,0x00,0x00,0x00,0x00,0x00,0x00,
		0x00,0x00,0x00,0x00,0x00,0x00,0x00,0x00,0x00,0x00,0x00,0x00,0x00,0x00,0x00,0x00,
		0x00,0x00,0x00,0x00,0x00,0x00,0x00,0x00,0x00,0x00,0x00,0x00,0x00,0x00,0x00,0x00,
		0x00,0x00,0x00,0x00,0x00,0x00,0x00,0x00,0x00,0x00,0x00,0x00,0x00,0x00,0x00,0x00,
		0x00,0x00,0x00,0x00,0x00,0x00,0x00,0x00,0x00,0x00,0x00,0x00,0x00,0x00,0x00,0x00,
		0x00,0x00,0x00,0x00,0x00,0x00,0x00,0x00,0x00,0x00,0x00,0x00,0x00,0x00,0x00,0x00,
		0x00,0x00,0x00,0x00,0x00,0x00,0x00,0x00,0x00,0x00,0x00,0x00,0x00,0x00,0x00,0x00,
		0x00,0x00,0x00,0x00,0x00,0x00,0x00,0x00,0x00,0x00,0x00,0x00,0x00,0x00,0x00,0x00,
		0x00,0x00,0x00,0x00,0x00,0x00,0x00,0x00,0x00,0x00,0x00,0x00,0x00,0x00,0x00,0x00,
		0x00,0x00,0x00,0x00,0x00,0x00,0x00,0x00,0x00,0x00,0x00,0x00,0x00,0x00,0x00,0x00,
		0x00,0x00,0x00,0x00,0x00,0x00,0x00,0x00,0x00,0x00,0x00,0x00,0x00,0x00,0x00,0x00,
		0x00,0x00,0x00,0x00,0x00,0x00,0x00,0x00,0x00,0x00,0x00,0x00,0x00,0x00,0x00,0x00,
		0x00,0x00,0x00,0x00,0x00,0x00,0x00,0x00,0x00,0x00,0x00,0x00,0x00,0x00,0x00,0x00,
		0x00,0x00,0x00,0x00,0x00,0x00,0x00,0x00,0x00,0x00,0x00,0x00,0x00,0x00,0x00,0x00,
		0x00,0x00,0x00,0x00,0x00,0x00,0x00,0x00,0x00,0x00,0x00,0x00,0x00,0x00,0x00,0x00,
		0x00,0x00,0x00,0x00,0x00,0x00,0x00,0x00,0x00,0x00,0x00,0x00,0x00,0x00,0x00,0x00,
		0x00,0x00,0x00,0x00,0x00,0x00,0x00,0x00,0x00,0x00,0x00,0x00,0x00,0x00,0x00,0x00,
		0x00,0x00,0x00,0x00,0x00,0x00,0x00,0x00,0x00,0x00,0x00,0x00,0x00,0x00,0x00,0x00,
		0x00,0x00,0x00,0x00,0x00,0x00,0x00,0x00,0x00,0x00,0x00,0x00,0x00,0x00,0x00,0x00,
		0x00,0x00,0x00,0x00,0x00,0x00,0x00,0x00,0x00,0x00,0x00,0x00,0x00,0x00,0x00,0x00,
		0x00,0x00,0x00,0x00,0x00,0x00,0x00,0x00,0x00,0x00,0x00,0x00,0x00,0x00,0x00,0x00,
		0x00,0x00,0x00,0x00,0x00,0x00,0x00,0x00,0x00,0x00,0x00,0x00,0x00,0x00,0x00,0x00,
		0x00,0x00,0x00,0x00,0x00,0x00,0x00,0x00,0x00,0x00,0x00,0x00,0x00,0x00,0x00,0x00,
		0x00,0x00,0x00,0x00,0x00,0x00,0x00,0x00,0x00,0x00,0x00,0x00,0x00,0x00,0x00,0x00,
		0x00,0x00,0x00,0x00,0x00,0x00,0x00,0x00,0x00,0x00,0x00,0x00,0x00,0x00,0x00,0x00,

};

