:020000040800F2
:100000009023002029020008F71E0008071D0008A1
:10001000F51E00085D080008D52600080000000055
:100020000000000000000000000000009101000836
:100030005F08000800000000D50100083D2300080B
:10004000430200084302000843020008430200087C
:10005000430200084302000843020008430200086C
:10006000430200084302000843020008430200085C
:10007000430200084302000843020008430200084C
:10008000430200084302000843020008430200083C
:10009000430200084302000843020008430200082C
:1000A00043020008B9230008430200084302000885
:1000B000430200084302000843020008430200080C
:1000C00043020008430200084302000843020008FC
:1000D00043020008BD260008C926000843020008A4
:1000E00043020008430200084302000800F002F83F
:1000F00000F03FF80AA090E8000C82448344AAF183
:100100000107DA4501D100F034F8AFF2090EBAE880
:100110000F0013F0010F18BFFB1A43F0010318473B
:10012000549F0000749F0000103A24BF78C878C123
:10013000FAD8520724BF30C830C144BF04680C60ED
:10014000704700000023002400250026103A28BF35
:1001500078C1FBD8520728BF30C148BF0B60704739
:10016000642900F0BD80002070471FB51FBD10B589
:1001700010BD00F038FB1146FFF7F7FF02F0E6FE76
:1001800000F056FB03B4FFF7F2FF03BC00F060FB86
:10019000224B19680868B0E8F00F80F30988BFF3B4
:1001A0006F8F4FF0000080F311884EF00D0E7047F6
:1001B0000000000006480068006880F3088862B606
:1001C00061B6BFF34F8FBFF36F8F00DF00BF00BF7B
:1001D00008ED00E0EFF30980BFF36F8F0F4B1A6853
:1001E00020E9F00F106008B54FF0500080F311883F
:1001F000BFF34F8FBFF36F8F04F0B4F84FF00000E0
:1002000080F31188BDE8084019680868B0E8F00F6D
:1002100080F30988BFF36F8F704700BF8000002014
:10022000EFF3058070470000094880470948004700
:10023000FEE7FEE7FEE7FEE7FEE7FEE7FEE7FEE796
:10024000FEE7FEE704480549054A064B70470000F3
:10025000B5230008ED000008901B0020902300202B
:10026000901E0020901E00200FB41CB5074B06AA5C
:100270007B4469460090059800F09DFA002069468D
:1002800000F0ACFA1CBC5DF814FB0000690500002E
:1002900070B5044685690068C10601D5302600E0C6
:1002A0002026C00707D070BDD4E901213046904711
:1002B000206A401C20626D1EF6D570BD70B50446E4
:1002C00085690078C00707D170BDD4E901212020DD
:1002D0009047206A401C20626D1EF6D570BD00005C
:1002E0002DE9F0410646002410687529314616A50F
:1002F00010D0AFF30080002802DA404213A507E0D7
:1003000031688A0701D512A502E0490704D511A575
:10031000012401E0AFF3008000210A2206F1240746
:1003200009E0B0FBF2FCB0FBF2F302FB1C00303042
:1003300078541846491C0028F3D123462A463046F3
:10034000BDE8F04100F0D9B9000000002D00000028
:100350002B000000200000002DE9F05F89460446D4
:100360004FF0000ADFF824B1FB44C0F820A020467B
:10037000E168884700287DD0252806D0D4E90121EE
:100380009047206A401C2062F1E700255F46204626
:10039000E16888472028064607DB312E05D2B819C8
:1003A00010F8200C08B10543F1E7A80701D525F0A6
:1003B0000405C4F81CA00027C4F818A02A2E09D0F0
:1003C000304602F098F938B304EB8708303EC8F89D
:1003D000186019E059F8041B204604EB870291616C
:1003E000E1688847012F064618D1E069002820DA25
:1003F00025F020051DE0D8F8180000EB800006EB82
:1004000040003038C8F818002046E16888470646A2
:1004100002F071F90028EED1012F0AD02E2E08D15A
:100420002046E16888477F1C0646022F45F02005DC
:10043000C4DBA069002803DA404245F00105A06151
:10044000E80701D025F01005A6B1A6F14100192852
:1004500002D8203645F400654A46314620462560DC
:100460004D46FFF77DFE60B1012807D0ED1D25F058
:10047000070000E007E000F1080978E705F104094A
:1004800075E730467AE7206ABDE8F09FC59C00001A
:1004900010B5431C02E010F8011B71B18107FAD1BD
:1004A0004FF0013202C88C1A8C4314EAC211F9D001
:1004B000C01A0A0603D0C01E10BDC01A10BD0A041F
:1004C00001D0801E10BD0902FCD0401E10BD40EAC4
:1004D000010370B59B072ED14FF00136042A2AD3B1
:1004E00008C810C99D1B9D43121F15EAC61517D0D9
:1004F000D8B2E1B2401A50EA056110D198B2A1B267
:10050000401A50EA05410AD123F07F4024F07F4190
:10051000401A50EA052102D1180EA0EB146070BDFC
:10052000A342DBD018BA21BA884201D9012070BD9C
:100530004FF0FF3070BD0AB9002070BD10F8013BCC
:1005400011F8014B63B1A3420AD1521E08D010F832
:10055000013B11F8014B1BB1A34201D1521EEDD159
:10056000181B70BD032A40F2308010F0030C00F01D
:10057000158011F8013BBCF1020F624498BF11F8DD
:1005800001CB00F8013B38BF11F8013BA2F1040296
:1005900098BF00F801CB38BF00F8013B11F003030E
:1005A00000F02580083AC0F0088051F8043B083A72
:1005B00051F804CBA0E80810F5E7121D5CBF51F814
:1005C000043B40F8043BAFF30080D20724BF11F88E
:1005D000013B11F801CB48BF11F8012B24BF00F8F3
:1005E000013B00F801CB48BF00F8012B704710B564
:1005F000203AC0F00B80B1E81850203AA0E818501B
:10060000B1E81850A0E81850BFF4F5AF5FEA027CDB
:1006100024BFB1E81850A0E8185044BF18C918C04A
:10062000BDE810405FEA827C24BF51F8043B40F8EB
:10063000043B08BF7047D20728BF31F8023B48BFD0
:1006400011F8012B28BF20F8023B48BF00F8012B0E
:10065000704702F0FF0343EA032242EA024200F03D
:1006600002B84FF000020429C0F0128010F0030C11
:1006700000F01B80CCF1040CBCF1020F18BF00F895
:10068000012BA8BF20F8022BA1EB0C0100F00DB844
:100690005FEAC17C24BF00F8012B00F8012B48BFA2
:1006A00000F8012B70474FF0000200B51346944646
:1006B0009646203922BFA0E80C50A0E80C50B1F1BA
:1006C0002001BFF4F7AF090728BFA0E80C5048BFCE
:1006D0000CC05DF804EB890028BF40F8042B08BF6C
:1006E000704748BF20F8022B11F0804F18BF00F868
:1006F000012B70477047704770472DE9F0470D4652
:1007000099469246044600F124080168880604D5FB
:10071000E06921F01001216000E00120A84201DD24
:10072000471B00E00027A1697A1902EB0900081AAB
:10073000A0612078C00602D42046FFF7A9FD00265C
:1007400008E0D4E901211AF806009047206A401C0D
:10075000761C20624E45F4DB2078C0060AD5204680
:10076000FFF796FD06E0D4E9012130209047206A8A
:10077000401C2062381EA7F10107F4DC07E0D4E931
:10078000012118F805009047206A401C2062281EAD
:10079000A5F10105F3DC2046FFF790FD2078000667
:1007A00002D50220BDE8F0870120FBE701694A1C61
:1007B00002610878704700B58FB0CDE901310021A2
:1007C000059105497944CDE9031011466846FFF7C4
:1007D000C3FD0FB000BD0000E5FFFFFF0A6802F88F
:1007E000010B0A607047754600F02CF8AE46050014
:1007F0006946534620F00700854618B020B5FFF73C
:1008000021FDBDE820404FF000064FF000074FF0FB
:1008100000084FF0000B21F00701AC46ACE8C0091E
:10082000ACE8C009ACE8C009ACE8C0098D46704727
:1008300010B50446AFF300802046BDE81040FFF736
:10084000A1BC000000487047301B0020704700002A
:1008500001491820ABBEFEE726000200FEE7704704
:100860002DE9F84F1446CA1701EB5271DDF82890B4
:10087000CD104FEAE97209EB527105EBE101491E17
:10088000A0F22710009141429846CA17404401EB5C
:100890001262C0F101000E46C11700EB11618246E1
:1008A00017124FEA212B442000F0C6F9E8B200F0FD
:1008B000E1F90099C8B200F0DDF9452000F0BCF97B
:1008C000F0B200F0D7F9F8B200F0D4F90AF0FF0066
:1008D00000F0D0F90BF0FF0000F0CCF94E2000F052
:1008E000ABF9E8B200F0C6F94F2000F0A5F9F0B27C
:1008F00000F0C0F9F8B200F0BDF900F06BF9242067
:1009000000F09AF9002508FB09F0C11700EB5176B9
:1009100014E00B98012804D0022804D0032809D041
:100920000BE0207802E02078C043C0B200F0A2F9CA
:10093000641C02E0FF2000F09DF96D1CB5EBE60F92
:10094000E7DBBDE8F88F000070B5AAB00D462E9C1D
:100950000646102B10D0202B0CD102A90B4800F01A
:100960000CF92020034602AACDE9000429463046AE
:10097000FFF776FF2AB070BD102322A9044800F0CB
:10098000FCF81020034622AAEEE70000C957000831
:100990003C5000081CB502241823CDE90034C2F1F4
:1009A0000402B1235A43034B1A443B23FFF758FF79
:1009B0001CBD00001C7000082DE9F84F8A468046D7
:1009C000D9170520002403EB11711D46091101FB05
:1009D00010561746DDF8289009E000BF06FB04809A
:1009E0002B465146CDF80090FFF7AEFF641C3A5DF0
:1009F000002AF3D1BDE8F88F10B500F08DF800F0B3
:100A0000E9F8122000F018F900F0E4F8012000F0F5
:100A100013F9272000F02EF9012000F02BF9002017
:100A200000F028F9112000F007F9012000F022F968
:100A30003C2000F001F9012000F01CF9212000F019
:100A4000FBF8002000F016F9802000F013F91820C0
:100A500000F0F2F8802000F00DF9442000F0ECF8EE
:100A6000002000F007F90F2000F004F9452000F005
:100A7000E3F8272000F0FEF8012000F0FBF800204A
:100A800000F0F8F8002000F0F5F84E2000F0D4F85F
:100A9000002000F0EFF84F2000F0CEF8272000F003
:100AA000E9F8012000F0E6F8BDE8104000F092B847
:100AB00010B5222000F0C0F8FF2000F0DBF8202065
:100AC00000F0BAF800F086F8102000F0B5F8012028
:100AD00000F0D0F8BDE810400A2000F05BB910B576
:100AE0001A2000F0A9F8192000F0C4F8222000F024
:100AF000A3F8D72000F0BEF8202000F09DF800F009
:100B000069F8102000F098F8012000F0B3F8BDE873
:100B10001040142000F03EB910B5094C002201210C
:100B2000204600F03EFA142000F034F9012211466C
:100B3000204600F036FABDE81040142000F02AB933
:100B4000000C014070B5242000F076F800244FF42A
:100B50009455002000F08EF8641CAC42F9DB26208E
:100B600000F06AF80024002000F084F8641CAC4215
:100B7000F9DBBDE87040FFF7B2BFF0B55B43DC17AF
:100B800003EB5473DE10213A724300252C462B46AA
:100B900003E0C75C5B1C1FB16D1C9542F9DB08E0EC
:100BA000C75C5B1C3D44F8E7C25C5B1C22B10A5584
:100BB000641CB442F8DBF0BD0025C75C2A465B1C10
:100BC00002E00D55521C641CBA42F2DAB442F0DA6B
:100BD000F7E7000010B5044C0221204600F0DCF9D4
:100BE0000028F9D110BD0000000C014070B5114E75
:100BF000044600222021304600F0D3F900252006CB
:100C000001D5012200E000221021304600F0C9F990
:100C100001222021304600F0C4F900222021304674
:100C200000F0BFF960066D1C040EEDB2082DE6D38E
:100C300070BD00000008014070B50D4C0546012252
:100C40004021204600F0ADF900224021204600F06E
:100C5000A8F900228021204600F0A3F92846FFF7DA
:100C6000C5FF2046BDE870400122402100F099B93F
:100C70000008014070B50D4C054601224021204678
:100C800000F08FF900224021204600F08AF901226D
:100C90008021204600F085F92846FFF7A7FF20466F
:100CA000BDE870400122402100F07BB900080140FE
:100CB00072B6FEE710B590F821100022022905D087
:100CC0000421816380F82020012010BD01680B6899
:100CD00023F00E030B6001680B6823F001030B6027
:100CE00090F84030C46B012101FA03F3636080F88F
:100CF000211080F82020104610BD000010B590F89B
:100D000021100024022903D00421816301243DE045
:100D100001680A6822F00E020A6001680A6822F07F
:100D200001020A601A4A0168914201D1012121E0C1
:100D3000174A1432914201D110211BE0144A283283
:100D4000914201D1891515E0114A3C32914201D1FD
:100D500089140FE00E4A5032914202D14FF4803193
:100D600008E00B4A6432914202D14FF4801101E055
:100D70004FF08071064A083A5160012180F8211035
:100D8000002180F82010416B01B18847204610BD3A
:100D90000800024070B5044600F008F90546601CE2
:100DA00002D004480078044400F000F9401BA0423F
:100DB000FAD370BD240000202DE9F84FDFF8B89178
:100DC0000024A9F1040B23460F2709F1040AABF113
:100DD000040EC9E00125A5402A40AA427DD1674EF4
:100DE000D1F804C0ACEB0608B44532D014DCBCF139
:100DF000030F3AD009DCBCF1000F2AD0BCF1010F7F
:100E00001CD0BCF1020F31D11DE0BCF1110F17D085
:100E1000BCF1120F2AD119E0B8F5881F19D006DCF1
:100E2000B8F5803F15D0B8F5801F1FD111E0B8F597
:100E3000001F0ED0B8F5041F18D10AE0CB6815E0EA
:100E4000CB681B1D12E0CB6808330FE0CB680C3376
:100E50000CE08B682BB1012B4FF0080303D04561E8
:100E600004E0042302E0056100E00023FF2A01D82A
:100E7000064601E000F104064FEA840501D9A5F118
:100E80002005D6F8008007FA05FC28EA0C0803FACA
:100E900005F548EA0508C6F800804D68ED0062D502
:100EA000374DAE6946F00106AE61AD6924F0030628
:100EB00005F001050095334D06EB050CDCF80850F4
:100EC000A607360F07FA06F825EA0805DFF8B88006
:100ED000404503D14FF0000817E044E0DFF8AC8054
:100EE000404502D14FF001080FE0DFF8A4804045F3
:100EF00002D14FF0020808E0DFF89880404502D1A7
:100F00004FF0030801E04FF0040808FA06F848EA39
:100F10000508CCF808804D68D9F80060ED024D4610
:100F200001D5164300E096432E604D68DAF8006064
:100F3000AD02554601D5164300E096432E604D683C
:100F4000DBF80060AD035D4601D5164300E0964333
:100F50002E604D68DEF80060ED03754601D516433E
:100F600000E096432E60641C0D682A46E5407FF43D
:100F700031AFBDE8F88F00000804014000001110F7
:100F8000001002400000014000080140000C014038
:100F900000100140001401408068084000D001208A
:100FA00070470AB1016170470904FBE70148806896
:100FB0007047000024000020024881680278114434
:100FC0008160704724000020074810B5016841F097
:100FD00010010160032000F0A1F80F2000F006F8D6
:100FE00000F04AF8002010BD0020024030B5054650
:100FF0001C4887B0816941F400618161806906A95C
:1010000000F40060009001A800F030F900F05EF9F3
:101010001549164AB0FBF1F11548491E02604160BE
:1010200040F2E7320021C0E903218160816100F0D4
:1010300015FB040012D10E4800F03EFB04000DD158
:10104000192000F03DF8102D07D200222946192062
:1010500000F044F80748056000E0012407B020468E
:1010600030BD00000010024040420F00002C014043
:1010700090010020280000200F4808B5816941F048
:1010800001018161816901F001010091C16941F0B3
:101090008051C161C069002200F0805000900F2192
:1010A000901E00F01BF80548416821F0E06141F016
:1010B0000071416008BD00000010024000000140C6
:1010C000002809DB00F01F02012191404009800047
:1010D00000F1E020C0F8001170470000F0B40E4BA2
:1010E0001B680C46C3F30223C3F10705042D00D986
:1010F0000425191D072901D2002300E0DB1E01266B
:1011000006FA05F1491E214099409E40761E164080
:101110003143F0BC01F0DFBA0CED00E0064900F00D
:10112000070208684FF6FF03184040EA0220034A0E
:1011300010430860704700000CED00E00000FA0565
:101140002DE9F0470F46050061D0434E306800F0AE
:101150000700B84209D2306820F0070038433060F9
:10116000306800F00700B84251D128683B4C810735
:1011700012D5400703D5606840F4E06060602878CD
:10118000000703D5606840F4605060606068A9683B
:1011900020F0F000084360602878C00728D0686815
:1011A000012810D02168022810D0890700292EDAE2
:1011B000616821F0030101436160FFF7F7FE80469B
:1011C00041F288390DE021688903EFE78901EDE7F5
:1011D000FFF7ECFEA0EB0801494502D90320BDE86A
:1011E000F0876068696800F00C00B0EB810FEFD108
:1011F000306800F00700B8420BD9306820F00700D3
:1012000038433060306800F00700B84201D0012058
:10121000E5E72878400705D56068E96820F4E060D4
:10122000084360602878000706D56068296920F4C3
:10123000605040EAC100606000F058F86168084AF8
:10124000C1F30311515CC8400649086006480068B4
:10125000FFF7CCFE0020C2E7002002400010024051
:10126000F24F000830000020280000200F2202600A
:101270000C4A536803F003034360536803F0F00320
:101280008360536803F4E063C36052684FF4E06323
:1012900003EAD20202610448006800F00700086017
:1012A0007047000000100240002002400448054939
:1012B00000684968044AC1F30221515CC840704784
:1012C0003000002000100240025000080448054988
:1012D00000684968044AC1F3C221515CC8407047A4
:1012E0003000002000100240025000080E4A5168F1
:1012F0000E4801F00C03042B11D0082B0FD10C4821
:10130000C1F38343C903C05C0AD55168084AC1F3DD
:101310004041921E515C054A5043B0FBF1F07047CA
:1013200004494843704700000010024000127A0050
:10133000E24F000800093D002DE9F84F040070D08D
:101340002078C04DC00749D06868C0F381000128EB
:1013500007D06868C0F38100022809D16868C0031B
:1013600006D52868800339D560680028E7D035E0C5
:101370006068B0F5803F0BD010B1B0F5A02F11D050
:10138000286820F480302860286820F4802002E05B
:10139000286840F480302860606890B1FFF706FE4E
:1013A00006460AE0286840F480202860F0E700BF85
:1013B000FFF7FCFD801B642873D828688003F7D5ED
:1013C0000CE0FFF7F3FD064605E000BFFFF7EEFD7A
:1013D000801B6428F0D828688003F7D420789A4EC0
:1013E00080074FF001094FF0000839D5686810F008
:1013F0000C0F07D06868C0F38100022809D1686823
:10140000C00306D42868800714D52069012808D1B4
:1014100010E02069B0B1C6F80090FFF7C7FD07469D
:1014200005E00AE1FFF7C2FDC01B0228C4D8286806
:101430008007F7D52868616920F0F80040EAC1000C
:1014400028600DE0C6F80080FFF7B0FD074604E015
:10145000FFF7ACFDC01B022823D828688007F7D40B
:10146000207800072CD57948A169D9B1C0F800903F
:10147000FFF79CFD074604E0FFF798FDC01B02281C
:101480000FD8686A8007F7D571484FF4FA510068A1
:10149000B0FBF1F0009000BF0098411E0091FAD21D
:1014A0000EE080E0C0F80080FFF780FD074604E012
:1014B000FFF77CFDC01B022875D8686A8007F7D447
:1014C0002078400760D5E8690027C00008D4E869A3
:1014D00040F08050E861E869012700F080500090FA
:1014E0005C480168C90513D40168834641F48071E2
:1014F0000160FFF75BFD824606E000BFFFF756FD87
:10150000A0EB0A0064284ED8DBF80000C005F5D532
:10151000E06801280AD008B1052813D0286A20F015
:1015200001002862286A20F0040002E0286A40F0E6
:1015300001002862E06841F2883B98B1FFF736FD70
:1015400082460BE0286A40F004002862EEE700BF04
:10155000FFF72CFDA0EB0A0159455AD8286A8007ED
:10156000F6D50CE0FFF722FD824605E0FFF71EFDF1
:10157000A0EB0A0159454CD8286A8007F6D41FB160
:10158000E86920F08050E861E06988B36968C1F3D8
:101590008101022944D00228C6F8608004D0FFF7F8
:1015A00005FD044638E034E0FFF700FD074604E09F
:1015B000FFF7FCFCC01B02282BD828688001F7D459
:1015C000206AB0F5803F05D16868A16820F400303A
:1015D00008436860D4E908010843696821F474117C
:1015E00008436860C6F86090FFF7E0FC044606E038
:1015F00025E000BFFFF7DAFC001B022809D82868A5
:101600008001F7D51BE000BFFFF7D0FC001B0228CC
:1016100002D90320BDE8F88F28688001F4D40EE0D9
:101620000128F7D06868226A00F48031914204D121
:10163000616A00F47010884201D00120EAE70020BE
:10164000E8E70000001002400000424280044242ED
:1016500030000020007000407047704710B5040053
:1016600003D094F83D0010B107E0012010BD002028
:1016700084F83C00204600F01EF8022084F83D006B
:10168000211D206800F09EFE012084F8460084F8A9
:101690003E0084F83F0084F8400084F8410084F85C
:1016A000420084F8430084F8440084F8450084F83C
:1016B0003D00002010BD704790F83D10012901D079
:1016C00001207047022180F83D100168CA6842F08D
:1016D0000102CA6000680B49884208D0B0F1804F0F
:1016E00005D00949884202D00849884204D181685E
:1016F00001F00701062903D0016841F001010160F2
:1017000000207047002C0140000400400008004009
:1017100070472DE9F04104460068C66805694FF03E
:101720000007A90713D5B10711D5F91E01610120E2
:101730002077206880698007204602D0FFF7E8FF05
:1017400004E000F07EF8204600F07CF82777680778
:1017500016D5700714D521686FF0040008610220C7
:1017600020772068806910F4407F204602D0FFF780
:10177000CFFF04E000F065F8204600F063F827771B
:10178000280715D5300713D521686FF008000861C8
:10179000042020772068C0698007204602D0FFF728
:1017A000B7FF04E000F04DF8204600F04BF8277733
:1017B000E80616D5F00614D521686FF01000086110
:1017C000082020772068C06910F4407F204602D0AE
:1017D000FFF79EFF04E000F034F8204600F032F8F6
:1017E0002777E80708D0F00706D021686FF00100DE
:1017F0000861204600F028F8280608D5300606D5EE
:1018000021686FF0800008612046FFF725FF680619
:1018100008D5700606D521686FF0400008612046A3
:1018200000F01CF8A8060AD5B00608D521686FF0AC
:10183000200008612046BDE8F041FFF70EBFBDE87B
:10184000F08170477047000000680349884201D169
:10185000FFF7B2BB70470000002C01407047704793
:1018600070470000F8B5016804460868CA684B690B
:1018700010F00F0F4FF0000559D003F0010602F4ED
:101880009077374365D0C10705D0D10503D5616C8A
:1018900041F001016164410705D5D90703D0616CAE
:1018A00041F002016164810705D5D90703D0616C5D
:1018B00041F004016164010707D502F020013143C2
:1018C00003D0616C41F008016164616C00293AD079
:1018D000800604D5900602D5204600F0DEFD206883
:1018E0004069616CC0F38010090700D460B32046E2
:1018F00000F0ACFD20684069400621D52068143016
:1019000050E8001F21F0400140E80012002AF5D104
:10191000E06BA8B16D494163E06BFFF7EFF9002878
:1019200011D0E06B416B01B0BDE8F0400847830681
:101930000FD593060DD52046BDE8F84000F0ADBDAB
:101940002046FFF78DFFF8BD2046FFF789FF65644D
:10195000F8BD266B2023012E7CD1C6067AD5D6068B
:1019600078D508684868009048694FF0020640063C
:1019700040D5E16B086840680004000CE8D0A28DF7
:101980008242E5D9E085886920282DD020680C3076
:1019900050E8001F21F4807140E80012002AF5D1C0
:1019A0002068143050E8001F21F0010140E80012C7
:1019B000002AF5D12068143050E8001F21F04001C2
:1019C00040E80012002AF5D184F8423025632068EF
:1019D0000C3050E8001F21F0100140E80012002AEE
:1019E000F5D1E06BFFF766F96663A08DE18D401AD3
:1019F00081B22AE0A08DE18D401A81B2E08D0028ED
:101A0000A6D00029A4D022680C3252E8000F20F49E
:101A1000907042E80007002FF5D12068143050E89C
:101A2000002F22F0010240E80027002FF5D184F8B2
:101A30004230256320680C3050E8002F22F010025D
:101A400040E80023002BF5D166632046FFF707FF2F
:101A5000F8BDFFE705062BD5150629D594F84100FA
:101A60002128F5D1A068B0F5805F01D12069B0B11F
:101A7000206A411C2162216800784860E08C401E89
:101A80000004000CE084E3D12068C16821F08001EB
:101A9000C1602068C16841F04001C160D8E7206A98
:101AA0000088C0F308004860206A801C2062E5E7D7
:101AB0004006CDD55006CBD5CA68204622F040025C
:101AC000CA6084F8413000F01DF9C1E73D240008E8
:101AD00070B5040004D094F84100002510B106E070
:101AE000012070BD84F84050204600F023F82420E7
:101AF00084F841002068C16821F40051C16020468B
:101B000000F02CFD2068016921F4904101612068FA
:101B1000416921F02A0141612068C16841F4005106
:101B2000C1606564202084F8410084F84200656348
:101B3000002070BD70B586B000240094019402941A
:101B400003942E4E03682E49022003222D4DB342EA
:101B500026D18B6943F480438B618B6903F4804306
:101B600004938B6943F004038B618969039201F04C
:101B7000040104910102CDE9001069462846FFF7EF
:101B80001BF92815CDE90004694628460294FFF7A1
:101B900013F9002205212520FFF7A0FA252028E0CF
:101BA000194EB34227D1CB6943F40033CB61CB69E3
:101BB00003F4003304938B6943F004038B61896958
:101BC000039201F0040104910421CDE9001069465B
:101BD0002846FFF7F1F80820CDE9000469462846B9
:101BE0000294FFF7E9F8002205212620FFF776FA94
:101BF0002620FFF765FA06B070BD000000380140EE
:101C000000100240000801400044004090F84230BB
:101C1000202B01D00220704721B11AB100230363A9
:101C200000F0F8BC012070470A4910B50A4B48780B
:101C30000A781A54401C4870084800231A4606497E
:101C4000006802F091FDBDE81040012201490448FE
:101C5000FFF7DCBF7C0000203D0200201C000020BC
:101C6000480100202DE9F843044690F841009846C9
:101C700016460D46202802D00220BDE8F88385B123
:101C80007EB100206064212084F84100FFF78EF9C6
:101C9000A6848146E684A0682027B0F5805F02D044
:101CA00003E00120E9E7206910B12E4600250EE08F
:101CB00000260CE08021204600F0C7FCA8B9C6B180
:101CC00016F8010B21684860E08C401EE084E08C2F
:101CD0004B464FF00002CDF800800028EAD14FF0CB
:101CE0004001204600F0B1FC40B184F8417003206F
:101CF000C3E735F8020BC0F30800E3E784F841704E
:101D00000020BAE77047FEE71CB50021012002F071
:101D1000C5FB164C002201212062052002F0DBFBEE
:101D2000E061211D1920CDE900010023802210A1CE
:101D3000124802F00BFFA06004F10C011720CDE95E
:101D40000001002380220EA1104802F0FFFE206156
:101D500004F114011820CDE90001002380220CA118
:101D60000D4802F0F3FEA0611CBD00000000002041
:101D700053686F775461736B000000001D230008E7
:101D8000526561645461736B00000000F91E000825
:101D900052785461736B0000312000082DE9F04146
:101DA00086B0002533480095019502950395816919
:101DB00041F010018161816901F010010491816994
:101DC00041F020018161816901F020010491816964
:101DD00041F004018161816901F00401049181698C
:101DE00041F0080181618069234E00F008004FF442
:101DF00000540490002221463046FFF7D2F81F4FCE
:101E00000022F2213846FFF7CCF8DFF87480002278
:101E100040F201314046FFF7C4F800940124CDE9B7
:101E20000145694630460394FEF7C6FFF2200226BC
:101E30008DE8710069463846FEF7BEFF01AA00949E
:101E400082E8700069464046FEF7B6FFCDE90065BE
:101E5000694640460296FEF7AFFF4FF440708DE8AA
:101E60003100694640460394FEF7A6FF06B0BDE880
:101E7000F081000000100240001001400008014005
:101E8000000C01400C4810B50A4901604FF4E131E3
:101E90004160002181600C22C160C0E904128161AF
:101EA000C161FFF715FE002803D0BDE81040FEF722
:101EB000FFBE10BD00380140000100200C4810B5E5
:101EC0000A4901604FF4E1314160002181600C2238
:101ED000C160C0E904128161C161FFF7F9FD00280A
:101EE00003D0BDE81040FEF7E3BE10BD0044004043
:101EF00048010020FEE7FEE71CB53A4E3A4FDFF8F6
:101F0000EC80DFF8EC90DFF8ECA03B4C3B4D00BFE1
:101F100000F006FD2088318808442080A0783978B8
:101F20000844A070E17898F800000844E070217936
:101F300099F800000844207161799AF8000008447B
:101F400060712888218888420FD1A878A1788842BA
:101F50000BD1E878E178884207D128792179884245
:101F600003D168796179884208D001F073FF244871
:101F700000231A461946006A02F046FB2088288092
:101F8000A078A870E078E87020792871607968718D
:101F9000A079A871E079E871E979E878CDE90001E4
:101FA000AB782A8817A11C48FEF75EF91A48FEF79D
:101FB0006FFA82B2322318491848FFF753FEA87906
:101FC00000906B792A7916A11348FEF74DF9124853
:101FD000FEF75EFA82B232230F491048FFF742FE45
:101FE00096E7000064000020680000206C000020DC
:101FF00070000020740000204A00002052000020E1
:102000000000002025643A25643A256420256420D8
:102010002020200D0A0000001F02002000010020E7
:1020200025643A25643A2564202020200D0A00000A
:1020300008B50027A74DDFF8A082DFF8A092DFF8EF
:10204000A0A2DFF8A0B2A84CA84E8DF8007000BF87
:102050004FF0FF326946F06902F0E6FB012875D1C6
:1020600001F0D4FC9DF80020A1A1A448FEF7FCF8E3
:10207000A248FEF70DFA82B23223A049A048FFF72A
:10208000F1FD9DF80000192831D2DFE800F0303072
:102090000D1C31404F3060753030303030308CA204
:1020A000BDC8D6E1F2FDEF0020882880A078A87096
:1020B000E078E8702079287160796871A079A8715A
:1020C000E079E8710DE020882881A078A872E07896
:1020D000E8722079287360796873A079A873E07931
:1020E000E87300231A461946306A02F08DFAD7E0E9
:1020F00020882883A078A876E078E8762079287769
:1021000060796877A079A877E079E877E9E72088AF
:102110002882A078A874E078E8742079287560791E
:102120006875A079A875E079E875DAE721887548BF
:102130000180A1788170E178C170217901716179A4
:102140004171A1798171E179C171CAE7AAE0228860
:10215000D8F800105318642293FBF2FC02FB1C33E6
:10216000002B1FDB23880B4493FBF2FC02FB1C3289
:10217000632A17DA491C13E02288D8F80010531894
:10218000642293FBF2FC02FB1C33002B0ADD238844
:102190000B4493FBF2FC02FB1C32632A02DC491E57
:1021A000C8F800107CE0A278D9F80010CA4205D423
:1021B000A2780A440C2A01DA491C16E0A2780A44E3
:1021C0000C2A6DDDD8F800305B1C0B39C8F80030E4
:1021D0000BE0A378D9F800100A46491E0B44002BE7
:1021E00006DDA3780B440C2B02DCC9F8001057E085
:1021F000A378CB4254D5D8F800305B1E0B32C8F818
:102200000030C9F800204BE0E278DAF80010CA424A
:1022100046D4E2780A441F2A42DA491C0AE0E278EE
:10222000DAF800100A44002A3ADDE2780A441F2A4C
:1022300036DC491ECAF8001032E02279DBF80010C3
:10224000CA422DD422790A44172A29DA491C0AE005
:102250002279DBF800100A44002A21DD22790A44A1
:10226000172A1DDC491ECBF8001019E01EE00BE018
:10227000FFE7627924480168CA4211D462790A44AE
:102280003B2A0DDA491C0AE062791F4801680A44BA
:10229000002A05DD62790A443B2A01DC491E0160FF
:1022A0008DF80070322001F061FFD1E63078401CDB
:1022B000C0B23070012803D0022805D0032805D011
:1022C0001349124808600CE7124900E0124910480F
:1022D000016006E7D80100206400002068000020AB
:1022E0006C000020700000204A0000200000002048
:1022F00025642020202020200D0A00001F0200203D
:10230000000100205A00002074000020917600088F
:1023100078000020717D000851840008064D4FF0C0
:10232000FF342146286A02F01BFB01F07BFB3220C0
:1023300001F01CFFF5E700000000002010B54FF091
:10234000E020006902F05AFC012803D0BDE81040EB
:1023500002F08EB810BD30B58FB028216846FEF768
:10236000A2F914210AA8FEF79EF901210804CDE97B
:1023700000100024029402250491CDE907504FF487
:10238000E01009906846FEF7D7FF08B172B6FEE785
:102390000F20CDE90A054FF48060CDE90C40022101
:1023A0000AA80E94FEF7CCFE002801D072B6FEE714
:1023B0000FB030BD704700000148FFF7AAB9000018
:1023C00090010020F0B50268194B1A4C1A4D4FF0DD
:1023D0008047984205D0B84203D0A04201D0A8421D
:1023E00003D122F070064A683243984205D0B842C1
:1023F00003D0A04201D0A84203D122F44074CA689D
:1024000022434C6922F08002224302608A68C26241
:102410000A688262984201D1096901630121416120
:102420000169C90703D0016921F001010161F0BD13
:10243000002C0140000400400008004010B5406A34
:102440000021C185C184FFF70BFA10BD01680C3172
:1024500051E8002F22F4907241E80023002BF5D1BF
:102460000168143151E8002F22F0010241E80023F5
:10247000002BF5D1016B012909D101680C3151E81C
:10248000002F22F0100241E80023002BF5D120217B
:1024900080F8421000210163704708B590F842109F
:1024A000222901D0022008BD82684FF480539A424D
:1024B00001D1016921B1816A9A421BD04AB10AE077
:1024C0000268816A5268C2F308020A80816A891C24
:1024D00008E0026972B10268526802F07F020A7075
:1024E000816A491C8162C18D491E0904090CC1859C
:1024F00003D01BE002685268F1E70168CA6822F065
:102500002002CA600168CA6822F48072CA60016849
:102510004A6922F001024A61202180F8421000211C
:102520004163026B012A03D0FFF77EFB002008BD48
:10253000016301680C3151E8002F22F0100241E8DC
:102540000023002BF5D101680A68D20602D50A687B
:1025500049680091818DFFF782F9E7E770B504467D
:1025600000680169E26821F4405111430161216969
:10257000A0680843616908432168CA6841F20C6396
:102580009A430243CA6020684169A26921F44071FC
:10259000114341611E492068884202D1FEF796FE30
:1025A00001E0FEF783FE00EBC00101EB0012606862
:1025B00064218000B2FBF0F3B3FBF1F36FF0180677
:1025C0007343B2FBF0F5B2FBF0F605EB8305322363
:1025D00003EB0515B5FBF1F5B6FBF1F605F0F005DB
:1025E00005EB0615B2FBF0F6B2FBF0F0B0FBF1F034
:1025F0006FF01802504306EB800003EB0010B0FBB5
:10260000F1F0216800F00F002844886070BD0000E0
:102610000038014081628285C28500214164222107
:1026200080F84210016921B10168CA6842F48072E1
:10263000CA6001684A6942F001024A610068C168E3
:1026400041F02001C160002070472DE9F843984611
:1026500017460D460446089E24E0701C22D0FEF763
:10266000A5FCA0EB0800B0421AD8CEB12068C16822
:10267000490717D5802D15D0402D13D00168C943C7
:1026800009070FD401680025406800902046FFF735
:10269000DDFE0820606484F840500120BDE8F88326
:1026A0000320FBE72068006835EA000004D0002022
:1026B000B842D2D00020F1E70120F9E70148FFF746
:1026C000D1B80000000100200148FFF7CBB800009E
:1026D00048010020FEE70907090E002804DB00F18D
:1026E000E02080F80014704700F00F0000F1E020B7
:1026F00080F8141D704730380A2801D20120704735
:102700000020704770B5030414461B0C12D025043A
:102710002D0C0FD0020EC0F30741184600F00CF844
:102720000646220EC4F30741284600F005F8801B38
:10273000002800DC002070BD2DE9F04391460D46D5
:10274000064600234FF4FA644FF4B77740F26D1851
:102750000AE0204600F0E7FB08B1384600E04046BA
:102760001844641C83B2A4B2B442F2D3012407E03B
:102770002146304600F00BF81844641C83B2A4B222
:10278000AC42F5D303EB090080B2BDE8F08300B59D
:102790000D2913D2DFE801F012070B07090709071B
:1027A0000709070907001F2000BD1E2000BD00F01B
:1027B000BAFB08B11D2000BD1C2000BD002000BDDB
:1027C00000B585B00020019002900390084881690F
:1027D00041F0080181618069694600F008000490B9
:1027E0004FF4007000900348FEF7E6FA05B000BD14
:1027F00000100240000C014000B585B0002002909E
:102800000A48816941F0080181618069694600F0E8
:10281000080004904FF40070009001200190039094
:102820000348FEF7C9FA05B000BD000000100240E1
:10283000000C01402DE9F04387B002AB01AA6946C4
:1028400030A000F037FC05AB04AA03A930A000F0CB
:1028500068FC32490888B0F5FA6F02D04879002840
:102860004DD105988871049A4A71039A0A71009AA9
:10287000CA70019A8A700722CA71029A0A8000F00F
:1028800047FB8146049800F043FB8046039800F024
:102890003FFB0746009800F03BFB0646019800F01E
:1028A00037FB05460298642190FBF1F201FB120010
:1028B00000F02EFB044600218E2000F0F9F8494676
:1028C000802000F0F5F84146822000F0F1F839460A
:1028D000842000F0EDF83146862000F0E9F8294622
:1028E000882000F0E5F807218A2000F0E1F8214671
:1028F0008C2000F0DDF880218E2000F0D9F807B0A0
:10290000BDE8F08344656320313120323032350038
:1029100031353A31313A3236000000004A000020A9
:1029200010B500F041F81F48017801F00F020909C5
:1029300001EB810102EB410200F108018A7142784A
:1029400002F00F03C2F3021202EB820203EB420217
:102950004A71827802F00F03120902EB820203EB44
:1029600042020A71C27802F00F03120902EB8202DE
:1029700003EB4202CA70027902F00F03120902EB64
:10298000820203EB42028A704279CA71807900F0B8
:102990000F02000900EB800002EB400000F5FA6036
:1029A000088010BD4200002010B5812000F01EF804
:1029B0000D4C2070832000F019F86070852000F025
:1029C00015F8A070872000F011F8E070892000F061
:1029D0000DF820718B2000F009F860718D2000F057
:1029E00005F8A07110BD0000420000202DE9F05F45
:1029F00000254FF4005BDFF8B08006462C462A46DF
:102A00005F4659464046FEF7CCFADFF8A0A04FF4E7
:102A10008079002249465046FEF7C3FA0320FEF7AC
:102A2000B9F9012239464046FEF7BBFA0320FEF70A
:102A3000B1F9304600F076F8FFF7C2FE0220FEF74B
:102A4000A9F94E4657464FF400790220FEF7A2F945
:102A50006408012231463846FEF7A3FA0420FEF747
:102A600099F9002231463846FEF79BFA0520FEF719
:102A700091F949463846FEF78FFA08B144F08004D0
:102A80006D1CEDB2082DE0D30220FEF783F9002281
:102A900059464046FEF785FA002249463846FEF779
:102AA00080FA2046BDE8F09F00100140000C014074
:102AB0002DE9F047194F04460D464FF40056002209
:102AC00031463846FEF76DFADFF854904FF48078BF
:102AD000002241464846FEF764FA0120FEF75AF903
:102AE000012231463846FEF75CFA0220FEF752F921
:102AF000204600F017F8284600F014F8002231466E
:102B00003846FEF74EFA002241464846FEF749FA9B
:102B1000BDE8F0470220FEF73DB90000001001407B
:102B2000000C01402DE9F0410546FFF765FE124F0C
:102B300000244FF48076224631463846FEF731FABB
:102B40004FF40078002231463846FEF72AFAE807AB
:102B500001D0012200E0002241463846FEF721FA6A
:102B6000012231463846FEF71CFA641C6D08E4B2B7
:102B7000082CE7D3BDE8F081000C01402DE9FC47AB
:102B8000FDF73AFFFDF7DEFFFDF7C6FF02264FF027
:102B90008008CDE9008600214FF49473CC4A0846A2
:102BA000FDF75EFE2023CB4A0021BA200096FDF7F8
:102BB00003FF1023C84A2021C8200096FDF7FCFE21
:102BC0004FF001092025CDE900594F462B46C34A55
:102BD0003021D220FDF744FEC14C208860F30F0263
:102BE000A07860F31742E07860F31F62207960F309
:102BF0000703607960F30F23A07960F31743E0794E
:102C0000B84960F31F6308684968FFF77BFD024617
:102C1000B5A1B648FDF728FB1023B44A3821F220AD
:102C20000096FDF7C9FECDE900562023B04A502199
:102C3000D220FDF715FE208860F30F02A07860F324
:102C40001742E07860F31F62207960F30703607930
:102C500060F30F23A07960F31743E079A54960F38F
:102C60001F6308684968FFF74DFD02469EA19F4813
:102C7000FDF7FAFA10239D4A5821F2200096FDF73D
:102C80009BFE9D48CDE9008702686E2300215520F8
:102C9000FDF7E6FD208860F30F02A07860F317428D
:102CA000E07860F31F62207960F30703607960F3D6
:102CB0000F23A07960F31743E079904F60F31F630F
:102CC00038687968FFF71EFD042801DD00221CE04A
:102CD0002088424660F30F02A07860F31742E07844
:102CE00060F31F622079334660F30703607960F375
:102CF0000F23A07960F31743E079796860F31F63CD
:102D00003868FFF7FFFCC0F1040200210846FDF718
:102D100041FE208860F30F02A07860F31742E0784C
:102D200060F31F62207960F30703607960F30F237B
:102D3000A07960F31743E079F96860F31F63B8681E
:102D4000FFF7E0FC042801DD00221CE02088424659
:102D500060F30F02A07860F31742E07860F31F621F
:102D60002079334660F30703607960F30F23A0797D
:102D700060F31743E079F96860F31F63B868FFF701
:102D8000C1FCC0F1040220210020FDF703FE2088D1
:102D900060F30F02A07860F31742E07860F31F62DF
:102DA000207960F30703607960F30F23A07960F363
:102DB0001743E079796960F31F633869FFF7A2FC74
:102DC000042801DD00221CE02088424660F30F0247
:102DD000A07860F31742E07860F31F6220793346F1
:102DE00060F30703607960F30F23A07960F3174362
:102DF000E079796960F31F633869FFF783FCC0F1FC
:102E0000040240210020FDF7C5FD208860F30F0279
:102E1000A07860F31742E07860F31F62207960F3D6
:102E20000703607960F30F23A07960F31743E0791B
:102E3000F96960F31F63B869FFF764FC042801DDDA
:102E400000221CE02088424660F30F02A07860F365
:102E50001742E07860F31F622079334660F307037E
:102E6000607960F30F23A07960F31743E079F96983
:102E700060F31F63B869FFF745FCC0F104026021ED
:102E80000020FDF787FDCDE9005620231C4A0021D4
:102E90003C20FDF7E5FCCDE9005920234C46194ABA
:102EA00019463C20FDF7DCFCCDE900542023164AEE
:102EB00040213C20FDF7D4FCCDE900542023134AE7
:102EC00060213C20FDF7CCFCBDE8FC47FDF7F0BDE0
:102ED000B18D00083C000020F801002011740008AA
:102EE0004A00002034000020256400000102002078
:102EF000917300085A00002078000020D8010020BB
:102F00001176000891750008917400081175000889
:102F10000A2290FBF2F190FBF2F302FB130040EA6D
:102F20000110C0B27047810705D16421B0FBF1F2F6
:102F300001FB120141B94FF4C871B0FBF1F201FB82
:102F4000120008B10020704701207047FEF73CF8DE
:102F5000FFF701FAFEF722FFFEF794FFFEF7AEFF40
:102F6000FFF768FC00F076FFFFF708FE0122224918
:102F70002248FEF74BFE4FF4FA70FDF70BFF20A13D
:102F80002248FDF771F92148FDF782FA82B2322317
:102F90001E491F48FEF766FEFFF7C2FC1D481E4B88
:102FA0000021028823F83120847803EBC102947059
:102FB000C478D4700479147144795471847994710B
:102FC000C479491CD4710429EBDB028813490A80B7
:102FD00082788A70C278CA7002790A7142794A711D
:102FE00082798A71C079C87100F036F8FEF78CFEDC
:102FF00000F044F8FEE700007C00002048010020BB
:1030000055415254204F4B0D0A0000001F02002072
:10301000000100204A000020D80100205A000020B2
:1030200070B58CB0064630220A496846FDF7DFFAD3
:1030300000246D46032255F824103046FDF747FA68
:1030400004F1010420B10C2CF4DB01200CB070BDA4
:10305000E0B2FBE70C500008EFF3058010B16FF011
:10306000050070470448016811B14FF0FF30704708
:103070000121016000207047D000002010B5EFF35F
:10308000058010B16FF0050010BD084801680129E6
:1030900002D04FF0FF3010BD054A002182F8141D08
:1030A0000221016001F012F9002010BDD0000020C3
:1030B0000BE000E0F8B5044600788DF80000607879
:1030C0008DF80100A0788DF8020000208DF8030033
:1030D0001D4616460F466846FFF7A2FF306020796E
:1030E0006179303800EB80006FF02F0202EB400076
:1030F00008443860E079A17A303800EB4002C2EB36
:10310000C01001EBC001207A64225043627A02EBC6
:10311000820200EB42000844A0F5A050D03828609D
:10312000F8BD70B504784578303C04EB84066FF048
:103130002F0404EB460635440D60C178057930391B
:1031400001EB810104EB410129441160C1798079CF
:10315000303800EB800004EB40000844186070BD7C
:103160002DE9F041134C0F460546E6682068001D26
:1031700000F0C8FE681C07D137B12168BDE8F041F6
:103180000D48091D00F00EBF20683544B54245606A
:10319000216805D2A06BBDE8F041091D00F0EABE30
:1031A000606B091D00F0E6FEA06A854200D2A562B0
:1031B000BDE8F081800000204C0700202DE9F0419F
:1031C000054600F0FBFE2D4CA068401CA060206866
:1031D0002B4F10B1606930B32BE02560A068012847
:1031E00027D1002606EB860007EB800000F0B4FE36
:1031F000761C382EF6D3234800F0AEFE214814305A
:1032000000F0AAFE1F48283000F0A6FE1D483C3002
:1032100000F0A2FE1B48503000F09EFE194860638B
:103220001430A06305E02068E96AC06A884200D8CB
:103230002560606A401C60626864E86A21698842AF
:1032400000D9206100EB800007EB8000291D00F011
:10325000A9FE00F0D3FE606900280CD02068E96A5E
:10326000C06A884207D208494FF080500860BFF317
:103270004F8FBFF36F8FBDE8F0810000800000200A
:103280009C020020FC06002004ED00E038B500F0B0
:1032900095FE104C2068C8B90F4800F05DFE0E483E
:1032A000143000F059FE0C48E060143020610A4BE5
:1032B0000020F03B009003F1500210210A2001F0A1
:1032C0002BF9206010B105A100F01AFFBDE83840CD
:1032D00000F094BEBC00002050080020546D7251D4
:1032E0000000000030B4026C0B46002A0BD0C1680D
:1032F0001144C1608468A14201D30168C16030BC3F
:103300001846FDF72FB930BC70472DE9F041856BA9
:10331000174604460026026C82B1C7B1E068FDF78B
:1033200021F9E168206C091AE1602268914202D219
:10333000A168081AE060022F16D017E02068A8B92B
:10334000A06801F0D3FC06460020A0600EE0606893
:10335000FDF708F9216C606808446060A168884244
:1033600004D32068606001E005B16D1E6D1CA5638B
:103370003046BDE8F08110B5044690F8590058B1C8
:1033800001280CD002280FD0502080F31188BFF301
:103390004F8FBFF36F8FFEE7206B00F043FE204698
:1033A000BDE8104000F03EBE10BD000010484FF4D4
:1033B0004061420706D0C01D0D4920F00700411AA8
:1033C000C1F540610B4A00230144C2E900030839FA
:1033D000183A21F0070111604B600B600B1AC0E92D
:1033E000001393604FF0004053605061704700003D
:1033F000300F0020EC000020144E154CA6F29C4724
:103400004FF08058DFF84C9012E000BF00F0D6FD7E
:10341000F068C568281D00F075FDA068401EA0601A
:103420006068401E606000F0E9FD2846FFF7A3FFDA
:1034300060680028EAD138680128F9D9C9F8008005
:10344000BFF34F8FBFF36F8FF2E700003807002004
:103450008000002004ED00E070B51D46049C51B1D1
:10346000C4F80020C4E90F010121204601F088F8CA
:1034700084F84C5070BD2460F4E700002DE9F05F43
:103480008846DDE90B941546834691009A460A9ECC
:10349000A522206BFDF7DDF86FF00301206B01EB37
:1034A0008501084420F00707780707D0502080F3F3
:1034B0001188BFF34F8FBFF36F8FFEE70025B8F180
:1034C000000F0FD05FF00000221818F8001082F8EB
:1034D000341018F8001011B1401C1028F4D384F8EF
:1034E000435001E084F83450382E00D33726E6628A
:1034F000C4E91365201D00F03AFD04F1180000F046
:1035000036FD2461C6F138006462A061656584F807
:10351000585052465946384600F066FA2060B9F1D4
:10352000000F01D0C9F80040BDE8F09F30B5114947
:1035300000E011460A688242FBD34B685C18844263
:1035400003D1406818444860084643681C189442F8
:1035500009D1084C183C2468A24209D052681A4488
:1035600042600A6812680260814200D0086030BD83
:103570000460F9E7EC00002070B5002441600B4DB9
:103580000061914206D8D11A8269914206D2011D8A
:10359000286907E09A4203D2994201D3012403E04B
:1035A000011DE86800F0E6FC204670BDBC0000206C
:1035B00010B5044600F002FDA06B28B15FF00004D6
:1035C00000F01CFD204610BD0124F9E730B589B09C
:1035D0003C4D6EE00498002806DADDE90601059A04
:1035E00090470498002864DB069C606910B1201D98
:1035F00000F088FC03A800F0D7F8024604980A28D7
:1036000057D2DFE800F00505052D334A05052D33B7
:1036100094F8280040F0010084F828000599A0697A
:10362000059B01442046FFF7A7FF68B3216A2046A7
:10363000884794F8280040073BD500200090059863
:10364000A169002342181946204601F095FCD8B91B
:10365000502080F31188BFF34F8FBFF36F8FFEE7C9
:1036600014F8280F20F00100207022E094F82800C0
:1036700040F0010084F828000598A06128B1811865
:1036800013462046FFF778FF13E0502080F311889F
:10369000BFF34F8FBFF36F8FFEE794F828008107C9
:1036A00003D4204600F0BEFC03E020F0010084F8C3
:1036B0002800002204A9286801F0B6F8002889D162
:1036C00009B030BDBC0000202DE9FC410F46054685
:1036D00000F040FE01A800F067F80446019818B118
:1036E00001F0B8FBBDE8FC81254EAFB13069006840
:1036F000D0B30027291B3A46306800F015FD01F0D1
:10370000A9FB0028EED11F494FF080500860BFF39D
:103710004F8FBFF36F8FE5E7A542EBD801F09AFB1F
:10372000F0682746C068C468201D00F0EBFB94F8E1
:103730002800410719D5A0692B4641193A46204671
:10374000FFF71AFFA8B100200346014600902A4661
:10375000204601F011FC60B9502080F31188BFF3BE
:103760004F8FBFF36F8FFEE707E020F0010084F872
:103770002800216A20468847B4E70127BAE70000FD
:10378000BC00002004ED00E00648416B096829B147
:10379000416BC968C9684968816270474FF0FF3161
:1037A000FAE700008000002070B5054601F034FA09
:1037B000064E0446B068844203D200F009F80120A6
:1037C00000E0002028602046B46070BDBC000020EE
:1037D000F8B5194D20E0C068C4680668201D00F0E7
:1037E00091FB216A2046884794F82800400713D5AA
:1037F000A0693044B04206D924616060211DE868A8
:1038000000F0B8FB08E00020034601460090324675
:10381000204601F0B1FB38B1E86801680029DAD12F
:103820002969C5E90310F8BD502080F31188BFF362
:103830004F8FBFF36F8FFEE7BC0000200848406841
:10384000401C4FF0500080F3118804D0BFF34F8F1D
:10385000BFF36F8FFEE7BFF34F8FBFF36F8FFEE7AE
:10386000F4000020074CE068016841B1C068002105
:10387000D0F80000FFF728FFFFF7A8FEF3E70121CB
:103880000020F7E7BC0000202DE9F041044600F0DD
:1038900095FB94F9455004F1240609E0606A48B1AB
:1038A000304601F09FFA08B100F08EFC6D1E6DB23B
:1038B000002DF3DC4FF0FF3684F8456000F09EFBEE
:1038C00000F07CFB94F9445004F1100709E02069F2
:1038D00048B1384601F086FA08B100F075FC6D1E5B
:1038E0006DB2002DF3DC84F84460BDE8F04100F0D7
:1038F00085BB00002DE9F0410546002700F02AFDB8
:10390000324E306808B9FFF751FD706905424ED15B
:10391000C5B3083568070ED005F00700C0F10800F0
:103920000544680707D0502080F31188BFF34F8FFC
:10393000BFF36F8FFEE72DB37068854237D82348F9
:10394000183001460C6801E020460C466168A94227
:1039500002D221680029F7D131688C4227D007684C
:103960002168016060680837411B10290FD9601970
:10397000420708D0502080F31188BFF34F8FBFF368
:103980006F8FFEE713E041606560FFF7CFFD616870
:103990007068401A7060B268904200D2B06070697E
:1039A00001430020C4E90001F068401CF06001F010
:1039B00051FA780707D0502080F31188BFF34F8F5A
:1039C000BFF36F8FFEE73846BDE8F081D4000020DA
:1039D0000449086818B10868026D521C026508683D
:1039E000704700008000002010B5031F4FF0807466
:1039F0001C601B1F21F001011960191F024B0B6095
:103A0000143940380A6010BD3D38000803490020D1
:103A100008701E210248FCF724BE00007D00002033
:103A20003D0200202DE9FE43FDF776F8EC4CED4D0C
:103A30000026208860F30F02A07860F31742E07838
:103A400060F31F62207960F30703607960F30F234E
:103A5000A07960F31743E07905EBC60760F31F63B5
:103A600038687968FEF74EFE042801DD002101E088
:103A7000C0F10401FA780092CDE90101BB78324629
:103A8000D9A1E448FCF7F0FBE248FCF701FD82B263
:103A90003223E049E048FEF7E5F8761C042EC8DB47
:103AA00002274FF08009CDE9009700214FF494736D
:103AB000DA4A0846FCF7D4FE2023D94A0021BA206E
:103AC0000097FCF779FF1023D64A2021C8200097E1
:103AD000FCF772FF20264FF00108CDE9006833465D
:103AE000D14A3021D220FCF7BBFE208860F30F02C0
:103AF000A07860F31742E07860F31F62207960F3EA
:103B00000703607960F30F23A07960F31743E0792E
:103B1000C64960F31F6308684968FEF7F3FD024673
:103B2000C3A1C448FCF7A0FB1023C24A3821F220ED
:103B30000097FCF741FF2023BF4A5021D220CDE956
:103B40000067FCF78DFE208860F30F02A07860F319
:103B50001742E07860F31F62207960F30703607911
:103B600060F30F23A07960F31743E079B34960F362
:103B70001F6308684968FEF7C5FD0246ACA1AD4861
:103B8000FCF772FB1023AB4A5821F2200097FCF798
:103B900013FFAB48CDE9009802686E230021552041
:103BA000FCF75EFE208860F30F02A07860F31742F6
:103BB000E07860F31F62207960F30703607960F3B7
:103BC0000F23A07960F31743E079696860F31F63FE
:103BD0002868FEF797FD042801DD00221CE02088FC
:103BE000424660F30F02A07860F31742E07860F37A
:103BF0001F6220793B4660F30703607960F30F236F
:103C0000A07960F31743E079696860F31F6328685F
:103C1000FEF778FDC0F1040200210846FCF7BAFE69
:103C2000208860F30F02A07860F31742E07860F319
:103C30001F62207960F30703607960F30F23A07996
:103C400060F31743E079E96860F31F63A868FEF743
:103C500059FD042801DD00221CE02088424660F363
:103C60000F02A07860F31742E07860F31F622079BA
:103C70003B4660F30703607960F30F23A07960F39C
:103C80001743E079E96860F31F63A868FEF73AFD1F
:103C9000C0F1040220210020FCF77CFE208860F3A4
:103CA0000F02A07860F31742E07860F31F6220797A
:103CB00060F30703607960F30F23A07960F3174383
:103CC000E079696960F31F632869FEF71BFD04282A
:103CD00001DD00221CE02088424660F30F02A0783C
:103CE00060F31742E07860F31F6220793B4660F38F
:103CF0000703607960F30F23A07960F31743E0793D
:103D0000696960F31F632869FEF7FCFCC0F10402D7
:103D100040210020FCF73EFE208860F30F02A078CF
:103D200060F31742E07860F31F62207960F30703C5
:103D3000607960F30F23A07960F31743E079E969B4
:103D400060F31F63A869FEF7DDFC042801DD002293
:103D50001CE02088424660F30F02A07860F317420F
:103D6000E07860F31F6220793B4660F307036079D7
:103D700060F30F23A07960F31743E079E96960F3FA
:103D80001F63A869FEF7BEFCC0F104026021002099
:103D9000FCF700FE20232B4A00213C20CDE90067E0
:103DA000FCF75EFDCDE9006820234446264A19460B
:103DB0003C20FCF755FDCDE900642023234A402137
:103DC0003C20FCF74DFDCDE900642023204A602112
:103DD0003C20FCF745FDBDE8FE43FCF769BE000052
:103DE0004A000020D80100204442473A2065766509
:103DF0006E74256420253032642D25303264202DE8
:103E00003E20646966663D256420677269643D25CD
:103E1000640D0A001F02002000010020B18D00087F
:103E20003C000020F801002011740008340000203C
:103E30002564000001020020917300085A00002050
:103E40007800002011760008917500089174000830
:103E50001175000830B5294801886423B1FBF3F2DD
:103E600003FB12120A21B2FBF1F4254A303414701C
:103E70000488B4FBF3F503FB1543B3FBF1F401FB3A
:103E80001433303353702D2393708478B4FBF1F4E2
:103E90003034D4708478B4FBF1F501FB1544303430
:103EA00014715371C378B3FBF1F330339371C3785A
:103EB000B3FBF1F401FB14333033D37100241472DB
:103EC0000279B2FBF1F3A0F10E02303313700379E3
:103ED000B3FBF1F501FB1533303353703A23937084
:103EE0004379B3FBF1F33033D3704079B0FBF1F396
:103EF00001FB130030301071547130BD4A000020B6
:103F0000F8010020D0E9013201699A60D0E901236B
:103F10005A604A68824201D182684A600022026186
:103F20000868401E0860086870470000034B036083
:103F300003F15C0008608020106070477808002062
:103F4000044B036003F15C0008604FF48070106064
:103F500070470000D40A002000F108014FF0FF3242
:103F6000C0E90112C16001610021016070470021B8
:103F70000161704730B50B685A1C02D000F108028D
:103F800002E0026904E02246546825689D42FAD99D
:103F900053684B6099608A60516008610168491CF0
:103FA000016030BD42684A6093688B6093685960D5
:103FB000916008610168491C01607047502080F3DE
:103FC0001188BFF34F8FBFF36F8F0A494868401CB9
:103FD000486001280CD10848006810F0FF0F07D096
:103FE000502080F31188BFF34F8FBFF36F8FFEE730
:103FF00070470000F400002004ED00E00849486824
:1040000028B1401E486001D180F3118870475020CC
:1040100080F31188BFF34F8FBFF36F8FFEE700006F
:10402000F400002070B500282AD0164DA0F1080435
:1040300060686969084207D1502080F31188BFF396
:104040004F8FBFF36F8FFEE722683AB1502080F3A5
:104050001188BFF34F8FBFF36F8FFEE78843606017
:1040600000F078F960686968084468602046FFF7E6
:104070005DFA2869401C2861BDE8704000F0EABE86
:1040800070BD0000D40000204FF0E020002101614D
:10409000816105494FF47A720968B1FBF2F1491E5A
:1040A00041610721016170473000002010B5FCF725
:1040B000B7F8114910280ED300F1E02090F8F00372
:1040C0000A78904207D2502080F31188BFF34F8FB7
:1040D000BFF36F8FFEE709480068896800F4E0606D
:1040E000884207D9502080F31188BFF34F8FBFF368
:1040F0006F8FFEE710BD0000F40000200CED00E023
:1041000010B5084B002200BF53F832401CB1521CBE
:10411000082AF9D310BD43F8321003EBC2014860FE
:1041200010BD00005C02002070B515460E46044626
:10413000FFF744FF94F944100020491C01D184F892
:10414000440094F94510491C01D184F84500FFF75B
:1041500055FFA06B28B92A46314604F1240000F02F
:1041600051F82046BDE87040FFF78EBB10B5020045
:1041700014D00F48006B38B1502080F31188BFF382
:104180004F8FBFF36F8FFEE700F0E4F80021104679
:10419000FEF7E6FF00F05EFE002807D105494FF06C
:1041A00080500860BFF34F8FBFF36F8F10BD0000CA
:1041B0008000002004ED00E002490A6A0260C9683C
:1041C000416070478000002001490120C8617047AC
:1041D0008000002010B50C4650B10949096818311B
:1041E000FFF7C8FE2046BDE810400121FEF7B8BF2A
:1041F000502080F31188BFF34F8FBFF36F8FFEE71E
:104200008000002070B514460D4668B10A4909685F
:104210001831FFF7C7FE0CB14FF0FF352146284695
:10422000BDE87040FEF79CBF502080F31188BFF3BB
:104230004F8FBFF36F8FFEE78000002070B5040042
:104240003ED0226DA2B1E06C884200D30146E06A04
:10425000884235D0012A33D11A4D2A6894420FD1B1
:10426000502080F31188BFF34F8FBFF36F8FFEE7AD
:10427000502080F31188BFF34F8FBFF36F8FFEE79D
:10428000E162A269002A02DBC1F13801A1610E4E90
:1042900000EB8000616906EB8000814210D1201D97
:1042A000FFF730FEE06A2969884200D9286100EBF7
:1042B000800006EB8000211DBDE87040FFF772BE54
:1042C00070BD0000800000209C02002030B587B047
:1042D0000024039405AA04A903A80494FFF726FE6A
:1042E000DDE903010094CDE90110002315A1174871
:1042F000059A00F058FC164D0028E8621FD000F027
:104300000BFE012809D0401C19D1502080F31188E0
:10431000BFF34F8FBFF36F8FFEE7502080F31188FC
:10432000BFF34F8FBFF36F8F4FF0FF30A8620120B4
:104330006861EC6007B0BDE8304000F045B807B0F8
:1043400030BD000049444C4500000000F93300082E
:10435000800000200248016B491C01637047000087
:1043600080000020164810B5016B11B10121C16118
:1043700010BD0021C1610169124A01E0B9B1491EB5
:1043800001EB810352F82330002BF7D001EB8103BE
:1043900002EB830202F1080453685B685360A34296
:1043A00001D15B685360DA680260016110BD502082
:1043B00080F31188BFF34F8FBFF36F8FFEE70000CC
:1043C000800000209C0200201CB52649087801903E
:1043D000FF20087008788DF800009DF800009DF817
:1043E000002000F0F000904207D0502080F31188A8
:1043F000BFF34F8FBFF36F8FFEE79DF800001A4C9D
:1044000000F0500020700720A06005E09DF800201B
:1044100052008DF80020401E9DF800201206F5D4B1
:10442000A060032807D0502080F31188BFF34F8F7E
:10443000BFF36F8FFEE74FF44070A06001980870E3
:104440000A48016841F470010160016841F070415F
:104450000160FFF719FE00206060FBF7ABFE002053
:104460001CBD000000E400E0F400002020ED00E0AE
:1044700010B5502080F31188BFF34F8FBFF36F8FBB
:1044800000F0D0FB18B104494FF0805008600020C4
:1044900080F3118810BD000004ED00E010B50C465B
:1044A00048B184420FD9502080F31188BFF34F8F59
:1044B000BFF36F8FFEE7502080F31188BFF34F8F5B
:1044C000BFF36F8FFEE70222002100F004F80028FE
:1044D00000D0846310BDF8B517460E46050013D012
:1044E00005FB06F05030FFF705FA04000AD0002063
:1044F00084F8460004F150023B46314628460094B9
:10450000FEF7AAFF2046F8BD502080F31188BFF3C4
:104510004F8FBFF36F8FFEE738B5049D18B153B1CD
:10452000CAB181B120E0502080F31188BFF34F8FD2
:10453000BFF36F8FFEE7502080F31188BFF34F8FDA
:10454000BFF36F8FFEE7502080F31188BFF34F8FCA
:10455000BFF36F8FFEE739B1502080F31188BFF3AE
:104560004F8FBFF36F8FFEE750241C46012384F862
:1045700046302B460094FEF76FFF204638BD000002
:1045800070B50D46040025D0FFF718FDD4E90F20C3
:10459000216802FB0011A1600021A1632168616014
:1045A0000A46D4E90F01401E00FB0121E1602146CB
:1045B0004FF0FF3001F8440F487004F110008DB146
:1045C000FFF7CAFC04F12400FFF7C6FCFFF716FD55
:1045D000012070BD502080F31188BFF34F8FBFF3CF
:1045E0006F8FFEE721690029F0D000F0FBFB002867
:1045F000ECD004494FF080500860BFF34F8FBFF3F9
:104600006F8FE3E704ED00E02DE9FF4782B01D4620
:104610008A464FF00008040003D0BAF1000F08D01A
:1046200011E0502080F31188BFF34F8FBFF36F8FDD
:10463000FEE7206C38B1502080F31188BFF34F8F14
:10464000BFF36F8FFEE7022D0AD1E06B012807D080
:10465000502080F31188BFF34F8FBFF36F8FFEE7B9
:1046600000F0CCFA3F4F4FF000094FF0805648B9A8
:10467000049838B1502080F31188BFF34F8FBFF3F7
:104680006F8FFEE7FFF79AFCA06BE16B884207D3C0
:10469000022D05D00498D0B1B8F1000F1AD01EE059
:1046A0002A4651462046FEF730FE616A19B104F1F0
:1046B000240000F097FB20B13E60BFF34F8FBFF3A3
:1046C0006F8FFFF79BFC012006B0BDE8F087FFF776
:1046D00095FC22E06846FFF76FFD4FF00108FFF7F9
:1046E0008DFCFFF737FEFFF769FC94F94400401C8E
:1046F00001D184F8449094F94500401C01D184F81C
:104700004590FFF77BFC04A9684600F0E5F930B15D
:104710002046FFF7B9F800F09DFB0020D4E7FFF733
:104720004DFCA06BE16B884213D1FFF767FC04F1ED
:1047300010000499FFF74EFD2046FFF7A5F800F0A2
:1047400089FB00289ED13E60BFF34F8FBFF36F8F70
:1047500098E7FFF753FC2046FFF796F800F07AFB46
:1047600090E7000004ED00E02DE9F0471F46904679
:104770008946040003D0B9F1000F08D011E05020A1
:1047800080F31188BFF34F8FBFF36F8FFEE7206C6C
:1047900038B1502080F31188BFF34F8FBFF36F8F74
:1047A000FEE7022F0AD1E06B012807D0502080F3EA
:1047B0001188BFF34F8FBFF36F8FFEE7FFF776FCD3
:1047C0005020EFF3118680F31188BFF34F8FBFF3B2
:1047D0006F8FA06BE16B884206D3022F04D00020BC
:1047E00086F31188BDE8F08794F94550A06B3A46EE
:1047F00049462046FEF789FD681C04D06D1C84F8EC
:1048000045500120ECE7606A0028FAD004F124004A
:1048100000F0E8FA0028F4D0B8F1000FF1D001213F
:10482000C8F80010EDE700002DE9F747002683B037
:104830008A46040003D0BAF1000F08D011E05020DE
:1048400080F31188BFF34F8FBFF36F8FFEE7206CAB
:1048500038B1502080F31188BFF34F8FBFF36F8FB3
:10486000FEE700F0CBF9DFF8F4804FF000094FF0DD
:10487000805748B9059838B1502080F31188BFF3AC
:104880004F8FBFF36F8FFEE7FFF798FBA56BC5B1A6
:1048900051462046FEF726FD6D1EA563206950B1E6
:1048A00004F1100000F09EFA28B1C8F80070BFF3C0
:1048B0004F8FBFF36F8FFFF7A1FB012006B0BDE85C
:1048C000F087059808B11EB106E0FFF797FB27E0D7
:1048D0006846FFF771FC0126FFF790FBFFF73AFDF2
:1048E000FFF76CFB94F94400401C01D184F844901C
:1048F00094F94500401C01D184F84590FFF77EFBF8
:1049000005A9684600F0E8F8002820460AD0FEF71E
:10491000BBFF00F09FFA2046FEF74AFE0028B3D006
:104920000020CBE7FEF744FE90B104F12400059986
:10493000FFF750FC2046FEF7A7FF00F08BFA002897
:10494000A2D1C8F80070BFF34F8FBFF36F8F9BE702
:104950002046FEF799FF00F07DFA95E704ED00E0B0
:104960002DE9F343002683B00400354609D0206CBE
:1049700078B1502080F31188BFF34F8FBFF36F8F52
:10498000FEE7502080F31188BFF34F8FBFF36F8F86
:10499000FEE700F033F9DFF83C814FF000094FF0FB
:1049A000805748B9049838B1502080F31188BFF37C
:1049B0004F8FBFF36F8FFEE7FFF700FBA06BC8B10F
:1049C000401EA063206810B9FFF702F8A0602069BC
:1049D00050B104F1100000F005FA28B1C8F80070D9
:1049E000BFF34F8FBFF36F8FFFF708FB012005B0B8
:1049F000BDE8F083049808B166B10FE03DB15020E6
:104A000080F31188BFF34F8FBFF36F8FFEE7FFF77F
:104A1000F5FA5DE06846FFF7CFFB0126FFF7EEFAF7
:104A2000FFF798FCFFF7CAFA94F94400401C01D143
:104A300084F8449094F94500401C01D184F84590D5
:104A4000FFF7DCFA04A9684600F046F80028204683
:104A500012D0FEF719FF00F0FDF92046FEF7A8FD81
:104A60000028A9D09DB3FFF7A9FA606A50B3206B64
:104A70000068C0F1380126E0FEF79AFDE0B1206839
:104A800038B9FFF79BFAA06800F070F90546FFF708
:104A9000B5FA04F124000499FFF79CFB2046FEF7C9
:104AA000F3FE00F0D7F9002886D1C8F80070BFF3F4
:104AB0004F8FBFF36F8F7FE72046FEF7E5FE00F0D4
:104AC000C9F979E70021A068FFF7B8FB9FE7FFE786
:104AD00000208CE704ED00E02DE9F0410C460500D4
:104AE00011D0C4B1FFF76AFA174BDA686E68206814
:104AF000911B471C17D02F681B6A9F4219D0964202
:104B000017D8012410E0502080F31188BFF34F8F95
:104B1000BFF36F8FFEE7502080F31188BFF34F8FF4
:104B2000BFF36F8FFEE70024FFF768FA2046BDE869
:104B3000F081884205D9401A20602846FFF73CFBE7
:104B4000F1E700202060DCE7800000202DE9FF5F16
:104B50008346DDE90E87994616468A469000FEF7A1
:104B6000C9FE05001CD05C20FEF7C4FE040014D072
:104B70000020256384F85900CDE90240CDE9008783
:104B80004B46324651465846FEF778FC2046FEF723
:104B900015FB012004B0BDE8F09F2846FFF742FA5C
:104BA0004FF0FF30F6E7F0B585B0DDE90B640A9D04
:104BB000A6B1DCB15C2700972663022684F8596011
:104BC000002604AFCDE90246CDE90057FEF756FCBA
:104BD0002046FEF7F3FA049805B0F0BD502080F3AC
:104BE0001188BFF34F8FBFF36F8FFEE7502080F324
:104BF0001188BFF34F8FBFF36F8FFEE70548416900
:104C000019B1006B18B100207047012070470220D5
:104C100070470000800000200148C0687047000015
:104C2000800000202DE9F0412E4C0027206B28B198
:104C3000A069401CA0613846BDE8F081E668761C9A
:104C4000E66013D1606B006838B1502080F31188A2
:104C5000BFF34F8FBFF36F8FFEE7606BA16B616394
:104C6000A063206A401C2062FEF78EFDA06ADFF878
:104C70007880864209D3606B0068A0B1606BC06821
:104C8000C5686868864211D2A0622068C06A00EBDD
:104C9000800158F82100012800D90127E069002887
:104CA000C9D00127C7E74FF0FF30EDE7281DFFF718
:104CB00029F9A86A18B105F11800FFF723F9E86A85
:104CC0002169884200D9206100EB800108EB810056
:104CD000291DFFF767F9E86A2168C96A8842CAD3C3
:104CE0000127C8E7800000209C02002070B5040066
:104CF0004FF0000133D01B4D2868844207D050206C
:104D000080F31188BFF34F8FBFF36F8FFEE7206DE5
:104D100038B1401E2065E36CE26A9A421FD040B170
:104D20001DE0502080F31188BFF34F8FBFF36F8FCA
:104D3000FEE7201DFFF7E6F8E06CE062C0F1380006
:104D4000A061E06A2969884200D92861064900EB20
:104D5000800001EB8000211DFFF724F901210846A6
:104D600070BD0000800000209C02002070B504008F
:104D70004FF000002BD0194DE16A2A68D26A9142A7
:104D800026D2A069002804DB2868C06AC0F1380078
:104D9000A061134E01EB8101606906EB810188423D
:104DA00011D1201DFFF7AEF82868C06AE0622969BA
:104DB000884200D9286100EB800006EB8000211DAD
:104DC000FFF7F0F802E02868C06AE062012070BDD9
:104DD000E16C2A68D26A9142F8D370BD800000204D
:104DE0009C02002070B5C068C46854B104F118007A
:104DF0000646FFF787F8144D286B50B1314613482B
:104E000015E0502080F31188BFF34F8FBFF36F8FF1
:104E1000FEE7201DFFF776F8E06A2969884200D98D
:104E200028610B4900EB800001EB8000211DFFF79A
:104E3000B9F8E06A2968C96A884202D90120E861A4
:104E400070BD002070BD00008000002024070020FD
:104E50009C0200202DE9F0472C4D00242746286BAA
:104E600038B1FFF7ABF8286B401E2863286B40B1C0
:104E700046E0502080F31188BFF34F8FBFF36F8F50
:104E8000FEE7A968224E0120D1B3A6F591698046BC
:104E90003068E0B1F068C46804F11800FFF732F838
:104EA000201DFFF72FF8E06A2969884200D92861A0
:104EB00000EB800109EB8100211DFFF773F8E06A28
:104EC0002968C96A8842E3D3C5F81C80E0E70CB1C1
:104ED000FEF75AFCAC694CB14FEA0806FFF7A2FE98
:104EE00000B1EE61641EF9D10020A861E86938B113
:104EF0000849012738070860BFF34F8FBFF36F8F52
:104F0000FFF77CF83846BDE8F087000080000020FD
:104F10002407002004ED00E010B586B0FEF7B6F9D6
:104F2000114C2068B8B100200390049005AA04A990
:104F300003A8FFF705F8DDE9032102208DE807004B
:104F400000230AA10B48059AFFF72DFE606010B1FF
:104F500006B0012010BD502080F31188BFF34F8FA1
:104F6000BFF36F8FFEE70000BC000020546D72207D
:104F700053766300653800082DE9FF411E4613464D
:104F800002000A9D4FF0000016D0144C2768002F35
:104F90000FD0CDE900130292062917DAFFF72EFE93
:104FA00002284FF000030FD0002269462068FFF767
:104FB0002BFB04B0BDE8F081502080F31188BFF3D3
:104FC0004F8FBFF36F8FFEE72A46EEE7002332468E
:104FD00069463846FFF7C8FBEBE70000BC0000203D
:104FE000010202030405060708090A0B0C0D0E0F47
:104FF000101000000000000000000102030406077A
:1050000008090000000001020304000054A0000889
:1050100044A0000860A0000864A0000870A0000878
:1050200058A0000850A000084CA000085CA0000890
:1050300068A000086CA0000848A00008000E3FE827
:105040003FE8000E000C3C00013C00013C00013C2C
:10505000000D00060240027807F83FC03A7807F8D2
:105060003FC03A400240000800081C303E387FFC38
:105070007FFC218838F81870000A00021E00013FEA
:10508000000121183F381E6001C003800600011C8A
:10509000F039F8210801F80001F000040005700063
:1050A00001F81D983F08238827F83C701EF803C8B4
:1050B000030802180001100004000E3C00013C002F
:1050C0000F000A03F00FFC1C0C30000120000D0043
:1050D0000A2000013000011C0C0FFC03F0000C0042
:1050E000081200011200011E00013F00013F0001F3
:1050F0001E0001120001120009000601000101005A
:10510000010100010100011FF01FF0010001010079
:1051100001010001010007000D0800010C00010C55
:10512000000E000B40000140000140000140000162
:1051300040000C000F08000108000E000B1801F8D9
:105140000FE03E000130000D00080FE01FF03018A6
:10515000200830181FF00FE0000A000A10000110AC
:10516000083FF83FF8000108000C0008181838380C
:10517000206820C831881F180E18000A000810087F
:1051800030082108230827183DF018E0000A00091C
:10519000C001C003400E401C403FF83FF8000140F2
:1051A0000008000804081C083C082408261823F0FE
:1051B00021E0000A000803E00FF01F18320823184E
:1051C00021F020E0000A000810000130000120005A
:1051D00001201820F827E03F000138000900081CD2
:1051E000703EF82388210823883EF81C70000A00CE
:1051F000080E083F083198209031F01FE00F800022
:105200000A000E02080208000E000C0208020C0040
:10521000010C000E00080100010380028006C0049A
:105220004004400C600820000800060240024002D2
:105230004002400240024002400240024002400060
:1052400006000808200C600440044006C0028003E9
:1052500080010009000A18000138000120E823E855
:105260003F00011C000B01F807FC0E06187B11F92A
:1052700033892619247927F927C9361918330FF6E7
:1052800007CC0001080002000508000108000138F1
:1052900001F80FC83E403E400FC801F80001380039
:1052A000010800010800040006200820083FF83F1C
:1052B000F82108210833081F980CF000016000064F
:1052C000000607C00FE0183030182008200820081A
:1052D00030183C303C2000060004200820083FF82D
:1052E0003FF8200820082008301818300FE007C0C9
:1052F00000060006200820083FF83FF82108210892
:10530000238833983038000120000600062008204A
:10531000083FF83FF8210821082380338030000936
:10532000000407C00FE018303018200820082108BA
:10533000310839F839F00100070004200820083F3F
:10534000F83FF821082108210821083FF83FF820FC
:105350000820080004000A200820083FF83FF82031
:10536000082008000A000918201820083FF83FF01C
:1053700020000120000B0004200820083FF83FF81F
:105380002108238826C02C683838301820080001EE
:105390000800040006200820083FF83FF8200820F5
:1053A0000800010800011800013800012000062053
:1053B0000820083FF83FF81E0807C801E000013840
:1053C0000001F807C81F083FF83FF8200820080030
:1053D000020002200820083FF83FF80C08060803E6
:1053E0008021C020603FF83FF82000012000050028
:1053F0000407C00FE01830301820082008200830BB
:105400001818300FE007C000060006200820083FEB
:10541000F83FF82088208831801F00010E00090025
:105420000407C00FE0183030182008200C200C3082
:105430001818300FE007C000060004200820083FBD
:10544000F83FF82108218833E01E700C180001088D
:10545000000108000600080C381E38321823082105
:1054600008319838F038600008000638000138002C
:1054700001200820083FF83FF820082008380001E4
:1054800038000700042000012000013FE03FF02029
:10549000182008200820183FF03FE02000012000DD
:1054A0000500042000012000013C00013F8023F0A2
:1054B00000017800017823F03F803C0001200001CA
:1054C0002000052000012000013800013F000127D5
:1054D000E020F820F83DE03F8023E000017823F849
:1054E0003FE03C00012000012000010004200820D2
:1054F00008301838382EE827C007C02EE838383072
:1055000018200820080004000420000120000138B1
:10551000083E0827F803F82E083C08300001200058
:10552000012000070007083838387820C82388276A
:10553000083C08381820380001200006000C3FFC09
:105540003FFC20000120000D000A3000013F000157
:105550000FE00001F8000118000C000C20000120F1
:1055600000013FFC3FFC000C0006010001070001A8
:105570001E00013800012000013800011E00010753
:1055800000010100090020000C2000013800011872
:10559000000F000801380378024802D803F801F828
:1055A000000108000A00081000013FF03FF803085E
:1055B0000208031801F00001E00008000A01F003EE
:1055C000F80208020803180110000A0009E001F0BF
:1055D0000318020813183FF83FF8000110000800F4
:1055E0000A01F003F80288028803980190000A007B
:1055F0000802081FF83FF8220822083000011000B6
:105600000B00090601DF03F90229022903E903CF90
:1056100002060008000810083FF83FF803080208D7
:1056200003F801F80001080008000C010823F82322
:10563000F8000108000C000E01000123FC23FC000F
:105640000C000610083FF83FF80001C803F00338CB
:10565000020802080001080008000C10083FF83F8B
:10566000F8000108000C0004010803F803F803081F
:10567000020803F801F80308020803F801F8000122
:105680000800040008010803F803F80308020803EF
:10569000F801F800010800080009E001F003180211
:1056A00008031801F00001E0000A000801000103EE
:1056B000FF03FF03180208031801F00001E00008CF
:1056C0000009F001F803080208031803FF03FF00B4
:1056D0000A000A010803F803F803080200010200A7
:1056E0000B000A019803D8024803780330000C002D
:1056F0000A0200010FF80FF802180210000C00084F
:1057000002000103F003F8000108021803F803F88F
:1057100000011000080008020001038003F0027875
:10572000027803F0038002000900040200010380F4
:1057300003F00278027803E003F00278027803E0D5
:10574000038002000500080208031803B802E802FB
:10575000E803B803180208000800080200010382E9
:1057600003E3027F027E03F00380020009000908C0
:105770000318037802E8038803180218000A000BD4
:10578000800FFC1F7C30000120000D000E3FFC3F0D
:10579000FC000E000A2000013000011F7C0FFC00FD
:1057A0000180000C0007400001C000018000018062
:1057B0000001C00001400001400001400001C000A4
:1057C00001800006001D06000200380FF803800F5C
:1057D000FFE3800FFFE38007F803800038002C0F01
:1057E000C000020FF800020FF800020FC0000A0FFD
:1057F000C000020FF800020FF800020FC0002E00D8
:1058000025104000021043800001107F8000011F1E
:10581000FC000103FFC000011FF04000011C10400C
:1058200000021043800001107F8000011FFC000176
:1058300003FFC000011FF04000011C1040000210D7
:10584000400025002401E01F000103F01F000107B4
:10585000F8078007FC01800C3C0180081E000180D5
:105860003FFFFFE03FFFFFE0080781800C03C3809C
:105870000F03FF000107C1FF000107C0FE00037C0A
:105880000025000801F0000203FC000207FC0002F2
:105890000FFE00020C06000208020001800C060147
:1058A000800FFE07000107FC0E000107FC18000135
:1058B00001F0700003E00002018000020700030E07
:1058C0000003180003707C0002E1FE00010181FF6B
:1058D00000010303FF800E0301800C020001800021
:1058E00001030180000103FF80000101FF000201AC
:1058F000FF00037C000D00121E00037F0003FF0069
:105900000201FF80000101878001F3038007FE018F
:105910008007FF81800FFFC1800C0FF30001081B7F
:10592000FB00010818FE00010C307E00010FF01F83
:10593000000107E03F000103C8678000010FC3803A
:1059400000010F818000010F018000010C01800027
:10595000010801800001080300030700030400118F
:1059600000380FC000020FF800020FF800020FC04D
:10597000003A002D03F800021FFF00027FFFC00065
:1059800001FFFFE001F003F003800001780700024F
:1059900018060002080C000308002F002C08000362
:1059A0000C000306000208070002180380000138FB
:1059B00001F801F00001FFFFE000017FFFC00001DE
:1059C0001FFF000203F8002D0028030C0002039CB7
:1059D0000002039C000201B800020CF300021FFF4A
:1059E0008000011FFF8000010CF3000201980002FB
:1059F000039C0002039C0002030C002A001D02000D
:105A0000030200030200030200030200030200037A
:105A100002000302000203FFFE000103FFFE00027A
:105A2000020003020003020003020003020003025B
:105A3000000302000302001E003601800002038002
:105A40000002038800020398000203F0000201E054
:105A50000034002EE00003E00003E00003E0000358
:105A6000E00003E00003E00003E00003E000310099
:105A70003A038000020380000203800002038000DA
:105A800038002F800002078000023F000201F8006A
:105A90000207C000023E000201F800020FC000022F
:105AA0001E000310002F00253FE00002FFF8000158
:105AB00003FFFE000107FFFF000107800F800C00BD
:105AC00001018008000280080002800C00010180B2
:105AD0000F800F000107FFFF000103FFFE0002FF20
:105AE000F800023FE00025002C02000280060002C0
:105AF000800600028007FFFF800FFFFF800FFFFF7F
:105B0000800FFFFF80000380000380000380002CD3
:105B10000021C000018003C001800700010380064E
:105B2000000107800C00010F800C00011D800C009B
:105B30000139800C000171800E01C1800F07818046
:105B400007FF018007FE018003F8038001E0078062
:105B500000020600250024010001030001030001EA
:105B6000038006000103800E000103800C02018007
:105B70000C020001800C060001800E0F0001800F56
:105B80001F018007F7C3000107E7FE000103C3FC04
:105B90000003F800290022700003F0000203F00067
:105BA00002073000021C30000238300002E03000F2
:105BB0000103C030000107FFFF800FFFFF800FFFD0
:105BC000FF800FFFFF800002300003300003300031
:105BD0002500291003000270038001F0038007F004
:105BE00001800F7801800E7801800E3C01800E3E0E
:105BF0000300010E3F0700010E1FFE00010E0FFC07
:105C000000010803F00029002507F000021FFC0036
:105C1000027FFE0002FFFF000101F4078003CC01B8
:105C20008003880001800708000180060C01800CB9
:105C30000F03800C0FFF00010807FF00010803FCA1
:105C400000010801F800250021C0000207C0000281
:105C50000F00030E00030E00030E000101800E0072
:105C6000010F800E00017F800E03FF00010E1FF860
:105C700000010EFFC000010FFE00020FF000020F36
:105C80008000020C0027002401E03C000103F07EAC
:105C9000000107F8FF00010FFDFF800C3F83800823
:105CA0001F0180080F8080080FC0800C3FE1800F2B
:105CB000FBFF8007F1FF000107E0FE000101C03C8F
:105CC00000290021FC00018001FE00018003FF008B
:105CD000018007FF81800E0781800C01810001088F
:105CE00000018300010800018700010C00018E0003
:105CF000010E0001BC00010781FC000107FFF80054
:105D00000103FFE0000101FFC000027F002600390F
:105D10001C038000011C038000011C038000011C87
:105D20000380003800351C018000011C0380000145
:105D30001C038800011C0398000203F0000201E02C
:105D40000034001D020003070003050003050003E3
:105D50000D8000020880000218C0000210400002FE
:105D6000306000022020000220200002603000028B
:105D700040100002C01800028008000280080001E4
:105D800001800C000101000104001D001D108000B5
:105D900002108000021080000210800002108000BB
:105DA00002108000021080000210800002108000AB
:105DB000021080000210800002108000021080009B
:105DC000021080000210800002108000021080008B
:105DD00021001C01000104000101800C0002800868
:105DE000000280080002C01800024010000260306B
:105DF000000220200002202000023060000210403B
:105E0000000218C00002088000020D800002050098
:105E10000305000307000302001E002801C0000262
:105E200007E0000207E000020CE0000208000103A6
:105E30008008000173800C03F3800E0F83800FFE37
:105E4000000207FC000207F8000201E0002A000936
:105E500001FE00020FFFC000013E01E00001F00062
:105E6000013801C0000118038000010C0300013E4D
:105E700004060001FF840C01FF840C07FF84080F57
:105E8000C384180F0184101C03041038020410305E
:105E9000060410201F0410203F841030FF84181FB8
:105EA000FF84181FF0840C3F80840C3C0184062082
:105EB000030C0300010E1801E07C300001FFF0E04C
:105EC00000013F81C00002010009001380000201AF
:105ED000800002038000020F8000023F8000010169
:105EE000F080000107C08000013E400002F8400041
:105EF0000107C04000010FC04000010FF840000141
:105F000007FE400002FFC08000013FF08000010F4B
:105F1000FD80000101FF8000027F8000020F8000F1
:105F2000020380000201800003800003800014004F
:105F30001808000280080002800C000101800FFF99
:105F4000FF800FFFFF800FFFFF800FFFFF80080221
:105F500000018008020001800802000180080200A0
:105F6000018008020001800C070001800C070180FD
:105F70000F0F818007FDC38007FDFF000103F9FFBC
:105F80000002F0FE00037C001900191FC000027F10
:105F9000F00002FFFC000101FFFE000103E01E0013
:105FA000010700010700010600010300010C0001C8
:105FB00001800C00010180080002800800028008B6
:105FC000000280080002800C0002800E00010180A7
:105FD00007000101000107C00300010FE0060001F6
:105FE0000FE00C00030800190010080002800800F0
:105FF00002800C000101800FFFFF800FFFFF800F68
:10600000FFFF800FFFFF8008000280080002800869
:106010000002800800028008000280080002800C54
:10602000000101800C000101800E00010300010746
:10603000000107000107800F000103E03E0001039B
:10604000FFFC000101FFF800027FF000021FC0000A
:1060500015001808000280080002800C0001018071
:106060000FFFFF800FFFFF800FFFFF800FFFFF80FC
:106070000802000180080200018008020001800877
:106080000200018008020001800807000180081F4B
:10609000C0800C1FC0800E000101800F8003800FA4
:1060A00080078000020F0003080019001C0800028E
:1060B00080080002800C000101800FFFFF800FFFAD
:1060C000FF800FFFFF800FFFFF80080201800802A2
:1060D0000001800802000180080200020807000297
:1060E000081FC00001081FC000010C00030F800042
:1060F000020F80002200110FC000027FF00002FF9B
:10610000F8000101FFFC000103E03E00010700016F
:106110000F00010600010700010400010300010C4B
:1061200000010180080001018008000280080002CF
:10613000800800028008020001800C020001800E2D
:106140000301800703FF8007C3FF00010FE3FF0087
:10615000010FE3FF00020300030200030200160028
:106160001008000280080002800C000101800FFF6F
:10617000FF800FFFFF800FFFFF800FFFFF800C02EB
:106180000180080200018008020001800001020075
:10619000030200030200030200020802000180085B
:1061A000020001800C0201800FFFFF800FFFFF80C3
:1061B0000FFFFF800FFFFF800C000101800800022D
:1061C00080080002800010002C08000280080002F5
:1061D000800C000101800FFFFF800FFFFF800FFF89
:1061E000FF800FFFFF800C00010180080002800883
:1061F000000280002C0026070003078000020780B1
:10620000080001078008000101800C0002800FFFD8
:10621000FF800FFFFF00010FFFFE00010FFFF800DE
:10622000010C000308000308002B00100800028086
:10623000080002800C000101800FFFFF800FFFFFAC
:10624000800FFFFF800FFFFF800C07018008078091
:1062500080080FC080000119E0000230F0000260E9
:10626000F0000108C0788009803C800F00011F8089
:106270000E00010F800C000107800C000107800850
:1062800000010380080001018000038000038000FA
:1062900014001808000280080002800C0001018030
:1062A0000FFFFF800FFFFF800FFFFF800FFFFF80BA
:1062B0000C000280080002800800028000038000B9
:1062C000038000038000038000020180000203803D
:1062D00000020F8000021F000318001D00040800C8
:1062E0000280080002800C000101800FFFFF800F78
:1062F000FFFF800FC001800FF000018003FC000150
:10630000800001FF00033FC000020FF0000203FC09
:106310000003FF00033F8000020F8000021F000304
:106320007C000201E00002078000021E00018000E4
:1063300001F800018003E001800FFFFF800FFFFFE5
:10634000800FFFFF800FFFFF800C0001018008001D
:106350000280080002800008001008000308000204
:10636000800C0002800C000101800FFFFF800FFFF6
:10637000FF8007C0018003E00001800001F0000100
:106380008000017800033E00031F00030F8000021D
:1063900003C0000201E00003F800010800017C00D6
:1063A000010800013E00010C00010F00010FFFFF7A
:1063B000800FFFFF800C0003080003080013001586
:1063C0001FC000027FF00002FFFC000101FFFC0083
:1063D0000103C03E000107000107000106000103A0
:1063E00000010C000101800C000101800800028006
:1063F0000800028008000280080002800C000101F1
:10640000800C000101800600010300010700010764
:10641000000103E01E000101FFFC0002FFF8000282
:106420007FF000021FC00015001C08000280080059
:1064300002800C000101800FFFFF800FFFFF800F23
:10644000FFFF800FFFFF800801018008010001802D
:106450000801000180080100020C0300020C030087
:10646000020F0F000207FE000207FE000203FC00FD
:1064700003F8001E00151FC000027FF00002FFFCA1
:10648000000101FFFE000103C03E000107000107FB
:1064900000010600010300010C000101800C000155
:1064A0000180080002C0080002E0080002F00800B5
:1064B00002F00C000101F80C000101B80600010314
:1064C00018070001070803E01E000101FFFE00029B
:1064D000FFFC00027FF000021FC00015001408003E
:1064E0000280080002800C000101800FFFFF800F76
:1064F000FFFF800FFFFF800FFFFF800C020180086D
:1065000002000180080380800803C000010C07E03E
:1065100000010C07F800010E1CFC000107FC7E00C6
:106520000107FC1F8003F80F8001F00780000203C1
:10653000800002018000038000038000140020011D
:10654000E03F8003F03F8007F80F00010FF80300E1
:10655000010E3C01800C1E0180081E000180080F06
:1065600000018008070001800C0781800603C380BA
:106570000783FF00010FE1FF00010FE0FE00037C35
:106580000025001C0F8000020F8000020E0003088F
:106590000003080002800800028008000101800F4B
:1065A000FFFF800FFFFF800FFFFF800FFFFF8008BE
:1065B0000001018008000280080002800800030E2C
:1065C00000030F8000020F80001E00100800030867
:1065D00000030C00030FFFF800010FFFFC00010F88
:1065E000FFFE00010FFFFF00010C00010780080003
:1065F0000101800800010180000380000380000386
:106600008000038000020180080001018008000171
:106610000300010C00010600010FFFFC00010FFF49
:10662000F800010C00030800030800170010080020
:10663000030800030C00030E00030F8000020FF09C
:1066400000020FFC00020CFF0002083FE0000108FE
:106650000FF8000203FE00037F8000021F8000028B
:106660003F0003F800010807C00001083F00020DC9
:10667000F800020FC000020E00030C000308000324
:1066800008001700040800030800030E00030FC0F1
:1066900000020FF000020FFE00020DFFC000010813
:1066A0003FF8000207FE00010801FF800800013FDB
:1066B000800C00017F00010E03F000010FFF80003D
:1066C000010FFC00020FFF00020DFFC00001083F98
:1066D000F800010807FF000201FF8000023F800070
:1066E00002FE00010807F00001083F8000010DF8DC
:1066F00000020FC000020E00030C000308000B0094
:1067000010080002800800028008000101800C00CF
:106710000103800E000107800F00010F800FC01CD5
:10672000800FE030800FF060000108FCC00001081D
:106730007F8000021F8000020FC000021FE00002E5
:1067400031F8800860FD8009C03F800F801F800FF6
:10675000000107800E000103800C00010180080089
:1067600002800800028000140014080003080003DF
:106770000C00030E00030F8000020FC000020FF098
:1067800000018009F8000180087E018000013FFFC0
:106790008000010FFF80000107FF80000107FF80DC
:1067A00000011E0180083800018008E00001800F10
:1067B000C000020F00030E00030C000308000308D2
:1067C0000017001B8000020380018007800F800FEC
:1067D000800E00013F800C00017C800801F88008D9
:1067E00003F080080FC080081F8080087E000180B1
:1067F00008FC00018009F00001800FE00001800F1B
:10680000800001800F000101800E00010780080058
:10681000010F8000020C001D00300FFFFFF80FFF7A
:10682000FFF80FFFFFF80FFFFFF808000308000351
:10683000080003080033002C1800031F000307E0C2
:106840000003FC00031F80000203F000037E00032E
:106850000F800002018000300030080003080003B0
:106860000800030800030FFFFFF80FFFFFF80FFFFA
:10687000FFF80FFFFFF8003000210200030E0003B5
:106880003C000370000201C00002078000020E00FD
:10689000030800030E00030780000201C00003701C
:1068A00000033C00030E00030200260080003408B1
:1068B00000030C00030E00030F0003078000038099
:1068C000003600260E0002071F00020F3F80000165
:1068D0001F3F8000011F63800001106180000110D4
:1068E00041000218C300021FFF00021FFF800001C9
:1068F0000FFF80000107FF80000203000302002554
:1069000000200400030C00030FFFFF00011FFFFF26
:1069100000011FFFFF801FFFFF8000010C018000AE
:106920000118000180000118000180000118000119
:106930008000011C018000011E0700021FFF0002F1
:106940000FFE000207FC000201F00021002501F803
:10695000000207FE00020FFF00020E3F0002180FA8
:1069600080000110078000011003800001180380DF
:1069700000011E038000011F0700020F1F00020715
:106980003E00033000290022F8000203FE00020747
:10699000FF00020FFF00021C0F800001180380009F
:1069A000011003800001100180041801800C1C03F9
:1069B00000010FFFFF801FFFFF801FFFFF801FFFF1
:1069C000FF0003030003020021002501F800020775
:1069D000FE00020FFF00020D1F0002190F800001D0
:1069E00011078000011103800001110380000119CB
:1069F000038000011F078000010F0F00020F1E001F
:106A00000203180029002510000180000110000178
:106A100080000110018001FFFF8007FFFF800FFF52
:106A2000FF800FFFFF8018100180101000018018F8
:106A3000100001801C1000021E00030E00030E0057
:106A400027002308000103C338000107E7F800010D
:106A50000FFFC000011FF9800001183980000110EC
:106A60000980000110098000011C198000011FF934
:106A70008000010FF18000010FF1C800010BC0F888
:106A80000001080001F000010800260020040002B7
:106A9000800C0002800FFFFF801FFFFF801FFFFFA1
:106AA000801FFFFF8000010C000180000108000131
:106AB0008000011800031C00018000011FFF8000FE
:106AC000011FFF8000010FFF80000107FF8000030E
:106AD00080000380002000310400018000010C00D0
:106AE00001801C0FFF801C1FFF801C1FFF801C1FCC
:106AF000FF80000380000380003000331F00031F6D
:106B000000031F00010400010700010C0001071C25
:106B10000FFFFF1C1FFFFF1C1FFFFF1C1FFFF800C4
:106B20002C001C040002800C0002800FFFFF801F5D
:106B3000FFFF801FFFFF801FFFFF800002E080003B
:106B40000101F080000103780002123E8000011E66
:106B50001F8000011C0F8000011807800001100336
:106B600080000110000180000110000180000380FE
:106B700000200030040002800C0002800FFFFF8024
:106B80001FFFFF801FFFFF801FFFFF8000038000AB
:106B90000380003000110400018000010C0001801E
:106BA00000010FFF8000011FFF8000011FFF800018
:106BB000011FFF8000010E00018000010C00018018
:106BC00000011800018000011C00018000011FFF6E
:106BD0008000011FFF8000010FFF80000107FF8080
:106BE00000010C00018000010C0001800001180070
:106BF000018000011C00018000011FFF8000011FB7
:106C0000FF8000010FFF80000107FF80000380006C
:106C10000380001000210400018000010C000180AD
:106C200000010FFF8000011FFF8000011FFF800097
:106C3000011FFF8000010C00018000010C00018099
:106C400000011800031C00018000011FFF800001EB
:106C50001FFF8000010FFF80000107FF80000380FD
:106C600000038000200022F8000203FC000207FF5E
:106C700000020FFF00021C0F8000011803800001BA
:106C80001001800001100001800001180001800047
:106C9000011C018000011E038000010FFF00020F94
:106CA000FE000203FC000201F000250021040003A5
:106CB0000C00030FFFFE00011FFFFE00011FFFFE7F
:106CC00000011FFFFE00010C018000010C0001808B
:106CD00000011800018000011800018000011C0162
:106CE0008000011F038000011FFF00020FFF000250
:106CF00007FC000201F800210022F8000203FE0058
:106D00000207FF00020FFF8000011E0F8000011824
:106D100003800001100180000110018000011001BA
:106D20000002180300020FFFFE00011FFFFE00011A
:106D30001FFFFE00011FFFFE002800290400018044
:106D400000010C00018000010FFF8000011FFF8087
:106D500000011FFF8000011FFF8000010E00018065
:106D600000011800018000011C00031C00031C002E
:106D7000030C002A002D078F8000010FCF80000137
:106D80001FE3000219E180000110F080000118F0FB
:106D90008000010C798000011F7F8000011F3F00EF
:106DA000031E002D002D1000033000037FFF0001A3
:106DB00001FFFF8003FFFF8003FFFF800001100140
:106DC00080000110018000011003000302002D006B
:106DD000211000031000031FFE00021FFF00021F0E
:106DE000FF8000011FFF800002038000020180007D
:106DF0000110030002100300021FFF8000011FFFAB
:106E00008000011FFF8000011FFF00030300030239
:106E1000002100211000031800031E00031F800042
:106E2000021FE0000217FC000210FF00033F800079
:106E3000020F8000021F00037C000211E000021F0D
:106E40008000021E00031800031000220011100031
:106E5000031800031E00031F8000021FF000021F22
:106E6000FC000211FF00037F8000020F8000011070
:106E70000F0002103C00021CF000021FC000021FA5
:106E8000E000021FF8000211FF00037F8000021FD4
:106E90008000023F000211F8000217C000021E002D
:106EA00003180003100012002110000180000110DF
:106EB000018000011C038000011E078000011F0CDF
:106EC000800001179880000103F0000201F0000229
:106ED00011F8800001137C8000011E1F8000011C3E
:106EE0000F800001180780000118038000011001C5
:106EF000800001100001800020002110000310001C
:106F0000031C00031F00031FC000021FF003000149
:106F10001FFC07000111FFFE00023FFC00020FF8FA
:106F200000023E000211F800021FC000021E000312
:106F300018000310002200278000011C01800001BE
:106F40001C07800001180F800001101F8000011035
:106F50007E80000110F880000111F080000117E030
:106F60008000011F808000011F00018000011E01C0
:106F700080000118038000011003800024002A40D3
:106F80000003400003E00002F1B1E003FFBFF8039B
:106F9000FF1FF807FE0FF8063C07880C00030800E7
:106FA0000308002F003C1FFFFFF81FFFFFF8003C05
:106FB00000280800030800030C0003063C078807AC
:106FC000FE0FF803FF1FF803FFBFF80001F1B1E067
:106FD0000002E0000340000340002D001EC000023C
:106FE00001C00002030003020003020003020003C9
:106FF0000300030100030180000201800003800000
:1070000003C00003400003400003400003C000022F
:107010000380000203001E005B400024FFFFFFC04E
:1070200000078000078000079FFFF79FFFF79FFF83
:10703000F79FFFF79FFFF79FFFF79FFFF79FFFF770
:107040009FFFF79FFFF79FFFF78000078FFFE79FE6
:10705000FFF79FFFF79FFFF79FFFF79FFFF79FFF48
:10706000F79FFFF79FFFF79FFFF79FFFF79FFFF740
:107070008000079FFFF79FFFF79FFFF79FFFF79F96
:10708000FFF79FFFF79FFFF79FFFF79FFFF79FFF18
:10709000F79FFFF78000079FFFF79FFFF79FFFF71E
:1070A0009FFFF79FFFF79FFFF79FFFF79FFFF79F58
:1070B000FFF79FFFF79FFFF79FFFF7800007800014
:1070C00007800007FFFFFFFFFFFFFFFFFFFFFFFF3E
:1070D000C000078000078000079FFFF79FFFF79F12
:1070E000FFF79FFFF79FFFF79FFFF79FFFF79FFFB8
:1070F000F79FFFF79FFFF79FFFF78000079FFFF7BE
:107100009FFFF79FFFF79FFFF79FFFF79FFFF79FF7
:10711000FFF79FFFF79FFFF79FFFF79FFFF79FFF87
:10712000F78000079FFFF79FFFF79FFFF79FFFF78D
:107130009FFFF79FFFF79FFFF79FFFF79FFFF79FC7
:10714000FFF79FFFF78000079FFFF79FFFF798006B
:1071500037980037980037980037980037980037ED
:107160009800379800379FFFF79FFFF78000078050
:107170000007800007FFFFFFFFFFFFFFFFFFFFFF8C
:10718000FFC000078000078000079FFFF79FFFF701
:107190009FFFF79FFFF79FFFF79FFFF79FFFF79F67
:1071A000FFF79FFFF79FFFF79FFFF78000079FFF05
:1071B000F79FFFF79FFFF79FFFF79FFFF79FFFF7EF
:1071C0009FFFF79FFFF79FFFF79FFFF79FFFF79F37
:1071D000FFF78000079FFFF79FFFF79800379800A1
:1071E000379800379800379800379800379800375D
:1071F0009FFFF79FFFF78000079FFFF79FFFF7981C
:107200000037980037980037980037980037980073
:10721000379800379800379FFFF79FFFF7800007E8
:10722000800007800007FFFFFFFFFFFFFFFFFFFF5A
:10723000FFFFC000078000078000079FFFF79FFF48
:10724000F79FFFF79FFFF79FFFF79FFFF79FFFF75E
:107250009FFFF79FFFF79FFFF79FFFF78000079FB4
:10726000FFF79FFFF798003798003798003798008E
:10727000379800379800379800379800379FFFF706
:107280009FFFF78000079FFFF79FFFF79800379851
:1072900000379800379800379800379800379800E3
:1072A000379FFFF79FFFF78000079FFFF79FFFF7CC
:1072B000980037980037980037980037980037982B
:1072C00000379800379800379FFFF79FFFF780003F
:1072D00007800007800007FFFFFFFFFFFFFFFFFFA2
:1072E000FFFFFFC000078000078000079FFFF79F98
:1072F000FFF79800379800379800379800379800C4
:10730000379800379800379800379FFFF7800007BD
:107310009FFFF79FFFF7980037980037980037983E
:1073200000379800379800379800379800379FFF4C
:10733000F79FFFF78000079FFFF79FFFF798003741
:10734000980037980037980037980037980037989A
:1073500000379FFFF79FFFF78000079FFFF79FFF12
:10736000F79800379800379800379800379800371B
:107370009800379800379800379FFFF79FFFF780F6
:107380000007800007800007FFFFFFFFFFFFFFFFF0
:10739000FF0FFFFFE01FFFFFF83FFFFFFC7FFFFF36
:1073A000FCFFE00FFEFF8003FFFF07E0FFFE1FF87A
:1073B0007FFC7FFC3FF8FFBE3FF9FF331FF1FE0368
:1073C0009FF3F07F8FF3C2FF8FE39EFFCFE3FE07B3
:1073D000CFE3F83FEFF3C1FFEFF3DFDFCFF1FE0FB5
:1073E000DFF1FCF79FF8FFFF1FFC7FFE3FFC3FF83B
:1073F0007FFE0FF0FFFF0001FFFFC007FF7FF83F98
:10740000FE7FFFFFFC3FFFFFF80FFFFFF007FFFFCE
:10741000E0FFFFFFFFFFFFFFFFFFFC3FFFFFF81F45
:10742000FFFFF81FFFFFF81FFFFFFC1FFFFFC267F2
:10743000FFFF8181FFFE0000FFFE00007FFE07E0EE
:107440007FFB1FF0FFF8FFFB1FF07FFE1FF07FFCAC
:107450001FF07FFE0FF07FFE0FF07FFE0FF07FFE2C
:107460000FF07FFC1FFE3FFC3FE13FF887C11FF09C
:1074700083C007E103C0018103C1010083F301015F
:10748000C7FFC103FFFFF10FFFFFFFFFFFFFFFFF7C
:10749000FFFFFFFFFFFFFC007FFFF8003FFFF078DA
:1074A0000FFFF1FF07FFE3FFC7FC23FFE3F803FF34
:1074B000E3F003FFF1E103FFF1E303FFF1E303FF77
:1074C000F1E302E079E30240398302001983020705
:1074D000198302071983024019E3024039E303E0EC
:1074E00079E303FFF1E303FFF1E103FFF1F003FFB1
:1074F000F1F803FFE3FC23FFC3FFE3FFC7FFF1FF46
:107500000FFFF0001FFFF8003FFFFE00FFFFFFFF2F
:10751000FFFFFFFFFFFFFFFFFFFFFEFFFFFFFCFF7F
:10752000FFF3D9FFFFE393FFFFCB37FFFFDA7FFFC6
:10753000F19AFF8FE33BBFC3E37B27E0E3FA6FE6FB
:1075400063FACFE523FA9FF003FBFFF2C3FBFBF0E6
:1075500003FBF9C003FBFC1003FBFFE523FBFFE487
:1075600063FBCFE06378EFE1E33A67C3E39B17DFA8
:10757000E1EBFFFFFBE3FEFFFFFBEE7FFFFFE71FFB
:10758000FFFFF1DFFFFFFFFFFFFFFFFFFFFFFFFF39
:10759000FFFFFFFFFFFFFFFFFFFFFF01FFFFFF00F8
:1075A00003FFFF0001FFFF0001FF9F0FE1F8010F44
:1075B000F1F0010FF1E0018FF1C1F98FF1C7FF8FF9
:1075C000F187FF8FF18F8F8FF10F8F0FF11FFF1F4B
:1075D000F01FFF1FF80F8F1FF08F8F0FF18FFF0F1E
:1075E000F187FF0FF1C3FF0FF1E0F10FF1F0010F91
:1075F000F1F8010FF1FE070FF1FFFF1FC1FFFF00C0
:1076000001FFFF0001FFFF001FFFFF9FFFFFFFFFC4
:10761000FF008181000181818001C1C38001C3C35A
:10762000803FFFFFFC7FFFFFFE7BFBDBDE79C1C3FA
:107630009E79C1819E7800001E7FFFFFFE7FFFFFC5
:10764000FE7FFFFFFE7800001E7800001E7800001D
:107650001E7800001E7800001E7800001E780000D2
:107660001E7800001E7841001E78FF801E79FF8082
:107670001E78FF801E7800001E7800001E7FFFFF2E
:10768000FE3FFFFFFE1FFFFFF800000000000000AC
:1076900000FFFFFFFFFFFFFFFFFFFFFFFFFFFFFFF9
:1076A000BFFFFFFFFFFFFFFFFFFFFFFFFFFFFFFF2A
:1076B0009FFFFFFFFFFFFFFFFFFFFFFFFFFFFFFF3A
:1076C0001FFFFFFFFFFFFFFFFFFFFFFFFFFFFFFFAA
:1076D0004FFFFFFFFFFFFFFFFFFFFFFFFFFFFFFF6A
:1076E0006FFFFFFFFFFFFFFFFFFFFFFFFFFFFFFF3A
:1076F0006FFFFFFFFFFFFFFFFFFFFFFFFFFFFFFE2B
:107700006FFFFFFFFFFFFFFFFFFFFFFFFFFFFFFE1A
:107710006FFFFFFFFFFFFFFFFFFFFFFFFFFFFFFE0A
:10772000F7FFFFFFFFFFFFFFFFFFFFFFFFFFFFFE72
:10773000F7FFFFFFFFFFFFFFFFFFFFFFFFFFFFFF61
:10774000E7FFFFFFFFFFFFFFFFFFFFFFFFFFFFFD63
:10775000F7FFFFFFFFFFFFFFFFFFFFFFFFFFFFFD43
:10776000F7FFFFFFFFFFFFFFFFFFFFFFFFFFFFFD33
:10777000FFFFFFFFFFFFFFFFFFFFFFFFFFFFFFFD1B
:10778000FFFFFFFFFFFFFFFFFFFFFFFFFFFFFFFD0B
:10779000F3FFFFFFFFFFFFFFFFFFFFFFFFFFFFFD07
:1077A000F3FFFFFFFFFFFFFFFFFFFFFFFFFFFFFDF7
:1077B000F3FFFFFCFFFFFFFFFFFFFFFFFFFFFFFFE8
:1077C000F3FFFFF87FFFFFFFFFFFFFFFFFFFFFFF5C
:1077D000F3FFFFF03FFFFFFFFFFFFFFFFFFFFFFB98
:1077E000F3FFFFE67FFFFFFFFFFFFFFFFFFFFFF954
:1077F000FBFFFFCCC463FFFFFFFFFFFFFFFFFFFBAB
:10780000FBFFFFC900307FFFFFFFFFFFFFFFFFF916
:10781000FBFFFFDB007C1FFFFFFFFFFFFFFFFFF908
:10782000F9FFFF9A00FF9FFFFFFFFFFFFFFFFFFB36
:10783000F9FFE19E01E1CDFFFFFF0FFFFFFFFFFB1F
:10784000FDFFC1CE0180C07FFFF001FFFFFFFFF908
:10785000FDFFC1C40000E03FFFE060FFFFFE001835
:1078600039FF93C00000603FFFC7F87FFFF00008BA
:1078700039FF07800010601FFF9FFE7FFFA01F8061
:1078800039FF079801BC601FFFBFFF3FFE1EFFC00E
:1078900019FF0F1E01BC601FFFFFFF1FF01FF7E065
:1078A00019FF8F3F01BC001FF9FFFF1FC1CF03E08D
:1078B00019FF8E3FC03C001FF8F01F8F0FCF03E071
:1078C00019FF9E7FE038001FE0203F8E3FCF03E08E
:1078D0001DFF840FC878000FE3007F8E3FE703E0B1
:1078E0001DFF0003C8780007F39FFF8E3FE703E00A
:1078F0001FFF006190380023E7DFFF860FE3E7E01A
:107900001FFF03F830180311E7FFFF8303E3FFE0D5
:107910001FFC63862011FF99C7BFFF8721E3FFE0AB
:107920003FF871802013FF9883BFFF8538E3FFE0A5
:107930003FF8F8C06013FF9CC9BFFF053CF3FFE0B0
:107940003FF0F0704013FF8CC83FFF0D3C73FFC049
:107950001FF0F20CC013FF8C4C3FFE093E73FFC0BA
:107960001FF0F380C011FF86463FFC0000307FC04F
:107970003FF0E7F080300006663FFC0000307F807B
:107980003FF1E7FD8030000E223FF84000103F80BD
:107990003FF1E7FD00200006221FE0C000003F008D
:1079A0007FF9E7F900600002300FC0C000003E130D
:1079B000FFF8400100600000300200C03C00387356
:1079C000FFF8000000E00000300000003E0030F74B
:1079D000FFFB8C0019E0001E38000000000003F7D8
:1079E000FFFBFE7C39E0003F3C380000000007F35D
:1079F000FFFBFC7C39E0003F3C3C0000000007E05E
:107A00007FFBFC7C39E0007E3C7C00000000000035
:107A10003FFFFC7C39E000FE3C7C000000000000E1
:107A20003FFBFE7C39E0007F3C79800000000000D5
:107A30003FFBFE7C39E0003F3C7980000000000005
:107A40003FFBFE7C39E0003F3C70800000000200FC
:107A50003FFB0C0019E0001E38400000000003E06E
:107A60007FF8000000E0000030000000000000F798
:107A7000FFF860190060000030030000000000778C
:107A8000FFF9E7F900200002300FC00800000613DC
:107A9000FFF1E7FD00200006221FE00800061F801E
:107AA0007FF1E7FD8030000E223FF0080007FFC0A5
:107AB0003FF0E7F88010000E663FF800000FFFC0AF
:107AC0003FF0E3C0C011FF86463FFC00000FFFE01F
:107AD0003FF0F20CC413FF844C1FFE00019FFFE037
:107AE0003FF0F0304013FF8CC81FFF0003FFFFC0C2
:107AF0001FF8F8C06013FF9CC99FFF800307FFC0F9
:107B00001DF871822013FF98839FFFC00181FFC081
:107B10001FFC63922011FF99879FFFC00181FFC066
:107B20001DFF03D830180711E7DFFFC03F99FFC0E2
:107B30001DFF006190380003E7CFFFC03F99E7C009
:107B400019FF0007C8380007F38FFFC03F9903C033
:107B50001DFF8C0FC838000FE307FF803F3B03C0B9
:107B600019FF8E7FE038001FE020FF823E3303E0E4
:107B700019FF8E3FC03C001FF8E03F831F2303E046
:107B800019FF8F3F013C001FF9E03F9F81F703C0C1
:107B900019FF0F1E019C401FFFF7FF1F807FFFC0D2
:107BA00019FF0798009C601FFFBFFF3F8007FF8001
:107BB00019FF07800000601FFF9FFC7F8E003F00C1
:107BC00039FF83C00000E03FFFC7F87FCF300008D7
:107BD00039FFC1C00000E03FFFE000FFF67E001863
:107BE00079FFC1C00000C07FFFF003FFFE7FFFFBF5
:107BF000FFFFF18C00638DFFFFFFCFFFFFFFFFF959
:107C0000FFFFFF86007F9FFFFFFFFFFFFFFFFFF9E2
:107C1000FBFFFFC3003C1FFFFFFFFFFFFFFFFFF95C
:107C2000FBFFFFE000207FFFFFFFFFFFFFFFFFFBE9
:107C3000FBFFFFF0003BFFFFFFFFFFFFFFFFFFFF2A
:107C4000F3FFFFF8003FFFFFFFFFFFFFFFFFFFFF16
:107C5000F3FFFFFE003FFFFFFFFFFFFFFFFFFFFD02
:107C6000F3FFFFFF803FFFFFFFFFFFFFFFFFFFFC72
:107C7000F3FFFFFFC07FFFFFFFFFFFFFFFFFFFFCE2
:107C8000FBFFFFFFF8FFFFFFFFFFFFFFFFFFFFFC12
:107C9000FFFFFFFFFFFFFFFFFFFFFFFFFFFFFFFCF7
:107CA000FFFFFFFFFFFFFFFFFFFFFFFFFFFFFFFCE7
:107CB000FFFFFFFFFFFFFFFFFFFFFFFFFFFFFFFFD4
:107CC000F7FFFFFFFFFFFFFFFFFFFFFFFFFFFFFECD
:107CD000F7FFFFFFFFFFFFFFFFFFFFFFFFFFFFFEBD
:107CE000F7FFFFFFFFFFFFFFFFFFFFFFFFFFFFFEAD
:107CF000E7FFFFFFFFFFFFFFFFFFFFFFFFFFFFFEAD
:107D00007FFFFFFFFFFFFFFFFFFFFFFFFFFFFFFE04
:107D10006FFFFFFFFFFFFFFFFFFFFFFFFFFFFFFF03
:107D2000EFFFFFFFFFFFFFFFFFFFFFFFFFFFFFFF73
:107D30004FFFFFFFFFFFFFFFFFFFFFFFFFFFFFFF03
:107D40001FFFFFFFFFFFFFFFFFFFFFFFFFFFFFFF23
:107D50009FFFFFFFFFFFFFFFFFFFFFFFFFFFFFFF93
:107D60009FFFFFFFFFFFFFFFFFFFFFFFFFFFFFFF83
:107D7000FFFFFFFFFFFFFFFFFFFFFFFFC1FE3FFF12
:107D8000FFFFFFFFFFFFFFFFFFFFFFFF07FF3FFFBB
:107D9000FFFFFFFFFFFFFFFFFFFFFFFC1FFF3FFF96
:107DA000FFFFFFFFFFFFFFFFFFFFFFF07FFF1FFF52
:107DB000FFFFFFFFFFFFFFFFFFFFFFC1FFFF8FFF81
:107DC000FFFFFFFFFFFFFFFFFFFFFF07FFFFC7FFF3
:107DD000FFFFFFFFFFFFFFFFFFFFFC1FFFFFE7FFAE
:107DE000FFFFFFFFFFFFFFFFFFFFF07FFFFFE3FF4E
:107DF000FFFFFFFFFFFFFFFFFFFF80FFFFFFF1FF20
:107E0000FFFFFFFFFFFFFFFFFFFC03FFFFFFF0018E
:107E1000FFFFFFFFFFFFFFFFF0001FFFFFFFF0FF6F
:107E2000FFFFFFFFFFFFFFF00001FFFFFFFFF8FF75
:107E3000FFFFFFFFFFFFFC00003FFFFFFFFFF8FF1A
:107E4000FFFFFFFE1FFF80007FFFFFFFFFFFFC7FA4
:107E5000FFFFFFFC03FC00FFFFFFFFFFFFFFFC7FB6
:107E6000FFFFFFF800F01FFFFFFFFFFFFFFFFC7F9A
:107E7000FFFFFFF81841FFFFFFFFFFFFFFFFFC7F41
:107E8000FFFFFFF3FE07FFFFFFFFFFFFFFFFFC7F8A
:107E9000FFFFFFE7DE1FFFFFFFFFFFFFFFFFFC7F8E
:107EA000FFFFFFE78E3FFFFFFFFFFFFFFFFFFC7FAE
:107EB000FFFFFFE78E7FFFFFFFFFFFFFFFFFFC7F5E
:107EC000FFFFFF87DC7FFFFFFFFFFFFFFFFFFC7F60
:107ED000FFFFFF07FC7FFFFFFFFFFFFFFFFFFCFF30
:107EE000FFFFFF063CFFFFFFFFFFFFFFFFFFFCFF61
:107EF000FFFFFF0638FFFFF207FFFFFFFFFFFCFF5A
:107F0000FFFFFF87F1FFFFF401FFFFFFFFFFF8FF17
:107F1000FFFFFFE3F1FFFFE4F87FFFFFFFFFF8FF44
:107F2000FFFFFFF1E3FFFFE4FC7FFFFFFFFFF9FF2F
:107F3000FFFFFFF807FFFFCCF93FFFFFFFFFF9FF4F
:107F4000FFFFFFF81FFFFF8FFC7FFFFFFFFFF9FF21
:107F5000FFFFFFF8FFFFFE1FF8FFFFFFFFFFF3FF2C
:107F6000FFFFFFF9FFFFF03FFC38FFFFFFFFFBFFC4
:107F7000FFFFFFF1FFFF00FFFF0C1FFFFFFFFBFFF5
:107F8000FFFFFFF1FFF007EFFFC707FFFFFFFFFF56
:107F9000FFFFFFC3FFC0FF8FFFF1E1FFFFFFFFFF08
:107FA000FFFFFFC3FF07FE0DFC78F87FFFFFFFFF19
:107FB000FFFFFFC3FE1FE04CFFFC7E1FFFFFFFFF24
:107FC000FFFFFFC7FC7801CCF8FE7F87FFFFFFFFB4
:107FD000FFFFFFC7F9E01E4C9FFE3FC0FFFFFFFF02
:107FE000FFFFFFE7FFFFF04C11FF3F8007FFF9FFA6
:107FF000FFFFFFE3FF0001CC71FF1E00000001FF47
:10800000FFFFFFC3FF001FFCFFFF0031380001FF2F
:10801000FFFFFFC3FCFE00FFFFFF007C1FE00FFF20
:10802000FFFFFFC1FCFE03FFFFFF81FE4FFFFFFFCD
:10803000FFFFFFF1FC7FFFFFFFFF9FFE0CFFFFFF35
:10804000FFFFFFF9FE3FFFFFFEFF9FFF00FFFFFF67
:10805000FFFFFFF9FE1FFFFFFE7F9FFF811FFFFF56
:10806000FFFFFFF8FF0FFFFFFE7F1FFF807FFFFF77
:10807000FFFFFFFCFF87FEFFFF3F1FFF801FFFFF8B
:10808000FFFFFFF07FC1F8FFF83F1FFF0181FFFFF7
:10809000FFFFFFE03FF0F9CFF87F3FFF01FFFFFF59
:1080A000FFFFFFC61FFC3387FFFF3FFE19FFFFFFE7
:1080B000FFFFFFCF07FF17831FFE3FFC1FFFFFFFE0
:1080C000FFFFFF8183FF87837FFE601C3FFFFFFF71
:1080D000FFFFFF09C0FFEFE63FFE00007FFFFFFF4D
:1080E000FFFFFF0E007FE47FFFFC08807FFFFFFFA4
:1080F000FFFFFF871C1FF61E7FF831E0FFFFFFFF29
:10810000FFFFFFE03E03FF863FF1F1F1FFFFFFFFBE
:10811000FFFFFFF07F8007E1FFE3E3F8FFFFFFFFD2
:10812000FFFFFFFFFFF007F8FFC7E3FC7FFEFFFF45
:10813000FFFFFFFFF001FFFC1F8FC7FE7FFC67FF03
:10814000FFFFFFFF00003FFF001FC7FE3FFEE7FFEE
:10815000FFFFFFFC01FF3FE0007FCFFF3FFE7FFFFF
:10816000FFFFFFE07FFE600003FF8FFF3FFCFFFF8C
:10817000FFFFFFC1FFFE701CF1FF8FFF1FFF0FFF0E
:10818000FFFFFF07FFFCFFF9F8FF9FFF9FFE0FFFB8
:10819000FFFFFE0FFFF8FFFDFC7F3FFF9FFFEFFF9C
:1081A000FFFFFC3FFFF1EFF9FE7F3FFF8FFFFFFF77
:1081B000FFFFFC7FFFE2E7FFFE3F1FFFCFFFFFFF58
:1081C000FFFFF87FFFC0E7F9FF3F0FFFC7FFFFFF8B
:1081D000FFFFF8FFFFC1E633FF3E07FFE3FFFFFFAE
:1081E000FFFFF0FFFFF9E41FFF0067FFE3FFFFFF62
:1081F000FFFFF1FFFFF3E41FFF00E3FFF3FFFFFFCB
:10820000FFFFF1FFFFE4E61FFF83F3FFF9FFFFFF2E
:10821000FFFFE3FFFFE0F7FFFF9FF1FFFCFFFFFF22
:10822000FFFFE3FFFFC0FFFFFF9FF9FFFC3FFFFFE2
:10823000FFFFA7FFFFC1FFFE3F9FF9FFFF003F00C9
:108240007FFF87FFFFE3FFFF3F9FF8FFFFC00000B6
:108250007FFF87FFFFC7FFFF3F9FF8FFFFFFC1FFC3
:10826000FFFF87FFFF8FFFFF3F9FF8FFFFFFFFFF2D
:10827000FFFF8FFFFE07FFFE7F9FF8FFFFFFFFFF5F
:10828000FFFFBFFFFE03FFFFFF9FF8FFFFFFFFFFA2
:10829000FFFF1FFFFFF3FFFFFF9FF8FFFFFFFFFF41
:1082A000FFFE0FFFFFF9F7FFFF9FF9FFFFFFFFFF43
:1082B000FFFE1FFFFFE9E77FFF9FF1FFFFFFFFFFCB
:1082C000FFFE0FFFFFE1E63FFF1FF1FFFFFFFFFF94
:1082D000FFFF8FFFFFF1CC3DFF0FE3FFFFFFFFFF2D
:1082E000FFFF8FFFFFECC993FF03C7FFFFFFFFFFF7
:1082F000FFFF8FFFFFE4C999FE00C7FFFFFFFFFFED
:10830000FFFC0FFFFFF0CF93FE380FFFFFFFFFFFD3
:10831000FFF80FFFFFF9CFFFFC7C1FFFFFFFFFFF00
:10832000FFF9CFFFFFE4FFF9F8FE3FFFFFFFFFFF7C
:10833000FFE38FFFFFF0FFF3F0FE7FFFFFFFFFFF84
:10834000FFC307FFFFE8FFFFC3FE7FFFFFFFFFFF45
:10835000FFDFA3FFFFE0FFFE07FE7FFF3FFFFFFF02
:10836000FFC923FFFFF07FF81FFC7FFE33FFFFFFF5
:10837000FFE0C1FFFFFE19F0FFFC7FFF73FFFFFF6F
:10838000FFE619FFFFFF83E7FFFC7FFF1FFFFFFFF3
:10839000FFE738FFFFFFE7E7FFFE7FFE7FFFFFFFFE
:1083A000FFFFFC7FFFFFE7C7FFFE3FFF87FFFFFFE9
:1083B000FFFFFE3FFFFFF00FFFFE3FFE03FFFFFF4B
:1083C000FFFFFF07FFFFC03FFFFE3FFFF7FFFFFF7D
:1083D000FFFFFF81FFFF0FFFFFFE3FFFFFFFFFFFDC
:1083E000FFFFFFE03FF01FFFFFFF3FFFFFFFFFFF2B
:1083F000FFFFFFFC00007FF3FFFF1FFFFFFFFFFFFA
:10840000FFFFFFFF8003FFF0FFFF1FFFFFFB01CF18
:10841000FFFFFFFFFFFFFFF07FFF9FFFF80000015E
:10842000FFFFFFFFFFFFFFF07FFF8FFFF80000015E
:10843000FFFFFFFFFFFFFFE0FFFFCFFFFC3FFFFF5E
:10844000FFFFFFFFFFFFFFF3FFFFC7FFFE0FFFFF71
:10845000FFFFFFFFFFFFFFFFFFFFFFFFFFFFFFFF2C
:10846000FFFFFFFFFFFFFFFFFFFFFFFFFFFFFFFF1C
:10847000FFFFFFFFFFFFFFFFFFFFFFFFFFFFFFFF0C
:10848000FFFFFFFFFFFFFFFFFFFFFFFFFFFFFFFFFC
:10849000FFFFFFFFFFFFFFFFFFFFFFFFFFFFFFFFEC
:1084A000FFFFFFFFFFFFFFFFFFFFFFFFFFFFFFFFDC
:1084B000FFFFFFFFFFFFFFFFFFFFFFFFFFFFFFFFCC
:1084C000FFFFFFFFFFFFFFFFFFFFFFFFFFFFFFFFBC
:1084D000FFFFFFFFFFFFFFFFFFFFFFFFFFFFFFFFAC
:1084E000FFFFFFFFFFFFFFFFFFFFFFFFFFFFFFFF9C
:1084F000FFFFFFFFFFFFFFFFFFFFFFFFFFFFFFFF8C
:10850000FFFFFFFFFFFFFFFFFFFFFFCFFFFFFFFFAB
:10851000FFFFFFFFFFFFFFFFFFFFFFCFFFFFFFFF9B
:10852000FFFFFFFFFFFFFFFFFFFFFFCFFFFFFFFF8B
:10853000FFFFFF807FFFC07FFFFFFF8FFFFFFFFF79
:10854000FFFFFC00003F801FFFFFFF9FFFFFFFFFBB
:10855000FFFFF07FC0073F07FFFFFF1FFFFFFFFF89
:10856000FFFFE3FFFFE33FE7FFFFFF3FFFFFFFFFEB
:10857000FFFFC7FFFFF87FF3FFFFFE3FFFFFFFFF97
:10858000FFFF8FFFFFFE3FF3FFFFFE7FFFFFFFFFB9
:10859000FFFF1FFFFFF000C7FFFFFC7FFFFFFFFF94
:1085A000FFFC7FFFFE00000FFFFFFCFFFFFFFFFF50
:1085B000FFF8FFFFF003F803FFFFF8FFFFFFFFFFE7
:1085C000FFF9FFFFE07FFFE0FFFFF9FFFFFFFFFF85
:1085D000FFFBFFFFC7FFFFF83FFFF1FFFFFFFFFFBC
:1085E000FFF3FFFF0FFFFFFE1FFFF1FFFFFFFFFF86
:1085F000FFF3FFFC1FFFFFFF8FFFE3FFFFFFFFFF06
:10860000FFF3FFF03FFFFFFCC7FFE7FFFFFFFFFFA8
:10861000FFF3FFE1FFF9FFC0E3FFE7FFFFFFFFFF0D
:10862000FFE7FFE3FFF1FFCFF1FFC7FFFFFFFFFF12
:10863000FFE7FFE7FFE3FFFFF8FFCFFFFFFFFFFFCD
:10864000FFC7FFC7FFC7FFFFFCFF8FFFFFFFFFFF55
:10865000FFCFFFC7FFC7FFF0FC7F87FFFFFFFFFFD4
:10866000FF9FFFCFFFCFFFC1FE3F007FFFFFFFFF58
:10867000FF9FFFCFFFCF83FFFE3F000FFFFFFFFFF6
:10868000FF9FFFCFFFCF03FFFF1E3300FFFFFFFF62
:10869000FF1FFFCFFFCF03FDFF1E31C01FFFFFFFF6
:1086A000FF9FFFCFFFC783C1FF8078FC07FFFFFF5D
:1086B000FF9FFFCFFFC7FFCFFF80FC7F80FFFFFF43
:1086C000FF9FFFCFFFC7FFFFFF80F83FF01FFFFFB7
:1086D000FF9FFFCFFFE7FFFFFF8C801FFE07FFFF1D
:1086E000FF9FFFCFFFFFFFFFFFCE060FFFC0FFFF83
:1086F000FF9FFFCFFFFFFFFFFFCF1E8FFFF03FFF6A
:10870000FF9FFF8FFFFFFFFFFFCF1E1FFFFE07FF33
:10871000FF9FFF8FFFFFFFFFFFCF8C1FFFFF80FF3B
:10872000FF9FFF9FFFFFFFFFFFCF8C3FFFFFF01F6B
:10873000FF9FFF9FFFFFFFFFFFCFC0027FFFFC03F4
:10874000FF3FFF9FFFFFFFFFFFCFE0E000000100C2
:108750000F3FFF9FFFFFFFFFFFCFE9F8FF3FFE7CCA
:10876000003FFF9FFFFFFFFFFF8FC00000000004DE
:10877000003FFF9FFFFFFFFFFF9FCC300000000086
:10878000013FFF9FFFFFFFFFFF9FCE1FFFFFFFFC8B
:108790000F3FFF9FFFC7FFFFFF1F8F0FFFFFFFF878
:1087A0007F3FFF9FFF87FFFFFF030F07FFFFFFC113
:1087B000FF3FFF8FFF8FFFFFFF004F8FFFFFFF0780
:1087C000FF1FFF8FFF9FFFFFFF38001FFFFFF81FF6
:1087D000FF9FFF8FFF1F9FFFFE3C003FFFFFE07FDB
:1087E000FF9FFFC7FF1E0FF7FE7E1FFFFFFF03FF68
:1087F000FF9FFFC7FF3E0787FC7F1FFFFFF00FFFB4
:10880000FF8FFFC7FF3E0FFFFCFF8FFFFF007FFFC3
:10881000FFCFFFE3FF3F9FFFF8FF87FF8003FFFFCE
:10882000FFC7FFE1FF3FFFC7F9FFC3C0003FFFFFE6
:10883000FFE3FFF0FFBFFF0FF3FFC0000FFFFFFFDD
:10884000FFF1FFF83FFFFFFFE3FFE003FFFFFFFF44
:10885000FFF8FFFE01FFFFFFC7FFE1FFFFFFFFFF84
:10886000FFFC7FFF80001F070FFFE3FFFFFFFFFFFD
:10887000FFFE3FFFFE0003001FFFF1FFFFFFFFFFB2
:10888000FFFF1FFFFC0E80007FFFF1FFFFFFFFFFD8
:10889000FFFF8FFF807FF801FFFFF1FFFFFFFFFF6A
:1088A000FFFFC7FC07FFFFFFFFFFF1FFFFFFFFFF19
:1088B000FFFFE0007FFFFFFFFFFFF1FFFFFFFFFF74
:1088C000FFFFF003FFFFFFFFFFFFF9FFFFFFFFFFC9
:1088D000FFFFFE7FFFFFFFFFFFFFF9FFFFFFFFFF2F
:1088E000FFFFFFFFFFFFFFFFFFFFF8FFFFFFFFFF9F
:1088F000FFFFFFFFFFFFFFFFFFFFFCFFFFFFFFFF8B
:10890000FFFFFFFFFE07FFFFFFFFFCFFFFFFFFFF73
:10891000FFFFFFFFC000FFFFFFFFFCFFFFFFFFFFA8
:10892000FFFFFFFE00001FFFFFFFFCFFFFFFFFFF39
:10893000FFFFFFF80FFF07FFFFFFFC7FFFFFFFFFB9
:10894000FFFFFFF07FFFC3FE7FFFFE7FFFFFFFFF04
:10895000FFFFFFC1FFFFF0000FFFFE7FFFFFFFFFE4
:10896000FFFFFF87FFFF800003FFFE3FFFFFFFFFCA
:10897000FFFFFF0FFFFC03FFE1FFFF1FFFFFFFFFF4
:10898000FFFFFE3FFFF01FFFF0FFFE1FFFFFFFFF97
:10899000FFFFFC7FFFC0FFFFF8FFFE0FFFFFFFFFA1
:1089A000FFFFF8FFFF87FFFCFC7FFC47FFFFFFFF97
:1089B000FFFFF0FFFF1FEFFCFE3FFCE1FFFFFFFFAB
:1089C000FFFFE1FFFC3FCFFCFE3FF9F800003FFF57
:1089D000FFFFE3FFF8FFCFFCFF3FF1FC00007FFF4C
:1089E000FFFFC7FFF1FF9FFFFF1FE3FFE7FFFFFF51
:1089F000FFFFC7FFF1FF9C3CFF9FE3FFFFFFFFFF6F
:108A0000FFFF8FFFE3FF9C0FFF8F87FFFFFFFFFF3D
:108A1000FFFF8FFFC7FF9C0FFFCC1FFFFFFFFFFF74
:108A2000FFFF1FFF8FFF9C1FFFC81FFFFFFFFFFF00
:108A3000FFFF1FFF1FFF9F7FFFC18FFFFFFFFFFF94
:108A4000FFFF1FFF3FFFCFFFFFE007FFFFFFFFFF1D
:108A5000FFFF1FFE3FFFCFFFFFE007FFFFFFFFFF0E
:108A6000FFFE3FFE7FFFFFFFFFE7E3FFFFFFFFFF8C
:108A7000FFFE3FFC7FFFFFFFFFE7E313FFFFFFFF6A
:108A8000FFFE3FFCFFFFFFFFFFE7F113FFFFFFFFCC
:108A9000FFFE3FF87FFFFFFFFFE7F813FFFFFFFF39
:108AA000FFFE3FFC3FFFFFFFFFE7FC03FFFFFFFF71
:108AB000FFFE3FFE1FFFFFFFFFE7E403FFFFFFFF97
:108AC000FFFE3FFF0FFFFFFFFFE7E003FFFFFFFF9A
:108AD000FFFE3FFF0FFFDFFFFFE7C323FFFFFFFFA7
:108AE000FFFF1FFF83FF8FFFFFC78F33FFFFFFFFD6
:108AF000FFFF1FFFC1FF9FFFFFC78FFFFFFFFFFFAC
:108B0000FFFF1FFFE0FF9FFFFFC71FFFFFFFFFFFEC
:108B1000FFFF9FFFF07F1C38FFCE3FFFFFFFFFFFEF
:108B2000FFFF8FFFF83F381DFF8C7FFFFFFFFFFF28
:108B3000FFFFCFFFFC1F3819FF18FFFFFFFFFFFFEC
:108B4000FFFFC7FFFE0F3C19FF11FFFFFFFFFFFFF5
:108B5000FFFFE3FFFF073FFFFE23FFFFFFFFFFFFD6
:108B6000FFFFE3FFFF819FF9FC07FFFFFFFFFFFF10
:108B7000FFFFF1FFFFC00FB9F8001FFFFFFFFFFF6E
:108B8000FFFFF8FFFFE0003FF1801FFFFFFFFFFF47
:108B9000FFFFFC7FFFF8FFFFC3FC7FFFFFFFFFFF2E
:108BA000FFFFFE3FFFFC3FFF87FF3FFFFFFFFFFF91
:108BB000FFFFFF1FFFFE1FFE07FF8FFFFFFFFFFFEF
:108BC000FFFFFF87FFFF0FF8007FCFFFFFFFFFFFD3
:108BD000FFFFFFC3FFFF80000000E7FFFFFF9FFFD5
:108BE000FFFFFFE0FFFFC000000007FFFFFE0FFFD9
:108BF000FFFFFFF83FFFE008000002FFFFFC1FFF40
:108C0000FFFFFFFC07FFE1F803C0007FFFF01FFF3D
:108C1000FFFFFFFF80FF81F1F1F8000BFF803FFFB6
:108C2000FFFFFFFFF0001803F1FFF00058007FFF87
:108C3000FFFFFFFFFE007C0003FFF0000001FFFFCD
:108C4000FFFFFFFFFFFC7E0003FFF3000007FFFFB5
:108C5000FFFFFFFFFFFC303C0FFFF3E0003FFFFF93
:108C6000FFFFFFFFFFFE01FF0FFFF3FFFFFFFFFF0F
:108C7000FFFFFFFFFFFF07FF8FFFFBFFFFFFFFFF70
:108C8000FFFFFFFFFFFFFFFFCFFFF9FFFFFFFFFF2A
:108C9000FFFFFFFFFFFFFFFFFFFFF9FFFFFFFFFFEA
:108CA000FFFFFFFFFFFFFFFFFFFFF9FFFFFFFFFFDA
:108CB000FFFFFFFFFFFFFFFFFFFFF9FFFFFFFFFFCA
:108CC000FFFFFFFFFFFFFFFFFFFFF9FFFFFFFFFFBA
:108CD000FFFFFFFFFFFFFFFFFFFFF9FFFFFFFFFFAA
:108CE000FFFFFFFFFFFFFFFFFFFFFCFFFFFFFFFF97
:108CF000FFFFFFFFFFFFFFFFFFFFFCFFFFFFFFFF87
:108D0000FFFFFFFFFFFFFFFFFFFFFCFFFFFFFFFF76
:108D1000FFFFFFFFFFFFFFFFFFFFFC7FFFFFFFFFE6
:108D2000FFFFFFFFFFFFFFFFFFFFFE7FFFFFFFFFD4
:108D3000FFFFFFFFFFFFFFFFFFFFFE3FFFFFFFFF04
:108D4000FFFFFFFFFFFFFFFFFFFFFF1FFFFFFFFF13
:108D5000FFFFFFFFFFFFFFFFFFFFFF87FFFFFFFF9B
:108D6000FFFFFFFFFFFFFFFFFFFFFFE0001FFFFF11
:108D7000FFFFFFFFFFFFFFFFFFFFFFF8000003FF04
:108D8000FFFFFFFFFFFFFFFFFFFFFFFFFFF000FF01
:108D9000FFFFFFFFFFFFFFFFFFFFFFFFFFFFFFFFE3
:108DA000FFFFFFFFFFFFFFFFFFFFFFFFFFFFFFFFD3
:108DB000FF000000000000000000000000000000B4
:108DC00000000000000000000000000000000000A3
:108DD0000000000000000000000000000000000093
:108DE0000000000000000000000000000000000083
:108DF0000000000000000000000000000000000073
:108E00000000000000000000000000000000000062
:108E10000000000000000000000000000000000052
:108E20000000000000000000000000000000000042
:108E30000000000000000000000000000000000032
:108E40000000000000000000000000000000000022
:108E50000000000000000000000000000000000012
:108E60000000000000000000000000000000000002
:108E700000000000000000000000000000000000F2
:108E800000000000000000000000000000000000E2
:108E900000000000000000000000000000000000D2
:108EA00000000000000000000000000000000000C2
:108EB00000000000000000000000000000000000B2
:108EC00000000000000000000000000000000000A2
:108ED0000000000000000000000000000000000092
:108EE0000000000000000000000000000000000082
:108EF0000000000000000000000000000000000072
:108F00000000000000000000000000000000000061
:108F10000000000000000000000000000000000051
:108F20000000000000000000000000000000000041
:108F30000000000000000000000000000000000031
:108F40000000000000000000000000000000000021
:108F50000000000000000000000000000000000011
:108F60000000000000000000000000000000000001
:108F700000000000000000000000000000000000F1
:108F800000000000000000000000000000000000E1
:108F900000000000000000000000000000000000D1
:108FA00000000000000000000000000000000000C1
:108FB00000000000000000000000000000000000B1
:108FC00000000000000000000000000000000000A1
:108FD0000000000000000000000000000000000091
:108FE0000000000000000000000000000000000081
:108FF0000000000000000000000000000000000071
:109000000000000000000000000000000000000060
:109010000000000000000000000000000000000050
:109020000000000000000000000000000000000040
:109030000000000000000000000000000000000030
:109040000000000000000000000000000000000020
:109050000000000000000000000000000000000010
:109060000000000000000000000000000000000000
:1090700000000000000000000000000000000000F0
:1090800000000000000000000000000000000000E0
:1090900000000000000000000000000000000000D0
:1090A00000000000000000000000000000000000C0
:1090B00000000000000000000000000000000000B0
:1090C00000000000000000000000000000000000A0
:1090D0000000000000000000000000000000000090
:1090E0000000000000000000000000000000000080
:1090F0000000000000000000000000000000000070
:10910000000000000000000000000000000000005F
:10911000000000000000000000000000000000004F
:10912000000000000000000000000000000000003F
:10913000000000000000000000000000000000002F
:10914000000000000000000000000000000000001F
:10915000000000000000000000000000000000000F
:1091600000000000000000000000000000000000FF
:1091700000000000000000000000000000000000EF
:1091800000000000000000000000000000000000DF
:1091900000000000000000000000000000000000CF
:1091A00000000000000000000000000000000000BF
:1091B00000000000000000000000000000000000AF
:1091C000000000000000000000000000000000009F
:1091D000000000000000000000000000000000008F
:1091E000000000000000000000000000000000007F
:1091F000000000000000000000000000000000006F
:10920000000000000000000000000000000000005E
:10921000000000000000000000000000000000004E
:10922000000000000000000000000000000000003E
:10923000000000000000000000000000000000002E
:10924000000000000000000000000000000000001E
:10925000000000000000000000000000000000000E
:1092600000000000000000000000000000000000FE
:1092700000000000000000000000000000000000EE
:1092800000000000000000000000000000000000DE
:1092900000000000000000000000000000000000CE
:1092A00000000000000000000000000000000000BE
:1092B00000000000000000000000000000000000AE
:1092C000000000000000000000000000000000009E
:1092D000000000000000000000000000000000008E
:1092E000000000000000000000000000000000007E
:1092F000000000000000000000000000000000006E
:10930000000000000000000000000000000000005D
:10931000000000000000000000000000000000004D
:10932000000000000000000000000000000000003D
:10933000000000000000000000000000000000002D
:10934000000000000000000000000000000000001D
:10935000000000000000000000000000000000000D
:1093600000000000000000000000000000000000FD
:1093700000000000000000000000000000000000ED
:1093800000000000000000000000000000000000DD
:1093900000000000000000000000000000000000CD
:1093A00000000000000000000000000000000000BD
:1093B00000000000000000000000000000000000AD
:1093C000000000000000000000000000000000009D
:1093D000000000000000000000000000000000008D
:1093E000000000000000000000000000000000007D
:1093F000000000000000000000000000000000006D
:10940000000000000000000000000000000000005C
:10941000000000000000000000000000000000004C
:10942000000000000000000000000000000000003C
:10943000000000000000000000000000000000002C
:10944000000000000000000000000000000000001C
:10945000000000000000000000000000000000000C
:1094600000000000000000000000000000000000FC
:1094700000000000000000000000000000000000EC
:1094800000000000000000000000000000000000DC
:1094900000000000000000000000000000000000CC
:1094A00000000000000000000000000000000000BC
:1094B00000000000000000000000000000000000AC
:1094C000000000000000000000000000000000009C
:1094D000000000000000000000000000000000008C
:1094E000000000000000000000000000000000007C
:1094F000000000000000000000000000000000006C
:10950000000000000000000000000000000000005B
:10951000000000000000000000000000000000004B
:10952000000000000000000000000000000000003B
:10953000000000000000000000000000000000002B
:10954000000000000000000000000000000000001B
:10955000000000000000000000000000000000000B
:1095600000000000000000000000000000000000FB
:1095700000000000000000000000000000000000EB
:1095800000000000000000000000000000000000DB
:1095900000000000000000000000000000000000CB
:1095A00000000000000000000000000000000000BB
:1095B00000000000000000000000000000000000AB
:1095C000000000000000000000000000000000009B
:1095D000000000000000000000000000000000008B
:1095E000000000000000000000000000000000007B
:1095F000000000000000000000000000000000006B
:10960000000000000000000000000000000000005A
:10961000000000000000000000000000000000004A
:10962000000000000000000000000000000000003A
:10963000000000000000000000000000000000002A
:10964000000000000000000000000000000000001A
:10965000000000000000000000000000000000000A
:1096600000000000000000000000000000000000FA
:1096700000000000000000000000000000000000EA
:1096800000000000000000000000000000000000DA
:1096900000000000000000000000000000000000CA
:1096A00000000000000000000000000000000000BA
:1096B00000000000000000000000000000000000AA
:1096C000000000000000000000000000000000009A
:1096D000000000000000000000000000000000008A
:1096E000000000000000000000000000000000007A
:1096F000000000000000000000000000000000006A
:109700000000000000000000000000000000000059
:109710000000000000000000000000000000000049
:109720000000000000000000000000000000000039
:109730000000000000000000000000000000000029
:109740000000000000000000000000000000000019
:109750000000000000000000000000000000000009
:1097600000000000000000000000000000000000F9
:1097700000000000000000000000000000000000E9
:1097800000000000000000000000000000000000D9
:1097900000000000000000000000000000000000C9
:1097A00000000000000000000000000000000000B9
:1097B00000000000000000000000000000000000A9
:1097C0000000000000000000000000000000000099
:1097D0000000000000000000000000000000000089
:1097E0000000000000000000000000000000000079
:1097F0000000000000000000000000000000000069
:109800000000000000000000000000000000000058
:109810000000000000000000000000000000000048
:109820000000000000000000000000000000000038
:109830000000000000000000000000000000000028
:109840000000000000000000000000000000000018
:109850000000000000000000000000000000000008
:1098600000000000000000000000000000000000F8
:1098700000000000000000000000000000000000E8
:1098800000000000000000000000000000000000D8
:1098900000000000000000000000000000000000C8
:1098A00000000000000000000000000000000000B8
:1098B00000000000000000000000000000000000A8
:1098C0000000000000000000000000000000000098
:1098D0000000000000000000000000000000000088
:1098E0000000000000000000000000000000000078
:1098F0000000000000000000000000000000000068
:109900000000000000000000000000000000000057
:109910000000000000000000000000000000000047
:109920000000000000000000000000000000000037
:109930000000000000000000000000000000000027
:109940000000000000000000000000000000000017
:109950000000000000000000000000000000000007
:1099600000000000000000000000000000000000F7
:1099700000000000000000000000000000000000E7
:1099800000000000000000000000000000000000D7
:1099900000000000000000000000000000000000C7
:1099A00000000000000000000000000000000000B7
:1099B00000000000000000000000000000000000A7
:1099C0000000000000000000000000000000000097
:1099D0000000000000000000000000000000000087
:1099E0000000000000000000000000000000000077
:1099F0000000000000000000000000000000000067
:109A00000000000000000000000000000000000056
:109A10000000000000000000000000000000000046
:109A20000000000000000000000000000000000036
:109A30000000000000000000000000000000000026
:109A40000000000000000000000000000000000016
:109A50000000000000000000000000000000000006
:109A600000000000000000000000000000000000F6
:109A700000000000000000000000000000000000E6
:109A800000000000000000000000000000000000D6
:109A900000000000000000000000000000000000C6
:109AA00000000000000000000000000000000000B6
:109AB00000000000000000000000000000000000A6
:109AC0000000000000000000000000000000000096
:109AD0000000000000000000000000000000000086
:109AE0000000000000000000000000000000000076
:109AF0000000000000000000000000000000000066
:109B00000000000000000000000000000000000055
:109B10000000000000000000000000000000000045
:109B20000000000000000000000000000000000035
:109B30000000000000000000000000000000000025
:109B40000000000000000000000000000000000015
:109B50000000000000000000000000000000000005
:109B600000000000000000000000000000000000F5
:109B700000000000000000000000000000000000E5
:109B800000000000000000000000000000000000D5
:109B900000000000000000000000000000000000C5
:109BA00000000000000000000000000000000000B5
:109BB00000000000000000000000000000000000A5
:109BC0000000000000000000000000000000000095
:109BD0000000000000000000000000000000000085
:109BE0000000000000000000000000000000000075
:109BF0000000000000000000000000000000000065
:109C00000000000000000000000000000000000054
:109C10000000000000000000000000000000000044
:109C20000000000000000000000000000000000034
:109C30000000000000000000000000000000000024
:109C40000000000000000000000000000000000014
:109C50000000000000000000000000000000000004
:109C600000000000000000000000000000000000F4
:109C700000000000000000000000000000000000E4
:109C800000000000000000000000000000000000D4
:109C900000000000000000000000000000000000C4
:109CA00000000000000000000000000000000000B4
:109CB00000000000000000000000000000000000A4
:109CC0000000000000000000000000000000000094
:109CD0000000000000000000000000000000000084
:109CE0000000000000000000000000000000000074
:109CF0000000000000000000000000000000000064
:109D00000000000000000000000000000000000053
:109D10000000000000000000000000000000000043
:109D20000000000000000000000000000000000033
:109D30000000000000000000000000000000000023
:109D40000000000000000000000000000000000013
:109D50000000000000000000000000000000000003
:109D600000000000000000000000000000000000F3
:109D700000000000000000000000000000000000E3
:109D800000000000000000000000000000000000D3
:109D900000000000000000000000000000000000C3
:109DA00000000000000000000000000000000000B3
:109DB00000000000000000000000000000000000A3
:109DC0000000000000000000000000000000000093
:109DD0000000000000000000000000000000000083
:109DE0000000000000000000000000000000000073
:109DF0000000000000000000000000000000000063
:109E00000000000000000000000000000000000052
:109E10000000000000000000000000000000000042
:109E20000000000000000000000000000000000032
:109E30000000000000000000000000000000000022
:109E40000000000000000000000000000000000012
:109E50000000000000000000000000000000000002
:109E600000000000000000000000000000000000F2
:109E700000000000000000000000000000000000E2
:109E800000000000000000000000000000000000D2
:109E900000000000000000000000000000000000C2
:109EA00000000000000000000000000000000000B2
:109EB00000000000000000000000000000000000A2
:109EC0000000000000000000000000000000000092
:109ED0000000000000000000000000000000000082
:109EE0000000000000000000000000000000000072
:109EF0000000000000000000000000000000000062
:109F00000000000000000000000000000000000051
:109F10000000000000000000000000000000000041
:109F20000000000000000000000000000000000031
:109F30000000000000000000000000000000000021
:109F40000000000000000000000000000000000011
:109F50000000000000000000000000000000000001
:109F600000000000000000000000000000000000F1
:109F700000000000000000000000000000000000E1
:109F800000000000000000000000000000000000D1
:109F900000000000000000000000000000000000C1
:109FA00000000000000000000000000000000000B1
:109FB00000000000000000000000000000000000A1
:109FC0000000000000000000000000000000000091
:109FD0000000000000000000000000000000000081
:109FE0000000000000000000000000000000000071
:109FF0000000000000000000000000000000000061
:10A000000000000000000000000000000000000050
:10A010000000000000000000000000000000000040
:10A020000000000000000000000000000000000030
:10A030000004000008000000000000000200010011
:10A0400000100000466562004465630041756700CA
:10A050004A756C004A616E004A756E005365700067
:10A060004D617200417072004F6374004E6F760054
:10A070004D61790094A0000800000020000100005C
:10A080002801000894A1000800010020902200008F
:10A090004401000801000000000000000000000072
:10A0A00000000000000000000000000000000000B0
:10A0B000000000000000000001000000100000008F
:10A0C0000000000000127A00E90707030C000007F7
:10A0D0000000000000000000000000000000000080
:10A0E0000000000000000000000000000000000070
:10A0F0000000000000000000000000000000000060
:10A100000000000000000000000000009176000840
:10A11000000000000000000000000000000000003F
:10A12000000000000000000000000000000000002F
:10A13000000000000000000000000000000000001F
:10A14000000000000000000000000000000000000F
:10A1500000000000000000000000000000000000FF
:10A1600000000000000000000000000000000000EF
:10A1700000000000000000000000000000000000DF
:10A18000000000000000000000000000AAAAAAAA27
:04A1900000000000CB
:04000005080000ED02
:00000001FF
